"conference","year","doi","title","citationCount","download6weeks","download12months","downloadAll","keywords","pageNumber","authors"
"CHI","04","http://dx.doi.org/10.1145/985692.985693","Acquiring in situ training data for context-aware ubiquitous computing applications","14 ","2","34","1,880","computing; experience sampling; supervised learning; user interface design","8","81100009538, Stephen S. Intille, Massachusetts Institute of Technology, Cambridge, MA; 81100450985, Ling Bao, Massachusetts Institute of Technology, Cambridge, MA; 81100435014, Emmanuel Munguia Tapia, Massachusetts Institute of Technology, Cambridge, MA; 81100022967, John Rondoni, Massachusetts Institute of Technology, Cambridge, MA; "
"CHI","04","http://dx.doi.org/10.1145/985692.985694","Analysis of combinatorial user effect in international usability tests","18 ","4","43","2,336","binomial model; evaluator effect; human factors; measurement; user effect","8","81100048163, Effie Lai-Chong Law, Eidgenossische Technische Hochschule Zurich, Zurich, Switzerland; 81100608447, Ebba Thora Hvannberg, University of Iceland, Reykjavik, Iceland; "
"CHI","04","http://dx.doi.org/10.1145/985692.985695","Animaatiokone: an installation for creating clay animation","2 ","1","40","906","clay animation; design; input devices and strategies","8","81100307069, Perttu H&#228;m&#228;l&#228;inen, Helsinki University of Technology, HUT, Finland; 81100574122, Mikko Lindholm, University of Art and Design Helsinki, Helsinki, Finland; 81100535232, Ari Nyk&#228;nen, University of Art and Design Helsinki, Helsinki, Finland; 81100619329, Johanna H&#246;ysniemi, University of Tampere, UTA, Finland; "
"CHI","04","http://dx.doi.org/10.1145/985692.985696","Breaking the book: translating the chemistry lab book into a pervasive computing lab environment","20 ","1","32","1,049","design methods; evaluation/methodology; prototyping","8","81311483103, m. c. schraefel, University of Southampton, Southampton, UK; 81100163669, Gareth V. Hughes, University of Southampton, Southampton, UK; 81100012263, Hugo R. Mills, University of Southampton, Southampton, UK; 81452616265, Graham Smith, University of Southampton, Southampton, UK; 81537370456, Terry R. Payne, University of Southampton, Southampton, UK; 81100478323, Jeremy Frey, University of Southampton, Southampton, UK; "
"CHI","04","http://dx.doi.org/10.1145/985692.985697","a CAPpella: programming by demonstration of context-aware applications","65 ","6","75","1,935","context-aware computing; end-user programming; human factors; prototyping; time series analysis","8","81100327371, Anind K. Dey, Intel Research, Berkeley, Berkeley, CA; 81100149748, Raffay Hamid, Georgia Tech, Atlanta, GA; 81548114764, Chris Beckmann, UC-Berkeley, Berkeley, CA; 81100475536, Ian Li, University of Washington, Seattle, WA; 81542414456, Daniel Hsu, UC-Berkeley, Berkeley, CA; "
"CHI","04","http://dx.doi.org/10.1145/985692.985698","<i>Caretta</i>: a system for supporting face-to-face collaboration by integrating personal and shared spaces","44 ","5","70","2,128","artificial, augmented, and virtual realities; design; human factors; interaction styles; personal and shared spaces; sensing board","8","81100344146, Masanori Sugimoto, University of Tokyo, Tokyo, Japan; 81331494616, Kazuhiro Hosoi, University of Tokyo, Tokyo, Japan; 81100071502, Hiromichi Hashizume, National Institute of Informatics, Tokyo, Japan; "
"CHI","04","http://dx.doi.org/10.1145/985692.985699","Categorical imperative <i>NOT</i>: facial affect is perceived <i>continuously</i>","8 ","0","18","751","affect; avatars; evaluation/methodology; facial affect; naturalistic computing; video compression","8","81100092251, Diane J. Schiano, Stanford University, Stanford, CA; 81100368808, Sheryl M. Ehrlich, Adobe Systems, San Jose, CA; 81100130516, Kyle Sheridan; "
"CHI","04","http://dx.doi.org/10.1145/985692.985700","Cluster-based find and replace","1 ","1","16","665","clustering; error prevention; find & replace; human factors; prototyping; user-centered design","8","81100162232, Robert C. Miller, MIT, Cambridge, MA; 81100280945, Alisa M. Marshall, Lockheed Martin Corporation, Burlington, MA; "
"CHI","04","http://dx.doi.org/10.1145/985692.985701","Collision warning design to mitigate driver distraction","11 ","17","102","2,020","collision warning systems; distraction; general; notification systems; smart cars; user acceptance","8","81100429734, John D. Lee, University of Iowa, Iowa City, IA; 81100537816, Joshua D. Hoffman, University of Iowa, Iowa City, IA; 81100592584, Elizabeth Hayes, DaimlerChrysler Research and Technology, Portland, OR; "
"CHI","04","http://dx.doi.org/10.1145/985692.985702","Combining 2D and 3D views for orientation and relative position tasks","10 ","2","39","1,418","2d and 3d visualization; display algorithms; empirical study; experiment; orientation and relative position tasks","8","81100424672, Melanie Tory, Simon Fraser University; 81332516480, Torsten Moller, Simon Fraser University; 81350572592, M. Stella Atkins, Simon Fraser University; 81100325769, Arthur E. Kirkpatrick, Simon Fraser University; "
"CHI","04","http://dx.doi.org/10.1145/985692.985703","A comparison of consecutive and concurrent input text entry techniques for mobile phones","21 ","7","70","915","chording; experimentation; human factors; interaction styles; text input","8","81100606762, Daniel Wigdor, University of Toronto; 81100503904, Ravin Balakrishnan, University of Toronto; "
"CHI","04","http://dx.doi.org/10.1145/985692.985704","A comparison of static, adaptive, and adaptable menus","66 ","13","130","2,632","adaptable interfaces; customization; evaluation/methodology; human factors; interaction techniques; performance","8","81100170743, Leah Findlater, University of British Columbia, Vancouver, B.C., Canada; 81100232506, Joanna McGrenere, University of British Columbia, Vancouver, B.C., Canada; "
"CHI","04","http://dx.doi.org/10.1145/985692.985705","Computational GOMS modeling of a complex team task: lessons learned","7 ","2","30","1,089","design; human factors; theory and methods","8","81100254452, David E. Kieras, University of Michigan, Ann Arbor, MI; 81100500153, Thomas P. Santoro, Naval Submarine Medical Research Laboratory, Groton, CT; "
"CHI","04","http://dx.doi.org/10.1145/985692.985706","Connecting time-oriented data and information to a coherent interactive visualization","23 ","12","152","1,956","design; human factors; medical application: intensive care units; temporal data modeling and abstraction; visualization","8","81100497370, Ragnar Bade, University of Magdeburg, Magdeburg; 81100578137, Stefan Schlechtweg, University of Magdeburg, Magdeburg; 81100255622, Silvia Miksch, Vienna University of Technology, Vienna; "
"CHI","04","http://dx.doi.org/10.1145/985692.985707","""Constant, constant, multi-tasking craziness"": managing multiple working spheres","128 ","37","199","2,609","attention management; human factors; information overload; personal information management","8","81100613506, Victor M. Gonz&#225;lez, University of California, Irvine, Irvine, CA; 81100279599, Gloria Mark, University of California, Irvine, Irvine, CA; "
"CHI","04","http://dx.doi.org/10.1145/985692.985708","A constraint satisfaction approach to predicting skilled interactive cognition","7 ","2","18","707","tools for usability evaluation","8","81100219909, Alonso Vera, NASA Ames Research Center, Moffett Field, CA; 81100489674, Andrew Howes, Cardiff University, Cardiff, UK; 81100329457, Michael McCurdy, NASA Ames Research Center, Moffett Field, CA; 81100350115, Richard L. Lewis, University of Michigan, Ann Arbor, MI; "
"CHI","04","http://dx.doi.org/10.1145/985692.985709","Deception and design: the impact of communication technology on lying behavior","30 ","43","302","3,946","cmc; deception; lying; psychology","6","81100212035, Jeffrey T. Hancock, Cornell University, Ithaca, NY; 81100334243, Jennifer Thom-Santelli, Cornell University, Ithaca, NY; 81100458316, Thompson Ritchie, Cornell University, Ithaca, NY; "
"CHI","04","http://dx.doi.org/10.1145/985692.985710","Design guidelines for learner-centered handheld tools","14 ","10","68","2,860","computer uses in education; handhelds; user interfaces","8","81100570840, Kathleen Luchini, University of Michigan, Ann Arbor, MI; 81100211248, Chris Quintana, University of Michigan, Ann Arbor, MI; 81332528788, Elliot Soloway, University of Michigan, Ann Arbor, MI; "
"CHI","04","http://dx.doi.org/10.1145/985692.985711","Designing a compelling user interface for morphing","0 ","1","24","886","design; human factors; prototyping animation; user interfaces; user studies","7","81100196786, David Vronay, Microsoft Research Asia, Beijing, P. R. China; 81547550356, Shuo Wang, Tsinghua University, Beijing, P. R. China; "
"CHI","04","http://dx.doi.org/10.1145/985692.985712","Designing the whyline: a debugging interface for asking questions about program behavior","84 ","7","144","1,536","alice; debugging aids","8","81100500360, Andrew J. Ko, Carnegie Mellon University, Pittsburgh, PA; 81100013136, Brad A. Myers, Carnegie Mellon University, Pittsburgh, PA; "
"CHI","04","http://dx.doi.org/10.1145/985692.985713","Designing to support awareness: a predictive, composite model","4 ","6","34","1,165","awareness; predictive model","8","81100088014, Rachid Hourizi, University of Bath, Claverton Down, Bath, UK; 81100449440, Peter Johnson, University of Bath, Claverton Down, Bath, UK; "
"CHI","04","http://dx.doi.org/10.1145/985692.985714","DiamondSpin: an extensible toolkit for around-the-table interaction","141 ","15","115","1,962","design; graphical user interfaces","8","81100343583, Chia Shen, Mitsubishi Electric Research Labs, Cambridge, MA; 81100297884, Fr&#233;d&#233;ric D. Vernier, University of Paris, Orsay, France; 81100584798, Clifton Forlines, Mitsubishi Electric Research Labs, Cambridge, MA; 81452607037, Meredith Ringel, Stanford University, Stanford, CA; "
"CHI","04","http://dx.doi.org/10.1145/985692.985715","A diary study of task switching and interruptions","141 ","49","415","4,188","diary study; interruptions; multitasking; task switching","8","81100280834, Mary Czerwinski, Microsoft Research, Redmond, WA; 81100323543, Eric Horvitz, Microsoft Research, Redmond, WA; 81100288565, Susan Wilhite, Microsoft Research, Redmond, WA; "
"CHI","04","http://dx.doi.org/10.1145/985692.985716","Dual ecologies of robot as communication media: thoughts on coordinating orientations and projectability","12 ","3","41","728","computer conferencing, teleconferencing, and videoconferencing; groupware; human-robot interaction","8","81100072975, Hideaki Kuzuoka, University of Tsukuba,, Tsukuba, Ibaraki, Japan; 81100620653, Keiichi Yamazaki, Saitama University, Sakura-ku, Saitama, Japan; 81100620449, Akiko Yamazaki, Future University Hakodate, Hakodate, Hokkaido, Japan; 81100105767, Jun'ichi Kosaka, University of Tsukuba, Tsukuba, Ibaraki, Japan; 81100136743, Yasuko Suga, Saitama University, Sakura-ku, Saitama, Japan; 81100164455, Christian Heath, King's College London, London, UK; "
"CHI","04","http://dx.doi.org/10.1145/985692.985717","Effects of instant messaging on the management of multiple project trajectories","8 ","0","30","1,409","collaborative computing; coordination mechanisms; design; empirical studies; human factors; theory","8","81100583820, Susan R. Fussell, Carnegie Mellon University, Pittsburgh, PA; 81100476487, Sara Kiesler, Carnegie Mellon University, Pittsburgh, PA; 81100057970, Leslie D. Setlock, Carnegie Mellon University, Pittsburgh, PA; 81100126432, Peter Scupelli, Carnegie Mellon University, Pittsburgh, PA; "
"CHI","04","http://dx.doi.org/10.1145/985692.985718","Energy-aware user interfaces: an evaluation of user acceptance","23 ","3","49","1,548","energy saving displays; miscellaneous; power consumption and battery life","8","81100646522, Tim Harter; 81100034167, Sander Vroegindeweij; 81100311217, Erik Geelhoed; 81312482998, Meera Manahan; 81100282144, Parthasarathy Ranganathan; "
"CHI","04","http://dx.doi.org/10.1145/985692.985719","Examining the robustness of sensor-based statistical models of human interruptibility","53 ","6","48","1,205","context-aware computing; managing human attention; situationally appropriate interaction; user/machine systems","8","81100142271, James Fogarty, Carnegie Mellon University, Pittsburgh, PA; 81328488846, Scott E. Hudson, Carnegie Mellon University, Pittsburgh, PA; 81452599499, Jennifer Lai, IBM T.J. Watson Research Center, Hawthorne, NY; "
"CHI","04","http://dx.doi.org/10.1145/985692.985720","Exploring PC-telephone convergence with the enhanced telephony prototype","8 ","3","17","1,290","computer mediated communication; design; graphical user interfaces; synchronous interaction","8","81100025873, JJ Cadiz, Microsoft Real-Time Collaboration, Redmond, WA; 81100299392, Attila Narin, Microsoft Real-Time Collaboration, Redmond, WA; 81100269038, Gavin Jancke, Microsoft Real-Time Collaboration, Redmond, WA; 81452611908, Anoop Gupta, Microsoft Real-Time Collaboration, Redmond, WA; 81100205383, Michael Boyle, University of Calgary, Calgary, Alberta, Canada; "
"CHI","04","http://dx.doi.org/10.1145/985692.985721","The familiar stranger: anxiety, comfort, and play in public places","80 ","40","327","3,765","community; d&#233;tournement; group and organization interfaces; strangers; wearable","8","81100513321, Eric Paulos, Intel Research, Berkeley, CA; 81350578588, Elizabeth Goodman, Intel Research, Berkeley, CA; "
"CHI","04","http://dx.doi.org/10.1145/985692.985722","Fan-out: measuring human control of multiple robots","16 ","3","35","978","fan-out; multiple robots; user interfaces","8","81410595121, Dan R. Olsen, Jr., Brigham Young University, Provo, UT; 81539676956, Stephen Bart Wood, Brigham Young University, Provo, UT; "
"CHI","04","http://dx.doi.org/10.1145/985692.985723","Feeling bumps and holes without a haptic interface: the perception of pseudo-haptic textures","30 ","7","78","1,311","bump and hole; design; evaluation/methodology; haptic i/o; human factors; input devices and strategies; pseudo-haptic; user-centered design","8","81100289712, Anatole L&#233;cuyer, SIAMES Project, INRIA/IRISA; 81100178417, Jean-Marie Burkhardt, University of Paris 5/INRIA; 81100126583, Laurent Etienne, University of Rennes 1/IRISA; "
"CHI","04","http://dx.doi.org/10.1145/985692.985724","Finding meaningful uses for context-aware technologies: the humanistic research strategy","13 ","6","42","2,021","context-awareness; empowerment; human factors; research strategy; user-centered design","8","81100333050, Antti Oulasvirta, Helsinki Institute for Information Technology, Helsinki, Finland; "
"CHI","04","http://dx.doi.org/10.1145/985692.985725","Flat volume control: improving usability by hiding the volume control hierarchy in the user interface","1 ","2","23","830","audio; graphical user interfaces; sound; volume control","8","81100137268, Patrick Baudisch, Microsoft, Redmond, WA; 81100291916, John Pruitt, Microsoft, Redmond, WA; 81538558256, Steve Ball, Microsoft, Redmond, WA; "
"CHI","04","http://dx.doi.org/10.1145/985692.985726","Gummi: a bendable computer","66 ","24","177","2,276","consumer products; flexible electronics; gui; input devices and strategies; interaction styles; screen design","8","81100155716, Carsten Schwesig, Interaction Lab,Sony CSL, Shinagawa-ku, Tokyo, Japan; 81100593278, Ivan Poupyrev, Interaction Lab,Sony CSL, Shinagawa-ku, Tokyo, Japan; 81100500926, Eijiro Mori, Sony Design Center, Shinagawa-ku, Tokyo, Japan; "
"CHI","04","http://dx.doi.org/10.1145/985692.985727","If not now, when?: the effects of interruption at different moments within task execution","67 ","31","172","2,206","affective state; design; experimentation; human factors; measurement; user-centered design","8","81100324367, Piotr D. Adamczyk, University of Illinois at Urbana-Champaign, Champaign, IL; 81100615948, Brian P. Bailey, University of Illinois at Urbana-Champaign, Champaign, IL; "
"CHI","04","http://dx.doi.org/10.1145/985692.985728","IM here: public instant messaging on large, shared displays for workgroup interactions","27 ","3","62","1,052","communications applications; group and organization interfaces; instant messaging; public displays","8","81100080130, Elaine M. Huang, Georgia Institute of Technology, Atlanta, GA; 81100589296, Daniel M. Russell, IBM Almaden Research Center, San Jose, CA; 81100265477, Alison E. Sue, IBM Almaden Research Center, San Jose, CA; "
"CHI","04","http://dx.doi.org/10.1145/985692.985729","Impact of interruption style on end-user debugging","16 ","3","25","693","debugging; end-user software engineering; interactive environments; languages; spreadsheets; validation","8","81100303456, T. J. Robertson, Oregon State University, Corvallis, OR; 81100496311, Shrinu Prabhakararao, Oregon State University, Corvallis, OR; 81100337865, Margaret Burnett, Oregon State University, Corvallis, OR; 81452601376, Curtis Cook, Oregon State University, Corvallis, OR; 81100330147, Joseph R. Ruthruff, Oregon State University, Corvallis, OR; 81100022759, Laura Beckwith, Oregon State University, Corvallis, OR; 81100214428, Amit Phalgune, Oregon State University, Corvallis, OR; "
"CHI","04","http://dx.doi.org/10.1145/985692.985730","Improving speech playback using time-compression and speech recognition","12 ","3","18","905","information retrieval; speech recognition and synthesis; voice i/o","8","81100014051, Sunil Vemuri, MIT Media Lab, Cambridge, MA; 81100370425, Philip DeCamp, MIT Media Lab, Cambridge, MA; 81100458252, Walter Bender, MIT Media Lab, Cambridge, MA; 81100444749, Chris Schmandt, MIT Media Lab, Cambridge, MA; "
"CHI","04","http://dx.doi.org/10.1145/985692.985731","I/O brush: drawing with everyday objects as ink","76 ","13","127","1,946","building blocks; computer and information science education; drawing; explaining; input device; tangible user interface","8","81100335135, Kimiko Ryokai, MIT Media Laboratory, Cambridge, MA; 81100564488, Stefan Marti, MIT Media Laboratory, Cambridge, MA; 81100363076, Hiroshi Ishii, MIT Media Laboratory, Cambridge, MA; "
"CHI","04","http://dx.doi.org/10.1145/985692.985732","Isolating the effects of visual impairment: exploring the effect of AMD on the utility of multimodal feedback","5 ","1","33","966","age-related macular degeneration; design; human factors; multimodal feedback; universal access; visual feedback; visually impaired users","8","81100032079, Julie A. Jacko, Georgia Institute of Technology, Atlanta, GA; 81100469717, Leon Barnard, Georgia Institute of Technology, Atlanta, GA; 81100135399, Thitima Kongnakorn, Georgia Institute of Technology, Atlanta, GA; 81100267268, Kevin P. Moloney, Georgia Institute of Technology, Atlanta, GA; 81100595586, Paula J. Edwards, Georgia Institute of Technology, Atlanta, GA; 81100522263, V. Kathlene Emery, Georgia Institute of Technology, Atlanta, GA; 81100159930, Francois Sainfort, Georgia Institute of Technology, Atlanta, GA; "
"CHI","04","http://dx.doi.org/10.1145/985692.985733","Labeling images with a computer game","407 ","28","330","3,249","design; human factors; knowledge acquisition; online games; world wide web","8","81100069810, Luis von Ahn, Carnegie Mellon University, Pittsburgh, PA; 81100650586, Laura Dabbish, Carnegie Mellon University, Pittsburgh, PA; "
"CHI","04","http://dx.doi.org/10.1145/985692.985734","Manipulating music: multimodal interaction for DJs","22 ","8","67","1,322","audio control; disk jockey; force feedback; manual media manipulation; tangible & physical interfaces; user interfaces","8","81100164979, Timothy Beamish, University of British Columbia; 81100608981, Karon Maclean, University of British Columbia; 81327488395, Sidney Fels, University of British Columbia; "
"CHI","04","http://dx.doi.org/10.1145/985692.985735","Master usability scaling: magnitude estimation and master scaling applied to usability measurement","10 ","6","40","2,265","definition; experimentation; master; scale; usability","8","81540206056, Mick McGee, Oracle Corporation, Redwood Shores, CA; "
"CHI","04","http://dx.doi.org/10.1145/985692.985736","Model-based evaluation of cell phone menu interaction","27 ","2","56","2,129","cognitive modeling; evaluation/methodology; mobile telephones","8","81452610940, Robert St. Amant, North Carolina State University, Raleigh, NC; 81547892656, Thomas E. Horton, North Carolina State University, Raleigh, NC; 81341495549, Frank E. Ritter, The Pennsylvania State University, University Park, PA; "
"CHI","04","http://dx.doi.org/10.1145/985692.985737","Model for non-expert text entry speed on 12-button phone keypads","20 ","2","30","1,355","experimentation; human factors; model; text entry","8","81100311577, Andriy Pavlovych, York University, Toronto, ON, Canada; 81100214718, Wolfgang Stuerzlinger, York University, Toronto, ON, Canada; "
"CHI","04","http://dx.doi.org/10.1145/985692.985738","Mouse and touchscreen selection in the upper and lower visual fields","6 ","3","37","1,351","design; fitts law; human factors; interactive displays; pointing; visual fields","8","81100002187, Barry A. Po, University of British Columbia, Vancouver, B.C., Canada; 81100550016, Brian D. Fisher, University of British Columbia, Vancouver, B.C., Canada; 81100170154, Kellogg S. Booth, University of British Columbia, Vancouver, B.C., Canada; "
"CHI","04","http://dx.doi.org/10.1145/985692.985739","Multiblending: displaying overlapping windows simultaneously without the drawbacks of alpha blending","30 ","7","50","1,084","alpha blending; graphical user interfaces; semitransparency","8","81100137268, Patrick Baudisch, Microsoft Research, Redmond, WA; 81100275704, Carl Gutwin, University of Saskatchewan, Saskatoon, SK, Canada; "
"CHI","04","http://dx.doi.org/10.1145/985692.985740","One-hundred days in an activity-centric collaboration environment based on shared objects","35 ","1","27","1,217","activity-centric collaboration; computer-mediated communication; group and organization interfaces; user study","8","81332517372, Michael J. Muller, IBM Research, Cambridge, MA; 81100543332, Werner Geyer, IBM Research, Cambridge, MA; 81100297942, Beth Brownholtz, IBM Research, Cambridge, MA; 81338491410, Eric Wilcox, IBM Research, Cambridge, MA; 81100086599, David R. Millen, IBM Research, Cambridge, MA; "
"CHI","04","http://dx.doi.org/10.1145/985692.985741","Off-task behavior in the cognitive tutor classroom: when students ""game the system""","64 ","8","98","1,223","experimentation; human factors; miscellaneous; off-task behavior","8","81436593472, Ryan Shaun Baker, Carnegie Mellon University, Pittsburgh, PA; 81100192841, Albert T. Corbett, Carnegie Mellon University, Pittsburgh, PA; 81100484653, Kenneth R. Koedinger, Carnegie Mellon University, Pittsburgh, PA; 81100167916, Angela Z. Wagner, Carnegie Mellon University, Pittsburgh, PA; "
"CHI","04","http://dx.doi.org/10.1145/985692.985742","Orchestrating a mixed reality game 'on the ground'","39 ","6","40","1,100","collaborative computing; ethnography; human factors; orchestration","8","81100143427, Andy Crabtree, University of Nottingham, Nottingham UK; 81100619971, Steve Benford, University of Nottingham, Nottingham UK; 81100347821, Tom Rodden, University of Nottingham, Nottingham UK; 81100557223, Chris Greenhalgh, University of Nottingham, Nottingham UK; 81100138797, Martin Flintham, University of Nottingham, Nottingham UK; 81452600078, Rob Anastasi, University of Nottingham, Nottingham UK; 81100638532, Adam Drozd, University of Nottingham, Nottingham UK; 81100312947, Matt Adams, University College London, London, UK; 81100463317, Ju Row-Farr; 81100616051, Nick Tandavanitj; 81100501447, Anthony Steed; "
"CHI","04","http://dx.doi.org/10.1145/985692.985743","Papier-Mache: toolkit support for tangible input","66 ","12","113","2,031","api design; augmented reality; computer vision; interaction styles; rfid; tangible interfaces; user interfaces","8","81100364989, Scott R. Klemmer, University of California, Berkeley, CA; 81319496410, Jack Li, University of California, Berkeley, CA; 81471640432, James Lin, University of California, Berkeley, CA; 81100103519, James A. Landay, University of Washington, Seattle, WA; "
"CHI","04","http://dx.doi.org/10.1145/985692.985744","The participatory design of a sound and image enhanced daily planner for people with aphasia","45 ","7","58","1,111","assistive technologies for persons with disabilities; cognitive disabilities; evaluation/methodology; graphical user interfaces; human factors; participatory design; universal usability","8","81100235288, Karyn Moffatt, University of British Columbia, Vancouver, BC, Canada; 81100232506, Joanna McGrenere, University of British Columbia, Vancouver, BC, Canada; 81100323196, Barbara Purves, University of British Columbia, Vancouver, BC, Canada; 81339509657, Maria Klawe, Princeton University, Princeton, NJ; "
"CHI","04","http://dx.doi.org/10.1145/985692.985745","The perfect search engine is not enough: a study of orienteering behavior in directed search","138 ","26","236","3,917","context; experimentation; human factors; observational study; search; user interfaces","8","81100167805, Jaime Teevan, Massachusetts Institute of Technology, Cambridge, MA; 81550973056, Christine Alvarado, Massachusetts Institute of Technology, Cambridge, MA; 81100017207, Mark S. Ackerman, University of Michigan, Ann Arbor, MI; 81100337812, David R. Karger, Massachusetts Institute of Technology, Cambridge, MA; "
"CHI","04","http://dx.doi.org/10.1145/985692.985746","Performance of menu-augmented soft keyboards","15 ","1","59","1,201","evaluation/methodology; input devices and strategies; soft keyboard","8","81100311272, Poika Isokoski, University of Tampere, Finland; "
"CHI","04","http://dx.doi.org/10.1145/985692.985747","Persistence matters: making the most of chat in tightly-coupled work","15 ","2","28","969","collaborative computing; computer-mediated communication; design; experimentation; language; persistence; text chat","8","81100246470, Darren Gergle, Carnegie Mellon University, Pittsburgh, PA; 81100086599, David R. Millen, IBM T.J. Watson Research Center, Cambridge, MA; 81328489038, Robert E. Kraut, Carnegie Mellon University, Pittsburgh, PA; 81100583820, Susan R. Fussell, Carnegie Mellon University, Pittsburgh, PA; "
"CHI","04","http://dx.doi.org/10.1145/985692.985748","Physically large displays improve path integration in 3D virtual navigation tasks","21 ","5","52","1,196","3d virtual navigation; field of view; human factors; path integration; physically large display; psychology; user-centered design","8","81100255664, Desney S. Tan, Carnegie Mellon University, Pittsburgh, PA; 81100246470, Darren Gergle, Carnegie Mellon University, Pittsburgh, PA; 81100126432, Peter G. Scupelli, Carnegie Mellon University, Pittsburgh, PA; 81100493478, Randy Pausch, Carnegie Mellon University, Pittsburgh, PA; "
"CHI","04","http://dx.doi.org/10.1145/985692.985749","Pointing at trivariate targets in 3D environments","27 ","12","85","1,120","3d fitts' law; human factors; human information processing; theory and methods","8","81100477897, Tovi Grossman, University of Toronto; 81100503904, Ravin Balakrishnan, University of Toronto; "
"CHI","04","http://dx.doi.org/10.1145/985692.985750","Predictive human performance modeling made easy","58 ","6","92","1,935","cognitive modeling; klm; user/machine systems","8","81100482886, Bonnie E. John, Carnegie Mellon Univ., Pittsburgh, PA; 81100188366, Konstantine Prevas, Carnegie Mellon Univ., Pittsburgh, PA; 81100289294, Dario D. Salvucci, Drexel University, Philadelphia, PA; 81100484653, Ken Koedinger, Carnegie Mellon Univ., Pittsburgh, PA; "
"CHI","04","http://dx.doi.org/10.1145/985692.985751","Presiding over accidents: system direction of human action","8 ","5","27","599","active capture; error; mediation; multimedia systems design; user interfaces","8","81100465553, Jeffrey Heer, University of California, Berkeley; 81423596141, Nathaniel S. Good, University of California, Berkeley; 81100563781, Ana Ramirez, University of California, Berkeley; 81100601574, Marc Davis, University of California, Berkeley; 81100650762, Jennifer Mankoff, University of California, Berkeley; "
"CHI","04","http://dx.doi.org/10.1145/985692.985752","Privacy policies as decision-making tools: an evaluation of online privacy notices","54 ","21","153","2,713","consent; evaluation/methodology; readability; user issues","8","81350577066, Carlos Jensen, The Georgia Institute of Technology, Atlanta, GA; 81100305183, Colin Potts, The Georgia Institute of Technology, Atlanta, GA; "
"CHI","04","http://dx.doi.org/10.1145/985692.985753","Putting the users center stage: role playing and low-fi prototyping enable end users to design mobile systems","30 ","31","169","2,464","design; evaluation/methodology; human factors; participatory design; role playing","8","81100085970, Dag Svanaes, Norwegian University of Science and Technology, Trondheim, Norway; 81100514727, Gry Seland, Norwegian University of Science and Technology, Trondheim, Norway; "
"CHI","04","http://dx.doi.org/10.1145/985692.985754","Pressure widgets","104 ","8","111","1,489","design; human factors; human information processing; interaction styles; pen-based interfaces; pressure widgets","8","81100092787, Gonzalo Ramos, University of Toronto, Toronto, ON, Canada; 81100064270, Matthew Boulos, University of Toronto, Toronto, ON, Canada; 81100503904, Ravin Balakrishnan, University of Toronto, Toronto, ON, Canada; "
"CHI","04","http://dx.doi.org/10.1145/985692.985755","RAW: conveying minimally-mediated impressions of everyday life with an audio-photographic tool","6 ","0","20","541","africa; binaural sound recording; cultural exchange; everyday life; human factors; memory; multicultural studies; storytelling","8","81100106817, Jo&#235;lle Bitton; 81100392019, Stefan Agamanolis; 81100431441, Matthew Karau; "
"CHI","04","http://dx.doi.org/10.1145/985692.985756","Revealing delay in collaborative environments","22 ","0","18","917","collaborative environments; design; groupware; latency; shared workspaces","8","81100275704, Carl Gutwin, University of Saskatchewan, Saskatoon, Canada; 81100619971, Steve Benford, The University of Nottingham, Nottingham, UK; 81100456294, Jeff Dyck, University of Saskatchewan, Saskatoon, Canada; 81100364452, Mike Fraser, The University of Nottingham, Nottingham, UK; 81100223814, Ivan Vaghi, The University of Nottingham, Nottingham, UK; 81100557223, Chris Greenhalgh, The University of Nottingham, Nottingham, UK; "
"CHI","04","http://dx.doi.org/10.1145/985692.985757","Robotic camera control for remote exploration","9 ","0","20","857","design; human factors; miscellaneous; robotics; viewpoint control","7","81100163569, Stephen Hughes, University of Pittsburgh, Pittsburgh, PA; 81100349943, Michael Lewis, University of Pittsburgh, Pittsburgh, PA; "
"CHI","04","http://dx.doi.org/10.1145/985692.985758","Semantic pointing: improving target acquisition with control-display ratio adaptation","106 ","5","90","2,276","control-display ratio; graphical user interface; input devices and strategies; pointing; theory and methods","8","81100594604, Renaud Blanch, Universit&#233; Paris-Sud, Orsay, France; 81100143867, Yves Guiard, CNRS & Universit&#233;&#233; de la M&#233;diterran&#233;e, Marseille, France; 81100644686, Michel Beaudouin-Lafon, Universit&#233; Paris-Sud, Orsay, France; "
"CHI","04","http://dx.doi.org/10.1145/985692.985759","Semantic speech editing","8 ","1","20","566","acoustic representations; speech editing; speech retrieval","8","81100318557, Steve Whittaker, Sheffield University, Sheffield, UK; 81100346993, Brian Amento, AT&T Labs-Research, Florham Park, NJ; "
"CHI","04","http://dx.doi.org/10.1145/985692.985760","Sharp or smooth?: comparing the effects of quantization vs. frame rate for streamed video","33 ","5","58","954","evaluation/methodology; eye tracking; quality of service; video frame rate","8","81100383349, John D. McCarthy, University College London, London, UK; 81100499004, M. Angela Sasse, University College London, London, UK; 81100239551, Dimitrios Miras, University College London, London, UK; "
"CHI","04","http://dx.doi.org/10.1145/985692.985761","Slash(dot) and burn: distributed moderation in a large online conversation space","62 ","13","123","1,279","collaborative filtering; group and organization interfaces; recommender systems","8","81320491642, Cliff Lampe, University of Michigan, Ann Arbor, MI; 81100225915, Paul Resnick, University of Michigan, Ann Arbor, MI; "
"CHI","04","http://dx.doi.org/10.1145/985692.985762","Social and temporal structures in everyday collaboration","38 ","9","117","2,662","awareness; human factors; theory and models","8","81309487122, Danyel Fisher, University of California, Irvine, Irvine, CA; 81100521529, Paul Dourish, University of California, Irvine, Irvine, CA; "
"CHI","04","http://dx.doi.org/10.1145/985692.985763","A social proxy for distributed tasks: design and evaluation of a working prototype","11 ","1","19","874","asynchronous interaction; computer-supported cooperative work; design; process awareness; social proxy; task support; workflow","8","81100235869, Thomas Erickson, IBM T. J. Watson Research Center, Yorktown Heights, NY; 81406595842, Wei Huang, IBM T. J. Watson Research Center, Yorktown Heights, NY and University of Michigan, Ann Arbor, MI; 81100064306, Catalina Danis, IBM T. J. Watson Research Center, Yorktown Heights, NY; 81100457150, Wendy A. Kellogg, IBM T. J. Watson Research Center, Yorktown Heights, NY; "
"CHI","04","http://dx.doi.org/10.1145/985692.985764","A study of digital ink in lecture presentation","41 ","1","38","1,152","classroom presentation; distance learning; evaluation/methodology; interaction styles","8","81371591530, Richard J. Anderson, University of Washington, Seattle, WA; 81100304666, Crystal Hoyer, University of Washington, Seattle, WA; 81100161409, Steven A. Wolfman, University of Washington, Seattle, WA; 81350589236, Ruth Anderson, University of Virginia, Charlottesville, VA; "
"CHI","04","http://dx.doi.org/10.1145/985692.985765","Studying cooperation and conflict between authors with <i>history flow</i> visualizations","176 ","22","187","2,953","collaboration; document; revision history; web-based interaction","8","81100539968, Fernanda B. Vi&#233;gas, MIT Media Lab, Cambridge, MA; 81100331534, Martin Wattenberg, IBM Research, Cambridge, MA; 81100301891, Kushal Dave, IBM Research, Cambridge, MA; "
"CHI","04","http://dx.doi.org/10.1145/985692.985766","""Stuff goes into the computer and doesn't come out"": a cross-tool study of personal information management","84 ","22","207","3,050","design; evaluation/methodology; human factors; personal information management; user study","8","81100655637, Richard Boardman, Imperial College London, London, UK; 81100499004, M. Angela Sasse, University College London, London, UK; "
"CHI","04","http://dx.doi.org/10.1145/985692.985767","A suggestive interface for image guided 3D sketching","37 ","7","70","1,347","algorithms; image based interaction; interaction techniques","8","81100049057, Steve Tsang, University of Toronto, Toronto, ON, Canada; 81100503904, Ravin Balakrishnan, University of Toronto, Toronto, ON, Canada; 81335497253, Karan Singh, University of Toronto, Toronto, ON, Canada; 81100330306, Abhishek Ranjan, University of Toronto, Toronto, ON, Canada; "
"CHI","04","http://dx.doi.org/10.1145/985692.985768","Supporting social presence through lightweight photo sharing on and off the desktop","51 ","10","107","1,928","design; experimentation; mobile devices; social computing","8","81100398596, Scott Counts, Microsoft Research, Redmond, WA; 81100199539, Eric Fellheimer, Massachusetts Institute of Technology, Cambridge, MA; "
"CHI","04","http://dx.doi.org/10.1145/985692.985769","Tapping vs. circling selections on pen-based devices: evidence for different performance-shaping factors","18 ","1","42","1,172","gesture input; input and interaction technologies; interaction techniques; target selection","8","81100643154, Sachi Mizobuchi, Nokia Japan Co., Ltd. and Keio University, Meguro, Tokyo, Japan; 81100007762, Michiaki Yasumura, Keio University, Fujisawa, Kanagawa, Japan; "
"CHI","04","http://dx.doi.org/10.1145/985692.985770","Telemurals: linking remote spaces with social catalysts","23 ","3","32","913","ethnography; mediated spaces; social catalyst; telepresence; video","8","81100150985, Karrie Karahalios, MIT Media Lab, Cambridge, MA; 81100223099, Judith Donath, MIT Media Lab, Cambridge, MA; "
"CHI","04","http://dx.doi.org/10.1145/985692.985771","Telepresence control of the NASA/DARPA robonaut on a mobility platform","3 ","6","52","886","artificial, augmented, and virtual realities; design; hardware/software interfaces; human factors; humanoid robot; interaction styles; telepresence","7","81100451355, S. M. Goza, NASA/Johnson Space Center (JSC), Houston, TX; 81100182322, R. O. Ambrose, NASA/Johnson Space Center (JSC), Houston, TX; 81100653291, M. A. Diftler, Lockheed Martin, Houston, TX; 81100038478, I. M. Spain, Lockheed Martin, Houston, TX; "
"CHI","04","http://dx.doi.org/10.1145/985692.985772","Think different: increasing online community participation using uniqueness and group dissimilarity","46 ","20","177","3,019","computer-supported cooperative work; recommender systems; social psychology","8","81100575572, Pamela J. Ludford, University of Minnesota, Minneapolis, MN; 81100288358, Dan Cosley, University of Minnesota, Minneapolis, MN; 81100071523, Dan Frankowski, University of Minnesota, Minneapolis, MN; 81100276946, Loren Terveen, University of Minnesota, Minneapolis, MN; "
"CHI","04","http://dx.doi.org/10.1145/985692.985773","TNT: a numeric keypad based text input method","23 ","2","40","1,449","design; human factors","8","81100643284, Magnus Ingmarsson, Link&#246;pings universitet, Link&#246;ping, SWEDEN; 81100009412, David Dinka, Link&#246;pings universitet, Link&#246;ping, SWEDEN; 81408591988, Shumin Zhai, IBM Almaden Research Center, San Jose, CA; "
"CHI","04","http://dx.doi.org/10.1145/985692.985774","Topobo: a constructive assembly system with kinetic memory","109 ","10","112","1,259","children; digital manipulative; learning; programming by demonstration; toy; user/machine systems","8","81100381813, Hayes Solos Raffle, MIT Media Lab, Cambridge, MA; 81100008987, Amanda J. Parkes, MIT Media Lab, Cambridge, MA; 81100363076, Hiroshi Ishii, MIT Media Lab, Cambridge, MA; "
"CHI","04","http://dx.doi.org/10.1145/985692.985775","Transcendent communication: location-based guidance for large-scale public spaces","14 ","2","42","1,079","bird's-eye view; design; park; simulated space; transcendent communication","8","81100225472, Hideyuki Nakanishi, Kyoto University, Kyoto, JAPAN; 81325488901, Satoshi Koizumi, JST CREST Digital City Project, Kyoto, JAPAN; 81330492654, Toru Ishida, Kyoto University, Kyoto, JAPAN and JST CREST Digital City Project, Kyoto, JAPAN; 81321492840, Hideaki Ito, Kyoto University, Kyoto, JAPAN; "
"CHI","04","http://dx.doi.org/10.1145/985692.985776","Trust and mistrust of online health sites","37 ","30","210","3,115","computer-mediated communication; credibility; internet; social identity","8","81100236514, Elizabeth Sillence, Northumbria University, Newcastle, UK; 81100277550, Pam Briggs, Northumbria University, Newcastle, UK; 81100206925, Lesley Fishwick, Northumbria University, Newcastle, UK; 81100116577, Peter Harris, Sheffield University, Sheffield, U.K.; "
"CHI","04","http://dx.doi.org/10.1145/985692.985777","Twiddler typing: one-handed chording text entry for mobile phones","38 ","12","88","1,644","chording; keypad input; multi--tap","8","81100493601, Kent Lyons, Georgia Institute of Technology, Atlanta, GA; 81100175439, Thad Starner, Georgia Institute of Technology, Atlanta, GA; 81100050542, Daniel Plaisted, Georgia Institute of Technology, Atlanta, GA; 81100405512, James Fusia, Georgia Institute of Technology, Atlanta, GA; 81100493573, Amanda Lyons, Georgia Institute of Technology, Atlanta, GA; 81100093188, Aaron Drew, Georgia Institute of Technology, Atlanta, GA; 81100489952, E. W. Looney, Georgia Institute of Technology, Atlanta, GA; "
"CHI","04","http://dx.doi.org/10.1145/985692.985778","Ubiquitous computing for firefighters: field studies and prototypes of large displays for incident command","21 ","6","64","1,489","emergency response; firefighter; low-fidelity prototypes; user-centered design","8","81100606322, Xiaodong Jiang, University of California, Berkeley, CA; 81408598366, Jason I. Hong, University of California, Berkeley, CA; 81100499212, Leila A. Takayama, Stanford University, Stanford, CA; 81100103519, James A. Landay, University of Washington, Seattle, WA; "
"CHI","04","http://dx.doi.org/10.1145/985692.985779","Understanding the micronote lifecycle: improving mobile support for informal note taking","21 ","6","52","544","field study; mobile computing; user study","8","81100221474, Min Lin, UMBC, Baltimore, MD; 81100142970, Wayne G. Lutters, UMBC, Baltimore, MD; 81409598196, Tina S. Kim, Rice University, Houston, TX; "
"CHI","04","http://dx.doi.org/10.1145/985692.985780","Unintended effects: varying icon spacing changes users' visual search strategy","8 ","2","39","1,032","benchmarking; theory and methods; visual search","8","81100122064, Sarah P. Everett, Rice University, Houston, TX; 81341488770, Michael D. Byrne, Rice University, Houston, TX; "
"CHI","04","http://dx.doi.org/10.1145/985692.985781","The usability of massively multiplayer online roleplaying games: designing for new users","13 ","7","83","3,527","artificial, augmented, and virtual realities; evaluation/methodology; game usability; massively-multiplayer; online game; rpg","8","81100526368, Steve Cornett, Indiana University, Bloomington, IN; "
"CHI","04","http://dx.doi.org/10.1145/985692.985782","Variation in element and action: supporting simultaneous development of alternative solutions","28 ","1","51","869","design; experimentation; interaction models; parallel exploration","8","81100295906, Michael Terry, Georgia Tech, Atlanta, GA; 81100331104, Elizabeth D. Mynatt, Georgia Tech, Atlanta, GA; 81100497202, Kumiyo Nakakoji, University of Tokyo, Japan; 81410591776, Yasuhiro Yamamoto, University of Tokyo, Japan; "
"CHI","04","http://dx.doi.org/10.1145/985692.985783","Virtual guiding avatar: an effective procedure to reduce simulator sickness in virtual environments","3 ","2","27","909","avatar; prediction; user interfaces","8","81471640432, James J. W. Lin, University of Washington, Seattle, WA; 81100099317, Habib Abi-Rached, University of Washington, Seattle, WA; 81350576893, Michal Lahav, University of Washington, Seattle, WA; "
"CHI","04","http://dx.doi.org/10.1145/985692.985784","WaveLens: a new view onto Internet search results","16 ","1","32","1,238","design; information search and retrieval; user interface","8","81100372905, Tim Paek, Microsoft Research, Redmond, WA; 81100134501, Susan Dumais, Microsoft Research, Redmond, WA; 81100356745, Ron Logan, Microsoft Research, Redmond, WA; "
"CHI","04","http://dx.doi.org/10.1145/985692.985785","What a to-do: studies of task management towards the design of a personal task list manager","65 ","26","148","2,525","design; evaluation/methodology; task management; to-dos","8","81100464780, Victoria Bellotti, Palo Alto Research Center, Palo Alto, CA; 81100457431, Brinda Dalal, Palo Alto Research Center, Palo Alto, CA; 81423596141, Nathaniel Good, University of California, Berkeley, CA; 81544146256, Peter Flynn, Cornell University, Ithaca, NY; 81100435652, Daniel G. Bobrow, Palo Alto Research Center, Palo Alto, CA; 81100116901, Nicolas Ducheneaut, Palo Alto Research Center, Palo Alto, CA; "
