"conference","year","doi","title","citationCount","download6weeks","download12months","downloadAll","keywords","pageNumber","authors"
"CHI","03","http://dx.doi.org/10.1145/642611.642613","Peephole displays: pen interaction on spatially aware handheld computers","104 ","47","222","3,640","3-d drag-and-drop; graphical user interfaces; human factors; information browsers; interaction styles; mobile computing; personal information spaces; prototyping; time management","8","81100560074, Ka-Ping Yee, University of California, Berkeley, CA; "
"CHI","03","http://dx.doi.org/10.1145/642611.642615","The evolution of buildings and implications for the design of ubiquitous domestic environments","41 ","2","86","2,626","design; human factors; theory; ubiquitous computing","8","81100347821, Tom Rodden, The University of Nottingham, Nottingham, UK; 81100619971, Steve Benford, The University of Nottingham, Nottingham, UK; "
"CHI","03","http://dx.doi.org/10.1145/642611.642616","Technology probes: inspiring design for and with families","266 ","53","438","5,387","collaborative computing; design; evaluation/methodology; experimentation; human factors; sociology","8","81100324121, Hilary Hutchinson, HCIL, UMIACS, CS/University of Maryland, College Park, MD; 81100236706, Wendy Mackay, LRI, INRIA Futurs/Universit&#233; de Paris-Sud, Orsay Cedex, France; 81100069016, Bo Westerlund, CID, NADA/Kungl Tekniska H&#246;gskolan, Stockholm, Sweden; 81100083927, Benjamin B. Bederson, HCIL, UMIACS, CS/University of Maryland, College Park, MD; 81100365303, Allison Druin, HCIL, UMIACS, CS/University of Maryland, College Park, MD; 81100041782, Catherine Plaisant, HCIL, UMIACS, CS/University of Maryland, College Park, MD; 81100644686, Michel Beaudouin-Lafon, LRI, INRIA Futurs/Universit&#233; de Paris-Sud, Orsay Cedex, France; 81100322683, St&#233;phane Conversy, LRI, INRIA Futurs/Universit&#233; de Paris-Sud, Orsay Cedex, France; 81100485377, Helen Evans, LRI, INRIA Futurs/Universit&#233; de Paris-Sud, Orsay Cedex, France; 81100463796, Heiko Hansen, LRI, INRIA Futurs/Universit&#233; de Paris-Sud, Orsay Cedex, France; 81100029990, Nicolas Roussel, LRI, INRIA Futurs/Universit&#233; de Paris-Sud, Orsay Cedex, France; 81100382904, Bj&#246;rn Eiderb&#228;ck, CID, NADA/Kungl Tekniska H&#246;gskolan, Stockholm, Sweden; "
"CHI","03","http://dx.doi.org/10.1145/642611.642618","Design and user evaluation of a joystick-operated full-screen magnifier","3 ","0","40","986","design; experimentation; joystick; visually impaired users","8","81100649048, Sri Kurniawan, UMIST, Manchester, United Kingdom; 81100194297, Alasdair King, UMIST, Manchester, United Kingdom; 81405592857, David Gareth Evans, UMIST, Manchester, United Kingdom; 81100360877, Paul Blenkhorn, UMIST, Manchester, United Kingdom; "
"CHI","03","http://dx.doi.org/10.1145/642611.642619","Older adults and visual impairment: what do exposure times and accuracy tell us about performance gains associated with multimodal feedback?","13 ","3","81","1,804","age related macular degeneration; design; human factors; human information processing; multimodality; user-centered design; visually impaired users","8","81100032079, Julie A. Jacko, Georgia Institute of Technology, Atlanta, GA; 81100544081, Ingrid U. Scott, Bascom Palmer Eye Institute, Miami, FL; 81100159930, Francois Sainfort, Georgia Institute of Technology, Atlanta, GA; 81100469717, Leon Barnard, Georgia Institute of Technology, Atlanta, GA; 81100595586, Paula J. Edwards, Georgia Institute of Technology, Atlanta, GA; 81100522263, V. Kathlene Emery, Georgia Institute of Technology, Atlanta, GA; 81100135399, Thitima Kongnakorn, Georgia Institute of Technology, Atlanta, GA; 81100267268, Kevin P. Moloney, Georgia Institute of Technology, Atlanta, GA; 81100168552, Brynley S. Zorich, Georgia Institute of Technology, Atlanta, GA; "
"CHI","03","http://dx.doi.org/10.1145/642611.642620","Multiple haptic targets for motion-impaired computer users","14 ","1","29","394","cursor control; evaluation/methodology; graphical user interfaces; human factors; measurement; performance; user-centered design","8","81100582390, Faustina Hwang, University of Cambridge, Cambridge, UK; 81100330096, Simeon Keates, University of Cambridge, Cambridge, UK; 81100182446, Patrick Langdon, University of Cambridge, Cambridge, UK; 81100051919, P. John Clarkson, University of Cambridge, Cambridge, UK; "
"CHI","03","http://dx.doi.org/10.1145/642611.642622","Semi-public displays for small, co-located groups","60 ","16","97","2,417","asynchronous interaction; bulletin boards; computer-supported cooperative work; experimentation; information visualization; ubiquitous computing","8","81100080130, Elaine M. Huang, Georgia Institute of Technology, Atlanta, GA; 81100331104, Elizabeth D. Mynatt, Georgia Institute of Technology, Atlanta, GA; "
"CHI","03","http://dx.doi.org/10.1145/642611.642623","Designing novel interactional workspaces to support face to face consultations","23 ","2","37","1,410","computer-supported cooperative work; ethnography; experimentation; human factors; synchronous interaction","8","81100347821, Tom Rodden, The University of Nottingham, Nottingham, UK; 81100173923, Yvonne Rogers, University of Sussex, Brighton, UK; 81100441911, John Halloran, University of Sussex, Brighton, UK; 81542123356, Ian Taylor, The University of Nottingham, Nottingham, UK; "
"CHI","03","http://dx.doi.org/10.1145/642611.642624","Social coordination around a situated display appliance","20 ","3","39","962","design; evaluation/methodology; human factors; human information processing; time management","8","81452615958, Kent O'Hara, The Appliance Studio, University Gate, Park Row, Bristol, UK; 81100036324, Mark Perry, Brunel University, Uxbridge, UK; 81536946656, Simon Lewis, The Appliance Studio, University Gate, Park Row, Bristol, UK; "
"CHI","03","http://dx.doi.org/10.1145/642611.642626","Comparative effectiveness of augmented reality in object assembly","30 ","42","168","2,519","augmented reality; evaluation/methodology; human factors","8","81100640678, Arthur Tang, Michigan State Univeristy, East Lansing, MI; 81408594090, Charles Owen, Michigan State Univeristy, East Lansing, MI; 81100082338, Frank Biocca, Michigan State Univeristy, East Lansing, MI; 81100176370, Weimin Mou, Michigan State Univeristy, East Lansing, MI; "
"CHI","03","http://dx.doi.org/10.1145/642611.642627","Information use of service technicians in difficult cases","5 ","0","23","787","design; ethnography; human factors; information filtering; search process; theory; theory and models","8","81100323311, Yutaka Yamauchi, The Anderson School at UCLA, Los Angeles, CA; 81100590648, Jack Whalen, Palo Alto Research Center, Inc., Palo Alto, CA; 81100435652, Daniel G. Bobrow, Palo Alto Research Center, Inc., Palo Alto, CA; "
"CHI","03","http://dx.doi.org/10.1145/642611.642628","Books with voices: paper transcripts as a physical interface to oral histories","37 ","16","87","1,542","audio input/output; graphical user interfaces; input devices and strategies; interactive paper; reading; user-centered design; video retrieval","8","81100364989, Scott R. Klemmer, University of California, Berkeley, CA; 81100495774, Jamey Graham, Ricoh Innovations, Menlo Park, CA; 81410591859, Gregory J. Wolff, Ricoh Innovations, Menlo Park, CA; 81100103519, James A. Landay, University of California, Berkeley, CA; "
"CHI","03","http://dx.doi.org/10.1145/642611.642630","Shorthand writing on stylus keyboard","75 ","19","190","2,193","design; experimentation; human factors; human information processing; mobile; pervasive computing; text-entry","8","81408591988, Shumin Zhai, IBM Research, Almaden Center, San Jose, CA; 81100362804, Per-Ola Kristensson, Link&#246;ping University, Sweden; "
"CHI","03","http://dx.doi.org/10.1145/642611.642631","High precision touch screen interaction","78 ","54","428","5,407","evaluation/methodology; input devices and strategies; performance","8","81385593166, P&#228;r-Anders Albinsson, Swedish Defence Research Agency, Link&#246;ping, Sweden and Link&#246;ping University, Link&#246;ping, Sweden; 81408591988, Shumin Zhai, IBM Almaden Research Center, San Jose, CA and Link&#246;ping University, Link&#246;ping, Sweden; "
"CHI","03","http://dx.doi.org/10.1145/642611.642632","Metrics for text entry research: an evaluation of MSD and KSPC, and a new unified error metric","86 ","5","83","683","user/machine systems","8","81100181833, R. William Soukoreff, York University, Toronto, Ontario, Canada; 81100367406, I. Scott MacKenzie, University of Tampere, Tampere, Finland and York University, Toronto, Ontario, Canada; "
"CHI","03","http://dx.doi.org/10.1145/642611.642634","Shiny happy people building trust?: photos on e-commerce websites and consumer trust","32 ","29","158","3,475","business; evaluation/methodology; human factors; marketing; screen design; trust; web-based services","8","81100305214, Jens Riegelsberger, University College London/UCL, UK; 81100499004, M. Angela Sasse, University College London/UCL, UK; 81100383349, John D. McCarthy, University College London/UCL, UK; "
"CHI","03","http://dx.doi.org/10.1145/642611.642635","Unpacking ""privacy"" for a networked world","236 ","60","380","5,027","access regulation; computer conferencing, teleconferencing, and videoconferencing; data monitoring; privacy; surveillance; time management","8","81100610626, Leysia Palen, University of Colorado, Boulder, CO; 81100521529, Paul Dourish, University of California, Irvine, CA; "
"CHI","03","http://dx.doi.org/10.1145/642611.642636","Usability and privacy: a study of Kazaa P2P file-sharing","44 ","11","100","3,790","evaluation/methodology; peer-to-peer networks","8","81423596141, Nathaniel S. Good, University of California, Berkeley, CA; 81100000912, Aaron Krekelberg, University of Minnesota, MN; "
"CHI","03","http://dx.doi.org/10.1145/642611.642638","Electronic voting system usability issues","21 ","10","101","4,484","direct recording electronic; evaluation/methodology; screen design","8","81100083927, Benjamin B. Bederson, University of Maryland, College Park, MD; 81409593205, Bongshin Lee, University of Maryland, College Park, MD; 81332527335, Robert M. Sherman, University of Maryland, College Park, MD; 81100545016, Paul S. Herrnson, University of Maryland, College Park, MD; 81100338513, Richard G. Niemi, University of Rochester, Rochester, NY; "
"CHI","03","http://dx.doi.org/10.1145/642611.642639","Usability and biometric verification at the ATM interface","25 ","12","92","5,525","atms; iris verification; usability techniques","8","81100191442, Lynne Coventry; 81100647415, Antonella De Angeli; 81100449044, Graham Johnson; "
"CHI","03","http://dx.doi.org/10.1145/642611.642641","Can you see what i hear?: the design and evaluation of a peripheral sound display for the deaf","9 ","8","80","2,276","assistive technologies for persons with disabilities; audio input/output; deaf; evaluation/methodology; human factors; peripheral and ambient and notification displays; sound visualization","8","81100134045, F. Wai-ling Ho-Ching, University of California at Berkeley, Berkeley, CA; 81100650762, Jennifer Mankoff, University of California at Berkeley, Berkeley, CA; 81100103519, James A. Landay, University of California at Berkeley, Berkeley, CA; "
"CHI","03","http://dx.doi.org/10.1145/642611.642642","Heuristic evaluation of ambient displays","130 ","31","314","4,201","ambient displays; evaluation/methodology; heuristic evaluation; user interfaces","8","81100650762, Jennifer Mankoff, UC, Berkeley, Berkeley, CA; 81100327371, Anind K. Dey, Intel Research, Berkeley, CA; 81343495056, Gary Hsieh, UC, Berkeley, Berkeley, CA; 81319495216, Julie Kientz, University of Toledo, Toledo, OH; 81100586721, Scott Lederer, UC, Berkeley, Berkeley, CA; 81100499551, Morgan Ames, UC, Berkeley, Berkeley, CA; "
"CHI","03","http://dx.doi.org/10.1145/642611.642644","Human on-line response to target expansion","42 ","3","55","1,052","design; experimentation; human factors; input devices and strategies; theory and methods","8","81408591988, Shumin Zhai, IBM Almaden Research Center, San Jose, CA; 81100322683, St&#233;phane Conversy, Universit&#233; Paris-Sud, Orsay, France; 81100644686, Michel Beaudouin-Lafon, Universit&#233; Paris-Sud, Orsay, France; 81100143867, Yves Guiard; "
"CHI","03","http://dx.doi.org/10.1145/642611.642645","An interface for creating and manipulating curves using a high degree-of-freedom curve input device","19 ","2","52","981","curve editing; high degree-of-freedom input; methodology and techniques","8","81100477897, Tovi Grossman, University of Toronto, Canada; 81100503904, Ravin Balakrishnan, University of Toronto, Canada; 81335497253, Karan Singh, University of Toronto, Canada; "
"CHI","03","http://dx.doi.org/10.1145/642611.642646","Refining Fitts' law models for bivariate pointing","52 ","5","88","1,505","design; experimentation; human factors; human performance; pointing; theory","8","81100509407, Johnny Accot, IBM Almaden Research Center, San Jose, CA; 81408591988, Shumin Zhai, IBM Almaden Research Center, San Jose, CA; "
"CHI","03","http://dx.doi.org/10.1145/642611.642648","Fisheyes are good for large steering tasks","32 ","2","41","1,147","design; fisheye views; interaction styles; steering law; theory and methods","8","81100275704, Carl Gutwin, University of Saskatchewan, Saskatoon, Saskatchewan, Canada; 81100133304, Amy Skopik, University of Saskatchewan, Saskatoon, Saskatchewan, Canada; "
"CHI","03","http://dx.doi.org/10.1145/642611.642649","Women go with the (optical) flow","28 ","4","44","1,513","artificial, augmented, and virtual realities; gender; human factors; navigation; performance; screen design; user study","7","81100255664, Desney S. Tan, Carnegie Mellon University, Pittsburgh, PA; 81100280834, Mary Czerwinski, Microsoft Research, Redmond, WA; 81452612822, George Robertson, Microsoft Research, Redmond, WA; "
"CHI","03","http://dx.doi.org/10.1145/642611.642650","With similar visual angles, larger displays improve spatial performance","42 ","5","75","1,924","field of view; human factors; large display; presence; screen design; user-centered design","8","81100255664, Desney S. Tan, Carnegie Mellon University, Pittsburgh, PA; 81100246470, Darren Gergle, Carnegie Mellon University, Pittsburgh, PA; 81100126432, Peter Scupelli, Carnegie Mellon University, Pittsburgh, PA; 81100493478, Randy Pausch, Carnegie Mellon University, Pittsburgh, PA; "
"CHI","03","http://dx.doi.org/10.1145/642611.642652","Design-oriented human-computer interaction","73 ","68","761","8,487","design; design-orientation; human factors; prototyping; sketching; software process; theory","8","81100018490, Daniel Fallman, Umea University, Sweden; "
"CHI","03","http://dx.doi.org/10.1145/642611.642653","Ambiguity as a resource for design","223 ","48","368","4,270","ambiguity; human factors; interaction styles; theory and methods","8","81100104022, William W. Gaver, The Royal College of Art, London, UK; 81350578663, Jacob Beaver, The Royal College of Art, London, UK; 81100619971, Steve Benford, University of Nottingham, Nottingham, UK; "
"CHI","03","http://dx.doi.org/10.1145/642611.642654","Sense and sensibility: evaluation and interactive art","45 ","13","201","2,864","affective computing; evaluation; interactive art","8","81341491415, Kristina H&#246;&#246;k, SICS/Swedish Insitute of Computer Science, Kista, Sweden; 81100397464, Phoebe Sengers, Cornell University, Ithaca, NY; 81100100427, Gerd Andersson, SICS/Swedish Insitute of Computer Science, Kista, Sweden; "
"CHI","03","http://dx.doi.org/10.1145/642611.642656","Cognitive strategies and eye movements for searching hierarchical computer displays","29 ","6","66","2,125","cognitive modeling; cognitive strategies; epic; eye movements; graphical user interfaces; human factors; screen design; theory and methods; visual search","8","81100426680, Anthony J. Hornof, University of Oregon, Eugene, OR; 81100229966, Tim Halverson, University of Oregon, Eugene, OR; "
"CHI","03","http://dx.doi.org/10.1145/642611.642657","Predicting human interruptibility with sensors: a Wizard of Oz feasibility study","84 ","15","94","1,959","context-aware computing; learning; sensor-based interfaces; user interfaces","8","81328488846, Scott Hudson, Carnegie Mellon University, Pittsburgh, PA; 81100142271, James Fogarty, Carnegie Mellon University, Pittsburgh, PA; 81100336339, Christopher Atkeson, Carnegie Mellon University, Pittsburgh, PA; 81100367734, Daniel Avrahami, Carnegie Mellon University, Pittsburgh, PA; 81100492013, Jodi Forlizzi, Carnegie Mellon University, Pittsburgh, PA; 81100476487, Sara Kiesler, Carnegie Mellon University, Pittsburgh, PA; 81388599173, Johnny Lee, Carnegie Mellon University, Pittsburgh, PA; 81548022688, Jie Yang, Carnegie Mellon University, Pittsburgh, PA; "
"CHI","03","http://dx.doi.org/10.1145/642611.642658","Simple cognitive modeling in a complex cognitive architecture","23 ","6","53","1,987","act-r; cognitive modeling; evaluation/methodology; human factors; prototyping","8","81100289294, Dario D. Salvucci, Drexel University, Philadelphia, PA; 81536794756, Frank J. Lee, Rensselaer Polytechnic Institute, Troy, NY; "
"CHI","03","http://dx.doi.org/10.1145/642611.642660","Hardware companions?: what online AIBO discussion forums reveal about the human-robotic relationship","35 ","6","60","1,461","artificial, augmented, and virtual realities; companionship; human factors; human values; moral development; online discussion forums; robotic pets; software psychology; value sensitive design","8","81100636215, Batya Friedman, University of Washington/UW, Seattle, WA; 81408592441, Peter H. Kahn, Jr., University of Washington/UW, Seattle, WA; 81100338676, Jennifer Hagman, University of Washington/UW, Seattle, WA; "
"CHI","03","http://dx.doi.org/10.1145/642611.642661","Media inequality in conversation: how people behave differently when interacting with computers and people","21 ","5","48","1,766","assertiveness; computer-mediated communication; design; discourse analysis; human factors; human information processing; interaction design; natural language; psychology; social responses to communication technologies; theory; theory and models; web-based interaction","8","81100537961, Nicole Shechtman, SRI International, Menlo Park, CA and Stanford University, Stanford, CA; 81100479679, Leonard M. Horowitz, Stanford University, Stanford, CA; "
"CHI","03","http://dx.doi.org/10.1145/642611.642662","Designing social presence of social actors in human computer interaction","26 ","15","164","1,918","computers are social actors; evaluation/methodology; human information processing; presence; social presence; user-centered design","8","81100389859, Kwan Min Lee, University of Southern California, Los Angeles, CA; 81100153283, Clifford Nass, Stanford University, Stanford, CA; "
"CHI","03","http://dx.doi.org/10.1145/642611.642664","The challenges of user-centered design and evaluation for infrastructure","27 ","8","66","2,891","design; domain-specific architectures; evaluation/methodology; human factors; user interfaces","8","81100595699, W. Keith Edwards, Palo Alto Research Center, Palo Alto, CA; 81100464780, Victoria Bellotti, Palo Alto Research Center, Palo Alto, CA; 81100327371, Anind K. Dey, Intel Research Lab at Berkeley, Berkeley, CA; 81406594629, Mark W. Newman, Palo Alto Research Center, Palo Alto, CA; "
"CHI","03","http://dx.doi.org/10.1145/642611.642665","Harnessing curiosity to increase correctness in end-user programming","26 ","25","128","1,010","assertions; debugging aids; elicitation methods; forms/3; human factors; interactive environments; surprise-explain-reward strategy; theory and methods","8","81333491829, Aaron Wilson, Oregon State University, Corvallis, OR; 81100337865, Margaret Burnett, Oregon State University, Corvallis, OR; 81100022759, Laura Beckwith, Oregon State University, Corvallis, OR; 81100149095, Orion Granatir, Oregon State University, Corvallis, OR; 81100005466, Ledah Casburn, Oregon State University, Corvallis, OR; 81452601376, Curtis Cook, Oregon State University, Corvallis, OR; 81543670056, Mike Durham, Oregon State University, Corvallis, OR; 81100252594, Gregg Rothermel, Oregon State University, Corvallis, OR; "
"CHI","03","http://dx.doi.org/10.1145/642611.642666","Are informal tools better?: comparing DEMAIS, pencil and paper, and authorware for early multimedia design","38 ","5","63","1,593","design; evaluation/methodology; prototyping; sketching; visual language","8","81100615948, Brian P. Bailey, University of Illinois, Urbana, IL; 81100049091, Joseph A. Konstan, University of Minnesota, Minneapolis, MN; "
"CHI","03","http://dx.doi.org/10.1145/642611.642668","Pocket PiCoMap: a case study in designing and assessing a handheld concept mapping tool for learners","6 ","3","25","2,039","design; human factors","8","81100570840, Kathleen Luchini, University of Michigan/UM, Ann Arbor, MI; 81100211248, Chris Quintana, University of Michigan/UM, Ann Arbor, MI; 81332528788, Elliot Soloway, University of Michigan/UM, Ann Arbor, MI; "
"CHI","03","http://dx.doi.org/10.1145/642611.642669","Navigating in a mobile XHTML application","31 ","5","57","3,288","evaluation/methodology; human information processing; interaction styles; mobile phones; navigation; style guides; wap; xhtml mobile profile","8","81100306087, Anne Kaikkonen, Nokia Research Center, Nokia Group, Finland; 81100443285, Virpi Roto, Nokia Research Center, Nokia Group, Finland; "
"CHI","03","http://dx.doi.org/10.1145/642611.642670","Mobile computing in the retail arena","38 ","5","100","3,425","evaluation/methodology; mobile interfaces; prototyping; situated computing; user interfaces; wireless communication","8","81100281927, Erica Newcomb, Georgia Institute of Technology, Atlanta, GA; 81100415136, Toni Pashley, Georgia Institute of Technology, Atlanta, GA; 81100573160, John Stasko, Georgia Institute of Technology, Atlanta, GA; "
"CHI","03","http://dx.doi.org/10.1145/642611.642672","Taking email to task: the design and evaluation of a task management centered email tool","122 ","16","295","3,802","design; ethnography; evaluation/methodology; human factors; human information processing; time management","8","81100464780, Victoria Bellotti, Palo Alto Research Center, Palo Alto, CA; 81100116901, Nicolas Ducheneaut, Palo Alto Research Center, Palo Alto, CA; 81100328785, Mark Howard, Palo Alto Research Center, Palo Alto, CA; 81452608837, Ian Smith, Palo Alto Research Center, Palo Alto, CA; "
"CHI","03","http://dx.doi.org/10.1145/642611.642673","UMEA: translating interaction histories into project contexts","81 ","18","102","1,896","activity theory; evaluation/methodology; human factors; interaction histories; theory and methods","8","81100567382, Victor Kaptelinin, Ume&#229; University, Ume&#229;, Sweden; "
"CHI","03","http://dx.doi.org/10.1145/642611.642674","Understanding sequence and reply relationships within email conversations: a mixed-model visualization","31 ","10","87","1,812","asynchronous interaction; electronic mail; experimentation; human factors; screen design","8","81100190815, Gina Danielle Venolia, Microsoft Research, Redmond, WA; 81100495977, Carman Neustaedter, University of Calgary, Calgary, Canada; "
"CHI","03","http://dx.doi.org/10.1145/642611.642676","Using pixel rewrites for shape-rich interaction","1 ","2","20","557","algorithms; curve, surface, solid, and object representations; geometric algorithms, languages, and systems; graphical rewrites; interaction techniques; line and curve generation; shape analysis; theory","8","81100649937, George W. Furnas, University of Michigan, Ann Arbor, MI; 81100337837, Yan Qu, University of Michigan, Ann Arbor, MI; "
"CHI","03","http://dx.doi.org/10.1145/642611.642677","The kinedit system: affective messages using dynamic texts","13 ","7","46","1,179","animations; editing tools; human factors; screen design","8","81100492013, Jodi Forlizzi, Carnegie Mellon University, Pittsburgh, PA; 81388599173, Johnny Lee, Carnegie Mellon University, Pittsburgh, PA; 81328488846, Scott Hudson, Carnegie Mellon University, Pittsburgh, PA; "
"CHI","03","http://dx.doi.org/10.1145/642611.642678","Reflowing digital ink annotations","21 ","1","57","1,605","algorithms; annotation system design; design; documents; graphical user interfaces; human factors; human information processing; interactive systems; software psychology; structural","9","81100187010, David Bargeron, Microsoft Research, Redmond, WA; 81100624219, Tomer Moscovich, Microsoft Research, Redmond, WA; "
"CHI","03","http://dx.doi.org/10.1145/642611.642680","Strategy hubs: next-generation domain portals with search procedures","10 ","1","25","987","healthcare; strategy hub","8","81100435759, Suresh K. Bhavnani, University of Michigan, Ann Arbor, MI; 81100522024, Bichakjian K. Christopher, University of Michigan, Ann Arbor, MI; 81336490026, Timothy M. Johnson, University of Michigan, Ann Arbor, MI; 81100060639, Roderick J. Little, University of Michigan, Ann Arbor, MI; 81100174065, Frederick A. Peck, University of Michigan, Ann Arbor, MI; 81336492537, Jennifer L. Schwartz, University of Michigan, Ann Arbor, MI; 81100169387, Victor J. Strecher, University of Michigan, Ann Arbor, MI; "
"CHI","03","http://dx.doi.org/10.1145/642611.642681","Faceted metadata for image search and browsing","263 ","36","316","4,649","design; human factors; image search interfaces; user interfaces","8","81100560074, Ka-Ping Yee, University of California, Berkeley, Berkeley, CA; 81100563089, Kirsten Swearingen, University of California, Berkeley, Berkeley, CA; 81100475948, Kevin Li, University of California, Berkeley, Berkeley, CA; 81100612246, Marti Hearst, University of California, Berkeley, Berkeley, CA; "
"CHI","03","http://dx.doi.org/10.1145/642611.642682","How do people manage their digital photographs?","158 ","20","153","3,942","annotation; content-based image retrieval; digital photography; experimentation; image browsing; personal photography","8","81100347361, Kerry Rodden, University of Cambridge, Cambridge, UK; 81344500170, Kenneth R. Wood, Microsoft Research, Cambridge, UK; "
"CHI","03","http://dx.doi.org/10.1145/642611.642684","Things happening in the brain while humans learn to use new tools","3 ","2","53","1,609","brain science; fmri; internal model; meuroscience; non-invasive neuroimaging; physiology; tools; virtual reality","8","81100273942, Yoshifumi Kitamura, Osaka University, Osaka, Japan; 81100449901, Yoshihisa Yamaguchi, Osaka University, Osaka, Japan; 81100638062, Imamizu Hiroshi, ATR, Kyoto, Japan; 81100339162, Fumio Kishino, Osaka University, Osaka, Japan; 81452610559, Mitsuo Kawato, ATR, Kyoto, Japan; "
"CHI","03","http://dx.doi.org/10.1145/642611.642686","The mad hatter's cocktail party: a social mobile audio space supporting multiple simultaneous conversations","25 ","2","40","1,141","audio space; conversation analysis; experimentation; human factors","8","81100590142, Paul M. Aoki, Palo Alto Research Center, Palo Alto, CA; 81100185743, Matthew Romaine, Stanford University, Stanford, CA; 81343506379, Margaret H. Szymanski, Palo Alto Research Center, Palo Alto, CA; 81343506925, James D. Thornton, Palo Alto Research Center, Palo Alto, CA; 81100531718, Daniel Wilson, Carnegie Mellon University, Pittsburgh, PA; 81100327302, Allison Woodruff, Palo Alto Research Center, Palo Alto, CA; "
"CHI","03","http://dx.doi.org/10.1145/642611.642687","Mobile phones for the next generation: device designs for teenagers","29 ","18","109","4,882","3g; ethnography; graphical user interfaces; mms; multimedia messaging; sociology; theory and methods","8","81100128576, Sara Berg, Ume&#229; University; 81100517358, Alex S. Taylor, University of Surrey; 81452613064, Richard Harper; "
"CHI","03","http://dx.doi.org/10.1145/642611.642688","Wan2tlk?: everyday text messaging","51 ","28","262","6,581","human factors; human information processing","8","81328488487, Rebecca Grinter, Palo Alto Research Center (PARC), Palo Alto, CA; 81332497353, Margery Eldridge; "
"CHI","03","http://dx.doi.org/10.1145/642611.642690","A design tool for camera-based interaction","26 ","5","41","1,426","algorithms; color; human factors; interaction; machine learning; perceptive user interfaces; theory and methods","8","81100158845, Jerry Fails, Brighm Young University/BYU, Provo, UT; 81410595121, Dan Olsen, Brighm Young University/BYU, Provo, UT; "
"CHI","03","http://dx.doi.org/10.1145/642611.642691","Videography for telepresentations","12 ","1","22","746","communications applications; general; office automation","8","81100018204, Yong Rui, Microsoft Research, Redmond, WA; 81452611908, Anoop Gupta, Microsoft Research, Redmond, WA; 81100031531, Jonathan Grudin, Microsoft Research, Redmond, WA; "
"CHI","03","http://dx.doi.org/10.1145/642611.642692","A low-latency lip-synchronized videoconferencing system","4 ","1","23","995","algorithms; design; human factors; lip synchronization; videoconferencing","7","81100109603, Milton Chen, Stanford University, Stanford, CA; "
"CHI","03","http://dx.doi.org/10.1145/642611.642694","Multimodal 'eyes-free' interaction techniques for wearable devices","68 ","25","174","2,395","audio input/output; design; gestural interaction; input devices and strategies","8","81100359199, Stephen Brewster, University of Glasgow, U.K.; 81100261006, Joanna Lumsden, National Research Council of Canada, Fredericton, New Brunswick, Canada; 81100405925, Marek Bell, University of Glasgow, U.K.; 81100012107, Malcolm Hall, University of Glasgow, U.K.; 81100367757, Stuart Tasker, University of Glasgow, U.K.; "
"CHI","03","http://dx.doi.org/10.1145/642611.642695","Halo: a technique for visualizing off-screen objects","122 ","49","238","2,265","design; experimentation; halo; interaction styles; navigation; peripheral awareness indicators; visualization","8","81100137268, Patrick Baudisch, Microsoft Research, Redmond, WA; 81100414889, Ruth Rosenholtz, Palo Alto Research Center, Palo Alto, CA; "
"CHI","03","http://dx.doi.org/10.1145/642611.642697","The bull's-eye: a framework for web application user interface design guidelines","8 ","11","114","5,896","corporate style guides; enterprise style guides; user interface guidelines; web applications","8","81100374752, Betsy Beier, Oracle Corporation, Redwood Shores, CA; 81100253714, Misha W. Vaughan, Oracle Corporation, Redwood Shores, CA; "
"CHI","03","http://dx.doi.org/10.1145/642611.642698","Repairing usability problems identified by the cognitive walkthrough for the web","14 ","6","103","3,741","architectures; design; experimentation; human factors; human information processing; latent semantic analysis; navigation; theory; theory and methods; user issues; verification","8","81100037866, Marilyn Hughes Blackmon, University of Colorado at Boulder, Boulder, CO; 81100005173, Muneo Kitajima, National Institute of Advanced Industrial Science and Technology (AIST), Higashi, Tsukuba, Ibaraki, Japan; 81100564360, Peter G. Polson, University of Colorado at Boulder, Boulder, CO; "
"CHI","03","http://dx.doi.org/10.1145/642611.642699","The bloodhound project: automating discovery of web usability issues using the InfoScent&#960; simulator","40 ","3","33","1,920","algorithms; design; experimentation; information foraging; measurement; performance evaluation; theory and methods; user interfaces; user simulation; web-based interaction","8","81100330316, Ed H. Chi, Palo Alto Research Center, Palo Alto, CA; 81100104467, Adam Rosien, Palo Alto Research Center, Palo Alto, CA; 81100205527, Gesara Supattanasiri, Palo Alto Research Center, Palo Alto, CA; 81100005383, Amanda Williams, Palo Alto Research Center, Palo Alto, CA; 81100506986, Christiaan Royer, Palo Alto Research Center, Palo Alto, CA; 81540376156, Celia Chow, Palo Alto Research Center, Palo Alto, CA; 81100038403, Erica Robles, Palo Alto Research Center, Palo Alto, CA; 81100457431, Brinda Dalal, Palo Alto Research Center, Palo Alto, CA; 81100119126, Julie Chen, Palo Alto Research Center, Palo Alto, CA; 81100572058, Steve Cousins, Palo Alto Research Center, Palo Alto, CA; "
"CHI","03","http://dx.doi.org/10.1145/642611.642701","Effects of head-mounted and scene-oriented video systems on remote collaboration on physical tasks","35 ","10","61","1,152","collaborative computing; design; experimentation; human factors; theory; video-conferencing","8","81100583820, Susan R. Fussell, Carnegie Mellon University, Pittsburgh, PA; 81100057970, Leslie D. Setlock, Carnegie Mellon University, Pittsburgh, PA; 81328489038, Robert E. Kraut, Carnegie Mellon University, Pittsburgh, PA; "
"CHI","03","http://dx.doi.org/10.1145/642611.642702","GAZE-2: conveying eye contact in group video conferencing using eye-controlled camera direction","41 ","6","87","1,824","attentive user interfaces; evaluation/methodology; eye tracking; multiparty video conferencing","8","81100497077, Roel Vertegaal, Queen's University, Kingston, Canada; 81100290429, Ivo Weevers, Queen's University, Kingston, Canada; 81341496878, Changuk Sohn, Queen's University, Kingston, Canada; 81455605565, Chris Cheung, Queen's University, Kingston, Canada; "
"CHI","03","http://dx.doi.org/10.1145/642611.642703","The impact of avatar realism and eye gaze control on perceived quality of communication in a shared immersive virtual environment","54 ","20","166","2,389","animation; artificial, augmented, and virtual realities; behavioral realism; copresence; experimentation; human factors; photo-realism; virtual reality","8","81100051968, Maia Garau, University College London, United Kingdom; 81100615391, Mel Slater, University College London, United Kingdom; 81100355462, Vinoba Vinayagamoorthy, University College London, United Kingdom; 81100506656, Andrea Brogni, University College London, United Kingdom; 81100501447, Anthony Steed, University College London, United Kingdom; 81100499004, M. Angela Sasse, University College London, United Kingdom; "
"CHI","03","http://dx.doi.org/10.1145/642611.642705","iStuff: a physical user interface toolkit for ubiquitous computing environments","67 ","9","86","2,434","asynchronous interaction; auditory feedback; collaborative computing; development tools; haptic i/o; human factors; input and interaction technologies; interaction styles; modules and interfaces; prototyping; synchronous interaction; theory and methods; user interface toolkits; voice; wireless devices","8","81405596165, Rafael Ballagas, Stanford University, Stanford, CA; 81452607037, Meredith Ringel, Stanford University, Stanford, CA; 81100388123, Maureen Stone, Stanford University, Stanford, CA; 81100443423, Jan Borchers; "
"CHI","03","http://dx.doi.org/10.1145/642611.642706","XWand: UI for intelligent spaces","57 ","6","98","1,437","accelerometer; bayesian networks; computer vision; gesture recognition; input devices and strategies; interactive systems; multimodal interfaces; sensing; voice","8","81350567780, Andrew Wilson, Microsoft Research, Redmond, WA; 81339527454, Steven Shafer, Microsoft Research, Redmond, WA; "
"CHI","03","http://dx.doi.org/10.1145/642611.642707","Two worlds apart: bridging the gap between physical and virtual media for distributed design collaboration","18 ","4","71","1,535","collaborative computing; computer-supported cooperative work; distributed awareness; input devices and strategies; remote interaction; tangible user interfaces","8","81100584715, Katherine M. Everitt, University of California, Berkeley, CA; 81100364989, Scott R. Klemmer, University of California, Berkeley, CA; 81452595293, Robert Lee, University of California, Berkeley, CA; 81100103519, James A. Landay, University of California, Berkeley, CA; "
"CHI","03","http://dx.doi.org/10.1145/642611.642709","Exertion interfaces: sports over a distance for social bonding and fun","109 ","25","183","2,374","asynchronous interaction; computer mediated communication; design; exertion interface; funology; human factors; measurement; social bonding; sports; theory; theory and models","8","81100260236, Florian Mueller, Media Lab Europe, Dublin, Ireland and MIT Media Lab, Cambridge, MA; 81100392019, Stefan Agamanolis, Media Lab Europe, Dublin, Ireland; 81100496593, Rosalind Picard, MIT Media Lab, Cambridge, MA; "
"CHI","03","http://dx.doi.org/10.1145/642611.642710","Where on-line meets on the streets: experiences with mobile mixed reality games","86 ","13","110","2,393","artificial, augmented, and virtual realities; user interfaces","8","81100138797, Martin Flintham, University of Nottingham, UK; 81100619971, Steve Benford, University of Nottingham, UK; 81452600078, Rob Anastasi, University of Nottingham, UK; 81100617719, Terry Hemmings, University of Nottingham, UK; 81100143427, Andy Crabtree, University of Nottingham, UK; 81100557223, Chris Greenhalgh, University of Nottingham, UK; 81100616051, Nick Tandavanitj; 81100312947, Matt Adams; 81100463317, Ju Row-Farr; "
"CHI","03","http://dx.doi.org/10.1145/642611.642711","Lessons from the lighthouse: collaboration in a shared mixed reality system","56 ","8","69","1,557","context-awareness; human information processing; mixed reality; user interfaces; www","8","81100013375, Barry Brown, University of Glasgow, Glasgow, UK; 81100028343, Ian MacColl, University of Glasgow, Glasgow, UK; 81100086432, Matthew Chalmers, University of Glasgow, Glasgow, UK; 81100190450, Areti Galani, University of Glasgow, Glasgow, UK; 81100659202, Cliff Randell, University of Bristol, Bristol, UK; 81100501447, Anthony Steed, University College London, London, UK; "
"CHI","03","http://dx.doi.org/10.1145/642611.642713","Is seeing believing?: how recommender system interfaces affect users' opinions","83 ","24","218","2,996","collaborative filtering; design; evaluation/methodology; human factors; information filtering; recommender systems","8","81100288358, Dan Cosley, University of Minnesota, Minnesota, MN; 81451599001, Shyong K. Lam, University of Minnesota, Minnesota, MN; 81100448030, Istvan Albert, University of Minnesota, Minnesota, MN; 81100049091, Joseph A. Konstan, University of Minnesota, Minnesota, MN; 81100096968, John Riedl, University of Minnesota, Minnesota, MN; "
"CHI","03","http://dx.doi.org/10.1145/642611.642714","Recommending collaboration with social networks: a comparative evaluation","48 ","23","160","4,622","collaborative computing; design; evaluation/methodology; expertise locating; information seeking; recommender systems","8","81406596787, David W. McDonald, University of Washington, Seattle, Seattle, WA; "
