"conference","year","doi","title","citationCount","download6weeks","download12months","downloadAll","keywords","pageNumber","authors"
"CHI","00","http://dx.doi.org/10.1145/332040.332042","Unleashed: Web tablet integration into the home","9 ","3","64","978","consumer products; ergonomics; ethnography; human factors; internet appliances; measurement; performance; theory; web-based services","8","81100339399, Anne McClard; 81541769856, Patricia Somers; "
"CHI","00","http://dx.doi.org/10.1145/332040.332044","Predicting text entry speed on mobile phones","103 ","6","123","2,758","algorithms; digraph frequencies; fitts' law; human factors; keypad input; measurement; mobile systems; performance; text entry","8","81100199031, Miika Silfverberg, Nokia Research Center, P.O. Box 407, FIN-00045 Nokia Group, Finland; 81100367406, I. Scott MacKenzie, Dept. of Mathematics & Statistics, York University, Toronto, Ontario, Canada M3J 1P3; 81100008260, Panu Korhonen, Nokia Research Center, P.O. Box 407, FIN-00045 Nokia Group, Finland; "
"CHI","00","http://dx.doi.org/10.1145/332040.332047","Developing a context-aware electronic tourist guide: some issues and experiences","258 ","37","305","4,318","adaptive hypermedia; design; human factors; management; mobile computing; performance; theory; user interfaces","8","81100021295, Keith Cheverst, Distributed Multimedia Research Group, Department of Computing, Lancaster University, Lancaster, LA14YR, U.K.; 81100185417, Nigel Davies, Distributed Multimedia Research Group, Department of Computing, Lancaster University, Lancaster, LA14YR, U.K.; 81100359791, Keith Mitchell, Distributed Multimedia Research Group, Department of Computing, Lancaster University, Lancaster, LA14YR, U.K.; 81100533743, Adrian Friday, Distributed Multimedia Research Group, Department of Computing, Lancaster University, Lancaster, LA14YR, U.K.; 81100255587, Christos Efstratiou, Distributed Multimedia Research Group, Department of Computing, Lancaster University, Lancaster, LA14YR, U.K.; "
"CHI","00","http://dx.doi.org/10.1145/332040.332403","Measuring the allocation of control in a 6 degree-of-freedom docking experiment","21 ","6","54","655","6 degree-of-freedom control; coordination; evaluation methods; human factors; interaction techniques; measurement; motor control; the m-metric; virtual docking task","8","81100026686, Maurice R. Masliah, Ergonomics in Teleoperation and Control (ETC) Lab, Department of Mechanical and Industrial Engineering, University of Toronto, Toronto, Ontario, Canada, M5S 3G8; 81100023721, Paul Milgram, Ergonomics in Teleoperation and Control (ETC) Lab, Department of Mechanical and Industrial Engineering, University of Toronto, Toronto, Ontario, Canada, M5S 3G8; "
"CHI","00","http://dx.doi.org/10.1145/332040.332404","Symmetric bimanual interaction","34 ","9","82","936","design; guiard theory; input; interaction techniques; measurement; symmetric interaction; two-handed input","8","81100503904, Ravin Balakrishnan, Aliaslwavefront, 210 King Street East, Toronto, Ontario, Canada M5A 1J7 and Dept. of Computer Science, University of Toronto, Toronto, Ontario, Canada M5S 3G4; 81100519448, Ken Hinckley, Microsoft Research, One Microsoft Way, Redmond, WA; "
"CHI","00","http://dx.doi.org/10.1145/332040.332405","Two-handed input using a PDA and a mouse","13 ","1","29","1,337","design; human factors; internet; measurement; pebbles; personal digital assistant; smart environments; two-handed input; web-based interaction; windows ce","8","81100013136, Brad A. Myers, Human Computer Interaction Institute, School of Computer Science, Carnegie Mellon University, Pittsburgh, PA; 81547226956, Kin Pou Lie, Human Computer Interaction Institute, School of Computer Science, Carnegie Mellon University, Pittsburgh, PA; 81406600724, Bo-Chieh Yang, Human Computer Interaction Institute, School of Computer Science, Carnegie Mellon University, Pittsburgh, PA; "
"CHI","00","http://dx.doi.org/10.1145/332040.332406","The effects of animated characters on anxiety, task performance, and evaluations of user interfaces","52 ","11","78","2,037","animated characters; animations; experimentation; locus of control; measurement; social agents; theory","8","81100615965, Raoul Rickenberg, Department of Communication, Stanford University, Stanford, CA; 81100228730, Byron Reeves, Department of Communication, Stanford University, Stanford, CA; "
"CHI","00","http://dx.doi.org/10.1145/332040.332407","Helper agent: designing an assistant for human-human interaction in  a virtual meeting space","44 ","2","63","1,168","artificial, augmented, and virtual realities; design; human factors; management; performance; theory; virtual reality","8","81100174911, Katherine Isbister, NTT Open Lab, 2-4 Hikaridai, Seika-cho, Soraku-gun, Kyoto 619-0237, JAPAN; 81100225472, Hideyuki Nakanishi, Department of Social Informatics, Kyoto University, Kyoto 606-8501, JAPAN; 81330492654, Toru Ishida, Department of Social Informatics, Kyoto University, Kyoto 606-8501, JAPAN; 81100153283, Cliff Nass, Communication Department, Stanford University, Stanford, CA; "
"CHI","00","http://dx.doi.org/10.1145/332040.332408","Agents to assist in finding help","28 ","3","30","755","agents; distributed artificial intelligence; help systems; java; languages; matchmaking; performance; training, help, and documentation","8","81332533728, Adriana Vivacqua, Media Laboratory, Massachusetts Institute of Technology, Cambridge, MA; 81100262805, Henry Lieberman, Media Laboratory, Massachusetts Institute of Technology, Cambridge, MA; "
"CHI","00","http://dx.doi.org/10.1145/332040.332409","Lurker demographics: counting the silent","78 ","18","107","1,591","bbs; design; email; human factors; lurker; management; membership; performance; traffic; user/machine systems","8","81100122401, Blair Nonnecke; 81100079159, Jenny Preece; "
"CHI","00","http://dx.doi.org/10.1145/332040.332410","Talking in circles: designing a spatially-grounded audioconferencing environment","15 ","2","22","575","audio; computer conferencing, teleconferencing, and videoconferencing; design; gesture; interaction design; measurement; multicast; performance; social navigation; theory","8","81100093118, Roy Rodenstein, Sociable Media Group, MIT Media Lab, 20 Ames Street, Cambridge, MA; 81100223099, Judith S. Donath, Sociable Media Group, MIT Media Lab, 20 Ames Street, Cambridge, MA; "
"CHI","00","http://dx.doi.org/10.1145/332040.332411","Jotmail: a voicemail interface that enables you to see what was said","18 ","1","19","502","&ldquo;speech as data&rdquo;; asynchronous communication; design; empirical evaluation; languages; measurement; performance; systems; voicemail","8","81100318557, Steve Whittaker, ATT Labs-Research, 180 Park Avenue, Florham Park, NJ; 81416597118, Richard Davis, ATT Labs-Research, 180 Park Avenue, Florham Park, NJ; 81100166665, Julia Hirschberg, ATT Labs-Research, 180 Park Avenue, Florham Park, NJ; 81545752156, Urs Muller; "
"CHI","00","http://dx.doi.org/10.1145/332040.332412","Instructional interventions in computer-based tutoring: differential impact on learning time and accuracy","8 ","0","13","685","animation; design; instructional interface design; languages; management; performance; student modeling","8","81100192841, Albert Corbett, Human Computer Interaction Institute, Carnegie Mellon University, Pittsburgh, PA; 81332532322, Holly Trask; "
"CHI","00","http://dx.doi.org/10.1145/332040.332413","Keystroke level analysis of email message organization","24 ","4","63","1,291","design; electronic mail; evaluation/methodology; management; model; performance; user","8","81100447558, Olle B&#228;lter, Interaction and Presentation Laboratory, Nada, Royal Institute of Technology, SE-100 44 Stockholm, Sweden; "
"CHI","00","http://dx.doi.org/10.1145/332040.332414","Using naming time to evaluate quality predictors for model simplification","7 ","0","10","547","design; human factors; image quality; measurement; modeling and recovery of physical attributes; performance; theory","8","81100375996, Benjamin Watson, Dept. Computing Science, 615 General Services Bldg., University of Alberta, Edmonton, Alberta, Canada T6G 2H1; 81100636382, Alinda Friedman, Dept. Psychology, University of Alberta, Edmonton, Alberta, Canada T6G 2E9; 81100585854, Aaron McGaffey, Dept. Psychology, University of Alberta, Edmonton, Alberta, Canada T6G 2E9; "
"CHI","00","http://dx.doi.org/10.1145/332040.332415","Interactive textbook and interactive Venn diagram: natural and intuitive interfaces on augmented desk system","35 ","3","41","1,200","augmented reality; computer uses in education; computer vision; education; human factors; management; theory","8","81100297951, Hideki Koike, Graduate School of Information Systems, University of Electro-Communications, 1-5-1, Chofugaoka, Chofu, Tokyo 182-8585, Japan; 81100565790, Yoichi Sato, Institute of Industrial Engineering, University of Tokyo, 7-22-1, Roppongi, Minato-ku, Tokyo 106-0032, Japan; 81100604144, Yoshinori Kobayashi, Graduate School of Information Systems, University of Electro-Communications, 1-5-1, Chofugaoka, Chofu, Tokyo 182-8585, Japan; 81100039448, Hiroaki Tobita; 81100604112, Motoki Kobayashi; "
"CHI","00","http://dx.doi.org/10.1145/332040.332416","<italic>curlybot</italic>: designing a new class of computational toys","55 ","11","56","859","children; design; human factors; management; tangible interface; toy; user/machine systems","8","81100597740, Phil Frei, Tangible Media Group, MIT Media Laboratory, 20 Ames Street, Cambridge, MA; 81100108380, Victor Su, Tangible Media Group, MIT Media Laboratory, 20 Ames Street, Cambridge, MA; 81100067398, Bakhtiar Mikhak, Epistemology and Learning Group, MIT Media Laboratory, 20 Ames Street, Cambridge, MA; 81100363076, Hiroshi Ishii, Tangible Media Group, MIT Media Laboratory, 20 Ames Street, Cambridge, MA; "
"CHI","00","http://dx.doi.org/10.1145/332040.332417","HandSCAPE: a vectorizing tape measure for on-site measuring applications","6 ","1","19","210","design; general; input device; measurement; orientation-aware; physical interaction; theory","8","81100430101, Jay Lee, MIT Media Laboratory, Tangible Media Group, 20 Ames Street, E15 {-444, -433, -485}, Cambridge, MA; 81100108380, Victor Su, MIT Media Laboratory, Tangible Media Group, 20 Ames Street, E15 {-444, -433, -485}, Cambridge, MA; 81100597820, Sandia Ren, MIT Media Laboratory, Tangible Media Group, 20 Ames Street, E15 {-444, -433, -485}, Cambridge, MA; 81100363076, Hiroshi Ishii, MIT Media Laboratory, Tangible Media Group, 20 Ames Street, E15 {-444, -433, -485}, Cambridge, MA; "
"CHI","00","http://dx.doi.org/10.1145/332040.332418","Bringing order to the Web: automatically categorizing search results","97 ","13","68","1,071","algorithms; design; human factors; internet; measurement; search; support vector machine; text categrization; user interface; web-based interaction; world wide web","8","81540489656, Hao Chen, School of Information Management & Systems, University of California, Berkeley, CA; 81100134501, Susan Dumais, Microsoft Research, One Microsoft Way, Redmond, WA; "
"CHI","00","http://dx.doi.org/10.1145/332040.332419","Enhancing a digital book with a reading recommender","10 ","2","22","644","3d book; bibliometrics; design; experimentation; information visualization; measurement; publishing; spreading activation; user interfaces","8","81100327302, Allison Woodruff, Xerox Palo Alto Research Center, 3333 Coyote Hill Road, Palo Alto, CA; 81100230446, Rich Gossweiler, Xerox Palo Alto Research Center, 3333 Coyote Hill Road, Palo Alto, CA; 81100299516, James Pitkow, Xerox Palo Alto Research Center, 3333 Coyote Hill Road, Palo Alto, CA; 81100330316, Ed H. Chi, Xerox Palo Alto Research Center, 3333 Coyote Hill Road, Palo Alto, CA; 81406592524, Stuart K. Card, Xerox Palo Alto Research Center, 3333 Coyote Hill Road, Palo Alto, CA; "
"CHI","00","http://dx.doi.org/10.1145/332040.332423","The scent of a site: a system for analyzing and predicting information scent, usage, and usability of a Web site","56 ","12","99","2,824","data mining; design; human factors; information scent; longest repeated subsequences; measurement; theory; usage-based layout; web-based interaction; world wide web","8","81100330316, Ed H. Chi, Xerox Palo Alto Research Center, 3333 Coyote Hill Road, Palo Alto, CA; 81100252735, Peter Pirolli, Xerox Palo Alto Research Center, 3333 Coyote Hill Road, Palo Alto, CA; 81100299516, James Pitkow, Xerox Palo Alto Research Center, 3333 Coyote Hill Road, Palo Alto, CA; "
"CHI","00","http://dx.doi.org/10.1145/332040.332425","Browsing digital video","47 ","3","32","2,021","design; human factors; management; next-generation video playback interfaces; performance; time compression; video browsing","8","81452598310, Francis C. Li, Group for User Interface Research, EECS Dept., University of California, Berkeley, Berkeley, CA; 81452611908, Anoop Gupta, Collaboration and Multimedia Microsoft Research, Redmond, WA; 81100086410, Elizabeth Sanocki, Collaboration and Multimedia Microsoft Research, Redmond, WA; 81451600003, Li-wei He, Collaboration and Multimedia Microsoft Research, Redmond, WA; 81100018204, Yong Rui, Collaboration and Multimedia Microsoft Research, Redmond, WA; "
"CHI","00","http://dx.doi.org/10.1145/332040.332427","Comparing presentation summaries: slides vs. reading vs. listening","11 ","1","20","738","algorithms; digital video library; interaction styles; measurement; performance; video; video browsing; video summarization","8","81451600003, Liwei He, Microsoft Research, One Microsoft Way, Redmond, WA; 81100086410, Elizabeth Sanocki, Microsoft Research, One Microsoft Way, Redmond, WA; 81452611908, Anoop Gupta, Microsoft Research, One Microsoft Way, Redmond, WA; 81100031531, Jonathan Grudin, Microsoft Research, One Microsoft Way, Redmond, WA; "
"CHI","00","http://dx.doi.org/10.1145/332040.332428","An interactive comic book presentation for exploring video","39 ","4","43","989","design; human factors; keyframe extraction; measurement; theory; video browsing","8","81332490678, John Boreczky, FX Palo Alto Laboratory, Inc., 3400 Hillview Avenue, Bldg. 4, Palo Alto, CA; 81100542604, Andreas Girgensohn, FX Palo Alto Laboratory, Inc., 3400 Hillview Avenue, Bldg. 4, Palo Alto, CA; 81100169417, Gene Golovchinsky, FX Palo Alto Laboratory, Inc., 3400 Hillview Avenue, Bldg. 4, Palo Alto, CA; 81100332232, Shingo Uchihashi, FX Palo Alto Laboratory, Inc., 3400 Hillview Avenue, Bldg. 4, Palo Alto, CA; "
"CHI","00","http://dx.doi.org/10.1145/332040.332430","Face to interface: facial affect in (hu)man and machine","16 ","8","46","1,315","affect; cognitive simulation; emotion; face; facial expression of emotion; management; modeling and recovery of physical attributes; performance","8","81100092251, Diane J. Schiano, Interval Research Corporation, 1801 Page Mill Road, Palo Alto, CA; 81100368808, Sheryl M. Ehrlich, Interval Research Corporation, 1801 Page Mill Road, Palo Alto, CA; 81100244773, Krisnawan Rahardja, Interval Research Corporation, 1801 Page Mill Road, Palo Alto, CA; 81100130516, Kyle Sheridan, Interval Research Corporation, 1801 Page Mill Road, Palo Alto, CA; "
"CHI","00","http://dx.doi.org/10.1145/332040.332432","Hedonic and <italic>ergonomic quality aspects determine a software's appeal</italic>","80 ","22","208","2,470","design; hedonic components; joy of use; measurement; performance; software quality assurance; user interfaces","8","81452610717, Mare Hassenzahl, Corporate Technology - User Interface Design, Siemens AG, 81730 Munich, Germany; 81100520446, Axel Platz, Corporate Technology - User Interface Design, Siemens AG, 81730 Munich, Germany; 81545363556, Michael Burmester, Corporate Technology - User Interface Design, Siemens AG, 81730 Munich, Germany; 81332511683, Katrin Lehner, Corporate Technology - User Interface Design, Siemens AG, 81730 Munich, Germany; "
"CHI","00","http://dx.doi.org/10.1145/332040.332433","Alternatives: exploring information appliances through conceptual design proposals","77 ","8","136","1,677","conceptual design; design research; human factors; management; theory; user/machine systems","8","81100104022, Bill Gaver, Royal College of Art, London, Kensington Gore, SW7 2DEU; 81100389770, Heather Martin, Royal College of Art, London, Kensington Gore, SW7 2DEU; "
"CHI","00","http://dx.doi.org/10.1145/332040.332434","An observational study of how objects support engineering design thinking and communication: implications for the design of tangible media","25 ","12","79","1,336","augmented reality; cognitive simulation; design thinking; interaction design; performance; theory","8","81100017862, Margot Brereton, Department of Computer Science and Electrical Engineering, University of Queensland, Brisbane, QLD 4072 Australia; 81100302423, Ben McGarry, Department of Computer Science and Electrical Engineering, University of Queensland, Brisbane, QLD 4072 Australia; "
"CHI","00","http://dx.doi.org/10.1145/332040.332435","Tagged handles: merging discrete and continuous manual control","8 ","5","27","534","container; control theory; design process; force feedback; haptic i/o; management; tagged object; theory; tool","8","81100608981, Karon E. MacLean, Interval Research Corp., 1801 C Page Mill Rd., Palo Alto, CA; 81100023637, Scott S. Snibbe, Interval Research Corp., 1801 C Page Mill Rd., Palo Alto, CA; 81100404612, Golan Levin, MIT Media Lab E15-447, 20 Ames Street, Cambridge, MA; "
"CHI","00","http://dx.doi.org/10.1145/332040.332437","Traversable interfaces between real and virtual worlds","21 ","4","44","796","artificial, augmented, and virtual realities; design; management; performance; tele-presence; virtual environments","8","81100296314, Boriana Koleva, School of Computer Science & Information Technology, The University of Nottingham, Nottingham NG8 1BB, UK; 81100504057, Holger Schn&#228;delbach, School of Computer Science & Information Technology, The University of Nottingham, Nottingham NG8 1BB, UK; 81100619971, Steve Benford, School of Computer Science & Information Technology, The University of Nottingham, Nottingham NG8 1BB, UK; 81100557223, Chris Greenhalgh, School of Computer Science & Information Technology, The University of Nottingham, Nottingham NG8 1BB, UK; "
"CHI","00","http://dx.doi.org/10.1145/332040.332438","Tradeoffs in displaying peripheral information","50 ","6","47","1,171","design; experimentation; management; performance; theory; user interfaces","8","81100034348, Paul P. Maglio, IBM Almaden Research Center, 650 Harry Rd., San Jose, CA; 81100210535, Christopher S. Campbell, IBM Almaden Research Center, 650 Harry Rd., San Jose, CA; "
"CHI","00","http://dx.doi.org/10.1145/332040.332440","The impact of fluid documents on reading and browsing: an observational study","19 ","7","38","703","design; eye tracking; fluid user interfaces; human factors; management; on-line reading; studies of dynamic user interfaces; user interfaces","8","81100351035, Polle T. Zellweger, Xerox PARC, 3333 Coyote Hill Road, Palo Alto, CA; 81100181007, Susan Harkness Regli, Baker Hall 259, Carnegie Mellon University, 5000 Forbes Ave. Pittsburgh, PA and Xerox PARC, 3333 Coyote Hill Road, Palo Alto, CA; 81452617082, Jock D. Mackinlay, Xerox PARC, 3333 Coyote Hill Road, Palo Alto, CA; 81100247192, Bay-Wei Chang, Xerox PARC, 3333 Coyote Hill Road, Palo Alto, CA; "
"CHI","00","http://dx.doi.org/10.1145/332040.332442","Effects of contextual navigation aids on browsing diverse Web systems","13 ","6","31","1,201","browsing; design; hypertext; management; navigation; performance; theory; web-based interaction","8","81100163290, Joonah Park, Human Computer Interaction Lab, Department of Cognitive Science, Yonsei University, Seoul, 120-749, Korea; 81406599725, Jinwoo Kim, Human Computer Interaction Lab, Department of Cognitive Science, Yonsei University, Seoul, 120-749, Korea; "
"CHI","00","http://dx.doi.org/10.1145/332040.332443","Interacting with eye movements in virtual environments","33 ","6","69","1,125","artificial, augmented, and virtual realities; experimentation; eye tracking; interaction styles; management; performance; theory; virtual environments; virtual reality","8","81100091191, Vildan Tanriverdi, Department of Electrical Engineering and Computer Science, Tufts University, Medford, MA; 81100438120, Robert J. K. Jacob, Department of Electrical Engineering and Computer Science, Tufts University, Medford, MA; "
"CHI","00","http://dx.doi.org/10.1145/332040.332444","Intelligent gaze-added interfaces","32 ","5","36","775","cognitive simulation; eye movements; gaze-based interfaces; intelligent interfaces; management; performance; user interfaces","8","81100289294, Dario D. Salvucci, Cambridge Basic Research, Four Cambridge Center, Cambridge, MA; 81363598414, John R. Anderson, Department of Psychology, Carnegie Mellon University, Pittsburgh, PA; "
"CHI","00","http://dx.doi.org/10.1145/332040.332445","Evaluation of eye gaze interaction","91 ","34","223","2,535","algorithms; evaluation/methodology; eye movements; human factors; interaction techniques; measurement; theory","8","81100481248, Linda E. Sibert, Human-Computer Interaction Lab, NCARAI, Naval Research Laboratory, Washington DC; 81100438120, Robert J. K. Jacob, Department of Electrical Engineering & Computer Science, Tufts University, Medford, MA; "
"CHI","00","http://dx.doi.org/10.1145/332040.332446","Enriching buyers' experiences: the SmartClient approach","40 ","1","19","611","client-server architecture; design; electronic commerce; management; performance; user interfaces; visual overview","8","81100553654, Pearl Pu, Ergonomics of Intelligent Systems, ISR/DMT, Swiss Institute of Technology Lausanne, CH-1015 Ecublens EPFL, Switzerland; 81100489464, Boi Faltings, Artificial Intelligence Laboratory, Computer Science Department, Swiss Insitute of Technology Lausanne, CH-1015 Ecublens EPFL, Switzerland; "
"CHI","00","http://dx.doi.org/10.1145/332040.332447","Quality is in  the eye of the beholder: meeting users' requirements for Internet quality of service","54 ","7","70","1,529","design; human factors; internet; measurement; quality of service; theory; web-based interaction","8","81100070782, Anna Bouch, Computer Science Department, University College London, Gower Street, London WC1E 6BT UK; 81100589840, Allan Kuchinsky, Hewlett Packard Labs, 1501 Page Mill Road, Palo Alto, CA; 81100545193, Nina Bhatti, Hewlett Packard Labs, 1501 Page Mill Road, Palo Alto, CA; "
"CHI","00","http://dx.doi.org/10.1145/332040.332448","What makes Internet users visit cyber stores again? key design factors for customer loyalty","24 ","14","135","3,755","customer interface; design; human factors; internet shopping; management; performance; transaction cost; user/machine systems","8","81452605196, Jungwon Lee, Human Computer Interaction Lab, Yonsei University, Seoul, Korea; 81406599725, Jinwoo Kim, Human Computer Interaction Lab, Yonsei University, Seoul, Korea; 81332516742, Jae Yun Moon, Information Systems Department, New York University; "
"CHI","00","http://dx.doi.org/10.1145/332040.332449","Speak out and annoy someone: experience with intelligent kiosks","8 ","2","34","859","applications and expert systems; human factors; languages; management; public kiosk; speech recognition and synthesis; theory; user interfaces","8","81542965256, Andrew D. Christian, Cambridge Research Laboratory, Compaq Computer Corporation, One Kendall Square, Building 700, Cambridge, MA; 81100366117, Brian L. Avery, Cambridge Research Laboratory, Compaq Computer Corporation, One Kendall Square, Building 700, Cambridge, MA; "
"CHI","00","http://dx.doi.org/10.1145/332040.332451","The effect of task conditions on the comprehensibility of synthetic speech","8 ","0","19","609","comprehension; experimentation; languages; measurement; speech recognition and synthesis; text-to-speech; user study","8","81452599499, Jennifer Lai, IBM Corporation/T.J. Watson Research Center, 30 Saw Mill River Road, Hawthorne, New York; 81452615001, David Wood, IBM Corporation/T.J. Watson Research Center, 30 Saw Mill River Road, Hawthorne, New York; 81100041316, Michael Considine, Rice University, 6300 S. Main Street, Houston, Texas; "
"CHI","00","http://dx.doi.org/10.1145/332040.332452","Does computer-generated  speech manifest personality? an experimental test of similarity-attraction","43 ","5","59","1,466","casa; experimentation; languages; measurement; personality; speech recognition and synthesis; tts; user interfaces","8","81100153283, Clifford Nass, Department of Communication, Stanford University, Stanford, CA; 81100389859, Kwan Min Lee, Department of Communication, Stanford University, Stanford, CA; "
"CHI","00","http://dx.doi.org/10.1145/332040.332454","A toolkit for strategic usability: results from workshops, panels, and surveys","51 ","8","83","2,033","corporate planning; hci professionals; installation management; measurement; organizational change; strategic usability; usability","8","81100050235, Stephanie Rosenbaum, Tec-Ed, Inc., P.O. Box 1905, Ann Arbor, MI; 81100560056, Janice Anne Rohn; 81100043688, Judee Humburg; "
"CHI","00","http://dx.doi.org/10.1145/332040.332455","Measuring usability: are effectiveness, efficiency, and satisfaction really correlated?","92 ","33","295","5,708","design; efficiency; experimentation; information retrival; management; performance; theory; usability testing","8","81100265136, Erik Fr&#248;kj&#230;r, Dept. of Computing, University of Copenhagen, Copenhagen &#248;, Denmark; 81100503897, Morten Hertzum, Centre for Human-Machine Interaction, Ris&#248; National Laboratory, Roskilde, Denmark; 81100047223, Kasper Hornb&#230;k, Dept. of Computing, University of Copenhagen, Copenhagen &#248;, Denmark; "
"CHI","00","http://dx.doi.org/10.1145/332040.332456","The streamlined cognitive walkthrough method, working around social constraints encountered in a software development company","29 ","7","128","2,771","cognitive simulation; design; management; performance; usability inspection","7","81311480725, Rick Spencer, Microsoft Corporation, One Microsoft Way, Redmond, WA; "
"CHI","00","http://dx.doi.org/10.1145/332040.332458","Visual similarity of pen gestures","49 ","5","62","1,084","design; human factors; measurement; pen gestures; perception; similarity; theory","8","81540989556, A. Chris Long, Jr., Department of Electrical Engineering and Computer Science, University of California at Berkeley, Berkeley, CA; 81100103519, James A. Landay, Department of Electrical Engineering and Computer Science, University of California at Berkeley, Berkeley, CA; 81452607913, Lawrence A. Rowe, Department of Electrical Engineering and Computer Science, University of California at Berkeley, Berkeley, CA; 81332515377, Joseph Michiels, Department of Electrical Engineering and Computer Science, University of California at Berkeley, Berkeley, CA; "
"CHI","00","http://dx.doi.org/10.1145/332040.332459","Providing integrated toolkit-level support for ambiguity in recognition-based interfaces","47 ","1","33","710","ambiguous input; design; input models; languages; pen-based interfaces; recognition errors; reliability; speech recognition and synthesis; toolkits","8","81100650762, Jennifer Mankoff, College of Computing & GVU Center, Georgia Institute of Technology, Atlanta, GA; 81328488846, Scott E. Hudson, Human-Computer Interaction Institute, Carnegie Mellon University, Pittsburgh, PA; 81100251687, Gregory D. Abowd, College of Computing & GVU Center, Georgia Institute of Technology, Atlanta, GA; "
"CHI","00","http://dx.doi.org/10.1145/332040.332460","Programming and enjoying music with your eyes closed","9 ","0","25","790","design; interactive music system; management; nonvisual interaction; sound and music computing; user evaluation; user/machine systems","8","81100032746, Steffen Pauws, IPO, Center for User-System Interaction, Den Dolech 2, 5600 MB Eindhoven, the Netherlands; 81100175121, Don Bouwhuis, IPO, Center for User-System Interaction, Den Dolech 2, 5600 MB Eindhoven, the Netherlands; 81100262920, Berry Eggen, Philips Research Laboratories Eindhoven, Prof. Holstlaan 4, 5656 AA Eindhoven, the Netherlands; "
"CHI","00","http://dx.doi.org/10.1145/332040.332461","Presenting to local and remote audiences: design and use of the TELEP system","20 ","1","19","477","design; internet; multimedia information systems; streaming media; theory","8","81100269038, Gavin Jancke, Microsoft Research, One Microsoft Way, Redmond, WA; 81100031531, Jonathan Grudin, Microsoft Research, One Microsoft Way, Redmond, WA; 81452611908, Anoop Gupta, Microsoft Research, One Microsoft Way, Redmond, WA; "
"CHI","00","http://dx.doi.org/10.1145/332040.332463","Coming to the wrong decision quickly: why awareness tools must be matched with appropriate tasks","10 ","0","18","813","asynchronous work; computer-mediated communication; distributed work; human factors; measurement; task awareness; user interfaces; workgroups","8","81100328636, Alberto Espinosa, Carnegie Mellon University, Pittsburgh, PA; 81100025872, Jonathan Cadiz, Carnegie Mellon University, Pittsburgh, PA; 81100168185, Luis Rico-Gutierrez, Carnegie Mellon University, Pittsburgh, PA; 81328489038, Robert Kraut, Carnegie Mellon University, Pittsburgh, PA; 81100605830, William Scherlis, Carnegie Mellon University, Pittsburgh, PA; 81100131822, Glenn Lautenbacher, School of Information Science, University of Pittsburgh, Pittsburgh, PA; "
"CHI","00","http://dx.doi.org/10.1145/332040.332464","Gaze communication using semantically consistent spaces","6 ","0","14","475","animation; animations; design; human factors; measurement; theory; video; virtual meeting","8","81410593532, Michael J. Taylor; 81100148729, Simon M. Rowe; "
"CHI","00","http://dx.doi.org/10.1145/332040.332466","Eye-hand co-ordination with force feedback","19 ","3","36","959","3d interfaces; design; force feedback; haptics; interaction techniques; measurement; theory; virtual reality","7","81100144707, Roland Arsenault, Faculty of Computer Science, University of New Brunswick, Fredericton, New Brunswick, Canada E3B 5A3; 81100446762, Colin Ware, Faculty of Computer Science, University of New Brunswick, Fredericton, New Brunswick, Canada E3B 5A3; "
"CHI","00","http://dx.doi.org/10.1145/332040.332467","Putting the feel in &rsquo;look and feel&lsquo;","66 ","5","51","1,069","design; force feedback; haptics; management; multimodal interaction; reliability; user/machine systems","8","81100367387, Ian Oakley, Glasgow Interactive Systems Group, Department of Computing Science, University of Glasgow, Glasgow, G12 8QQ, UK; 81342504125, Marilyn Rose McGee, Glasgow Interactive Systems Group, Department of Computing Science, University of Glasgow, Glasgow, G12 8QQ, UK; 81100359199, Stephen Brewster, Glasgow Interactive Systems Group, Department of Computing Science, University of Glasgow, Glasgow, G12 8QQ, UK; 81341490992, Philip Gray, Glasgow Interactive Systems Group, Department of Computing Science, University of Glasgow, Glasgow, G12 8QQ, UK; "
"CHI","00","http://dx.doi.org/10.1145/332040.332469","Force-feedback improves performance for steering and combined steering-targeting tasks","36 ","4","59","989","algorithms; fitts' law; haptic; index of difficulty; management; mouse; pointing devices; targeting task; user/machine systems","7","81541863856, Jack Tigh Dennerlein, Harvard University, 665 Huntington Ave, Boston, MA; 81406600417, David B. Martin, Harvard University & Dartmouth College, Hanover, NH; 81100070039, Christopher Hasser, Stanford University & Immersion Corporation, 2158 Paragon Drive, San Jose, CA; "
"CHI","00","http://dx.doi.org/10.1145/332040.332470","Power browser: efficient Web browsing for PDAs","108 ","9","53","1,889","browser; http; interaction styles; measurement; pda; portable devices; theory; web-based interaction; wireless","8","81100501214, Orkut Buyukkokten, Digital Libraries Lab (InfoLab), Stanford University, Stanford, CA; 81100308969, Hector Garcia-Molina, Digital Libraries Lab (InfoLab), Stanford University, Stanford, CA; 81100130120, Andreas Paepcke, Digital Libraries Lab (InfoLab), Stanford University, Stanford, CA; 81100454567, Terry Winograd, Digital Libraries Lab (InfoLab), Stanford University, Stanford, CA; "
"CHI","00","http://dx.doi.org/10.1145/332040.332472","A diary study of information capture in working life","32 ","5","75","1,542","appliances; diary study; document use; human factors; management; pdas; portable devices; theory; voice recorders","8","81100013375, Barry A. T. Brown, Appliance Design Group, Hewlett-Packard Labs, Filton Road, Stoke Gifford, Bristol BS34 8QZ, UK; 81100309669, Abigail J. Sellen, Appliance Design Group, Hewlett-Packard Labs, Filton Road, Stoke Gifford, Bristol BS34 8QZ, UK; 81452615958, Kenton P. O'Hara, Appliance Design Group, Hewlett-Packard Labs, Filton Road, Stoke Gifford, Bristol BS34 8QZ, UK; "
"CHI","00","http://dx.doi.org/10.1145/332040.332473","Instrumental interaction: an interaction model for designing post-WIMP user interfaces","123 ","21","247","2,637","design; human factors; interaction model; measurement; post-wimp interfaces; user interfaces; wimp interfaces","8","81100644686, Michel Beaudouin-Lafon, Dept of Computer Science, University of Aarhus, Aabogade 34, DK-8200 Aarhus N - Denmark; "
"CHI","00","http://dx.doi.org/10.1145/332040.332475","Anchored conversations: chatting in the context of a document","48 ","2","36","1,222","asynchronous communication; computer conferencing, teleconferencing, and videoconferencing; cscw; documentation; human factors; management; shared documents; synchronous communication; theory","8","81100143170, Elizabeth F. Churchill, FX Palo Alto Laboratory Inc., 3400 Hillview Avenue, Palo Alto, CA; 81100037894, Jonathan Trevor, FX Palo Alto Laboratory Inc., 3400 Hillview Avenue, Palo Alto, CA; 81100274421, Sara Bly, FX Palo Alto Laboratory Inc., 3400 Hillview Avenue, Palo Alto, CA; 81100407787, Les Nelson, Dept. of Computer Science, University of British Columbia, 20-2366 Main Mall, Vancouver, BC, Canada; 81100275106, Davor Cubranic; "
"CHI","00","http://dx.doi.org/10.1145/332040.332477","The social life of small graphical chat spaces","28 ","0","19","1,696","applications; computer conferencing, teleconferencing, and videoconferencing; design; graphical chat; human factors; log file analysis; measurement; performance; social cyberspace; theory; virtual community","8","81100077378, Marc A. Smith, Microsoft Research, One Microsoft Way, Redmond, WA; 81100243264, Shelly D. Farnham, Microsoft Research, One Microsoft Way, Redmond, WA; 81100090466, Steven M. Drucker, Microsoft Research, One Microsoft Way, Redmond, WA; "
"CHI","00","http://dx.doi.org/10.1145/332040.332478","The effect of communication modality on cooperation in online environments","26 ","10","72","1,701","collaboration; cscw; group and organization interfaces; management; on-line information services; performance; social interfaces; user/machine systems","8","81350577066, Carlos Jensen, College of Computing, Georgia Institute of Technology, Atlanta, GA; 81100243264, Shelly D. Farnham, Microsoft Research, Microsoft Corporation, Redmond, WA; 81100090466, Steven M. Drucker, Microsoft Research, Microsoft Corporation, Redmond, WA; 81100292236, Peter Kollock, Department of Sociology, University of California at Los Angeles, Los Angeles, CA; "
"CHI","00","http://dx.doi.org/10.1145/332040.332479","Using a large projection screen as an alternative to head-mounted displays for virtual environments","27 ","6","47","1,329","artificial, augmented, and virtual realities; cognitive simulation; experiment; field of view; human factors; measurement; performance; reliability; theory; virtual reality","8","81100139520, Emilee Patrick, User Centered Research, Motorola Labs, 1301 E. Algonquin Rd., Schaumburg IL and Human Computer Interaction Institute, Carnegie Mellon University, 5000 Forbes Avenue, Pittsburgh, PA; 81100055327, Dennis Cosgrove, Human Computer Interaction Institute, Carnegie Mellon University, 5000 Forbes Avenue, Pittsburgh, PA; 81100494824, Aleksandra Slavkovic, Human Computer Interaction Institute, Carnegie Mellon University, 5000 Forbes Avenue, Pittsburgh, PA; 81100618309, Jennifer A. Rode, Human Computer Interaction Institute, Carnegie Mellon University, 5000 Forbes Avenue, Pittsburgh, PA; 81414604639, Thom Verratti, Human Computer Interaction Institute, Carnegie Mellon University, 5000 Forbes Avenue, Pittsburgh, PA; 81100530658, Greg Chiselko, Human Computer Interaction Institute, Carnegie Mellon University, 5000 Forbes Avenue, Pittsburgh, PA; "
"CHI","00","http://dx.doi.org/10.1145/332040.332481","Alice: lessons learned from building a 3D system for novices","62 ","5","83","1,482","animation; animations; human factors; management; performance; user interfaces","8","81100102259, Matthew Conway, University of Virginia; 81100524818, Steve Audia, University of Virginia; 81100061772, Tommy Burnette, University of Virginia; 81100055327, Dennis Cosgrove, Carnegie Mellon University; 81100396514, Kevin Christiansen, Carnegie Mellon University; "
"CHI","00","http://dx.doi.org/10.1145/332040.332482","The Task Gallery: a 3D window manager","79 ","8","72","2,088","3d user interfaces; documentation; human factors; measurement; performance; spatial memory; user interfaces; window managers","8","81452612822, George Robertson, Microsoft Research, One Microsoft Way, Redmond, WA; 81100469566, Maarten van Dantzich, Microsoft Research, One Microsoft Way, Redmond, WA; 81100066066, Daniel Robbins, Microsoft Research, One Microsoft Way, Redmond, WA; 81100280834, Mary Czerwinski, Microsoft Research, One Microsoft Way, Redmond, WA; 81100519448, Ken Hinckley, Microsoft Research, One Microsoft Way, Redmond, WA; 81100605041, Kirsten Risden, Microsoft Research, One Microsoft Way, Redmond, WA; 81408594940, David Thiel, Microsoft Research, One Microsoft Way, Redmond, WA; 81100043457, Vadim Gorokhovsky, Microsoft Research, One Microsoft Way, Redmond, WA; "
"CHI","00","http://dx.doi.org/10.1145/332040.332485","A comparison of tools for building GOMS models","10 ","2","44","1,112","design; goms; management; performance; tool support for evaluation; user/machine systems","8","81100125243, Lynn K. Baumeister, HCI Institute, Carnegie Mellon University, Pittsburgh, PA; 81100482886, Bonnie E. John, HCI Institute, Carnegie Mellon University, Pittsburgh, PA; 81341488770, Michael D. Byrne, Department of Psychology, Rice University, Houston, TX; "
"CHI","00","http://dx.doi.org/10.1145/332040.332486","DENIM: finding a tighter fit between tools and practice for Web site design","102 ","16","260","2,568","design; human factors; management; performance; sketching; web design; web-based services","8","81471640432, James Lin, Group for User Interface Research, Computer Science Division, University of California, Berkeley, Berkeley, CA; 81406594629, Mark W. Newman, Group for User Interface Research, Computer Science Division, University of California, Berkeley, Berkeley, CA; 81408598366, Jason I. Hong, Group for User Interface Research, Computer Science Division, University of California, Berkeley, Berkeley, CA; 81100103519, James A. Landay, Group for User Interface Research, Computer Science Division, University of California, Berkeley, Berkeley, CA; "
"CHI","00","http://dx.doi.org/10.1145/332040.332488","Tool support for cooperative object-oriented design: gesture based modelling on an electronic whiteboard","59 ","7","54","1,036","case tools; computer-aided software engineering; design; gesture input; management; object-oriented modeling; theory","8","81100552433, Christian Heide Damm, Department of Computer Science, University of Aarhus, Aabogade 34, 8200 Aarhus N, Denmark; 81450593173, Klaus Marius Hansen, Department of Computer Science, University of Aarhus, Aabogade 34, 8200 Aarhus N, Denmark; 81100624565, Michael Thomsen, Department of Computer Science, University of Aarhus, Aabogade 34, 8200 Aarhus N, Denmark; "
"CHI","00","http://dx.doi.org/10.1145/332040.332491","The cubic mouse: a new device for three-dimensional input","47 ","20","97","1,529","design; input devices and strategies; management; theory; user interface hardware","6","81100162399, Bernd Fr&#246;hlich, GMD/IMK.VE, D-53754 Sankt Augustin, Germany; 81100272360, John Plate, GMD/IMK.VE, D-53754 Sankt Augustin, Germany; "
"CHI","00","http://dx.doi.org/10.1145/332040.332494","The role of contextual haptic and visual constraints on object manipulation in virtual environments","18 ","3","35","714","3d; augmented environment; degrees of freedom; docking; force feedback; graphical user interfaces; haptic information; human performance; measurement; task context; user/machine systems; virtual reality","8","81310501205, Yanqing Wang, School of Kinesiology, Simon Fraser University, Burnaby, BC V5A 1S6, Canada; 81100367227, Christine L. MacKenzie, School of Kinesiology, Simon Fraser University, Burnaby, BC V5A 1S6, Canada; "
"CHI","00","http://dx.doi.org/10.1145/332040.332497","Non-isomorphic 3D rotational techniques","18 ","2","42","946","3d user interfaces; design; human factors; interaction techniques; management; motor control; theory","8","81100593278, Ivan Poupyrev, ATR MIC Research Laboratories, 2-2 Hikaridai, Seika, Soraku-gun, Kyoto 619-02, Japan; 81100490395, Suzanne Weghorst, HIT Lab, University of Washington, Box 352142, Seattle, WA; 81327488395, Sidney Fels, Department of ECE, University of British Columbia, Vancouver, BC Canada, V6T 1Z4; "
"CHI","00","http://dx.doi.org/10.1145/332040.332499","Joking, storytelling, artsharing, expressing affection: a field trial of how children and their social network communicate with digital images in leisure time","61 ","16","94","1,972","children; design; family; human factors; management; performance; prototypes; user interfaces; wireless communication","8","81452609419, Ann M&#228;kel&#228;, Helsinki University of Technology, P.O. Box 5400, 02015 HUT, Finland; 81100287518, Verena Giller, CURE & University of Vienna, Lenaugasse 2/8, A-1080 Vienna, Austria; 81100481664, Manfred Tscheligi, CURE & University of Vienna, Lenaugasse 2/8, A-1080 Vienna, Austria; 81100509383, Reinhard Sefelin, CURE & University of Vienna, Lenaugasse 2/8, A-1080 Vienna, Austria; "
"CHI","00","http://dx.doi.org/10.1145/332040.332502","Designing storytelling technologies to encouraging collaboration between young children","94 ","22","147","2,129","children; computer supported cooperative work; education; groupware; management; single display groupware","8","81100619971, Steve Benford, The University of Nottingham, University Park, Nottingham, UK; 81100083927, Benjamin B. Bederson, The Swedish Institute of Computer Science, SICS, Stockholm, Sweden and The University of Maryland, College Park, MD; 81100294801, Karl-Petter &#197;kesson, The Swedish Institute of Computer Science, SICS, Stockholm, Sweden; 81100371655, Victor Bayon, The University of Nottingham, University Park, Nottingham, UK; 81100365303, Allison Druin, The Royal Institute of Technology, KTH, Stockholm, Sweden and The University of Maryland, College Park, MD; 81100112635, P&#228;r Hansson, The Swedish Institute of Computer Science, SICS, Stockholm, Sweden; 81100553487, Juan Pablo Hourcade, The Swedish Institute of Computer Science, SICS, Stockholm, Sweden and The University of Maryland, College Park, MD; 81100067150, Rob Ingram, The University of Nottingham, University Park, Nottingham, UK; 81100165082, Helen Neale, The University of Nottingham, University Park, Nottingham, UK; 81409593242, Claire O'Malley, The University of Nottingham, University Park, Nottingham, UK; 81100408021, Kristian T. Simsarian, The Swedish Institute of Computer Science, SICS, Stockholm, Sweden; 81100250935, Dana&#235; Stanton, The University of Nottingham, University Park, Nottingham, UK; 81100040488, Yngve Sundblad, The Royal Institute of Technology, KTH, Stockholm, Sweden; 81100638861, Gustav Tax&#233;n, The Royal Institute of Technology, KTH, Stockholm, Sweden; "
"CHI","00","http://dx.doi.org/10.1145/332040.332505","Storytelling with digital photographs","98 ","21","150","2,516","browsing; digital photography; human factors; interaction styles; multimedia organization; theory","8","81100333497, Marko Balabanovi&#263;, Ricoh Silicon Valley, 2882 Sand Hill Road, Suite 115, Menlo Park, CA; 81546680756, Lonny L. Chu, Ricoh Silicon Valley, 2882 Sand Hill Road, Suite 115, Menlo Park, CA; 81410591859, Gregory J. Wolff, Ricoh Silicon Valley, 2882 Sand Hill Road, Suite 115, Menlo Park, CA; "
