"conference","year","doi","title","citationCount","download6weeks","download12months","downloadAll","keywords","pageNumber","authors"
"CHI","06","http://dx.doi.org/10.1145/1124772.1124774","Faster document navigation with space-filling thumbnails","33 ","11","118","1,883","document navigation; thumbnails; zooming","10","81100607754, Andy Cockburn, University of Canterbury, Christchurch, New Zealand; 81100275704, Carl Gutwin, University of Saskatchewan, Saskatoon SK, Canada; 81328487668, Jason Alexander, University of Canterbury, Christchurch, New Zealand; "
"CHI","06","http://dx.doi.org/10.1145/1124772.1124775","An evaluation of pan & zoom and rubber sheet navigation with and without an overview","25 ","10","69","1,256","evaluation; guaranteed visibility; methodology and techniques; overview","10","81100623436, Dmitry Nekrasovski, University of British Columbia, Vancouver, Canada; 81100381832, Adam Bodnar, University of British Columbia, Vancouver, Canada; 81100232506, Joanna McGrenere, University of British Columbia, Vancouver, Canada; 81100301845, Fran&#231;ois Guimbreti&#232;re, University of Maryland, College Park, MD; 81100047885, Tamara Munzner, University of British Columbia, Vancouver, Canada; "
"CHI","06","http://dx.doi.org/10.1145/1124772.1124776","OrthoZoom scroller: 1D multi-scale navigation","33 ","7","68","1,073","interaction technique; multi-scale navigation; scrolling task","10","81311484266, Caroline Appert, Universit&#233; Paris-Sud, Orsay, France; 81100194446, Jean-Daniel Fekete, INRIA Futurs, Orsay, France; "
"CHI","06","http://dx.doi.org/10.1145/1124772.1124778","Time based patterns in mobile-internet surfing","6 ","5","50","926","hypertext/hypermedia; miscellaneous; navigation prediction; wap","4","81310486119, Martin Halvey, University College Dublin; 81408598290, Mark T. Keane, University College Dublin; 81100297638, Barry Smyth, University College Dublin; "
"CHI","06","http://dx.doi.org/10.1145/1124772.1124779","Minimap: a web page visualization method for mobile phones","28 ","14","163","2,008","field study; minimap; narrow layout; usability","10","81100443285, Virpi Roto, Nokia Research Center, Helsinki, Finland; 81311486481, Andrei Popescu, Nokia Research Center, Helsinki, Finland; 81100104930, Antti Koivisto, Nokia Corporation, Boston, MA; 81311483189, Elina Vartiainen, Nokia Research Center, Helsinki, Finland; "
"CHI","06","http://dx.doi.org/10.1145/1124772.1124780","An examination of the effects of a wearable display on informal face-to-face communication","6 ","6","73","1,119","attention; displays; information; user interfaces; wearables","10","81311482456, Gerard McAtamney, Glasgow Caledonian University, Glasgow, UK; 81311486172, Caroline Parker; "
"CHI","06","http://dx.doi.org/10.1145/1124772.1124782","Peekaboom: a game for locating objects in images","111 ","11","113","1,545","computer vision; group and organization interfaces; object recognition; web-based games","10","81100069810, Luis von Ahn, Carnegie Mellon University, Pittsburgh, PA; 81311486203, Ruoran Liu, Carnegie Mellon University, Pittsburgh, PA; 81100159946, Manuel Blum, Carnegie Mellon University, Pittsburgh, PA; "
"CHI","06","http://dx.doi.org/10.1145/1124772.1124783","Representation of interwoven surfaces in 2 1/2 D drawing","2 ","0","22","534","braids; constraint propagation; graphics utilities; layers; surfaces","10","81311481522, Keith Wiley, University of New Mexico, Albuquerque, NM; 81100005753, Lance R. Williams, University of New Mexico, Albuquerque, NM; "
"CHI","06","http://dx.doi.org/10.1145/1124772.1124784","Verbosity: a game for collecting common-sense facts","54 ","4","85","1,030","common-sense reasoning; group and organization interfaces; web-based games","4","81100069810, Luis von Ahn, Carnegie Mellon University, Pittsburgh, PA; 81311481358, Mihir Kedia, Carnegie Mellon University, Pittsburgh, PA; 81100159946, Manuel Blum, Carnegie Mellon University, Pittsburgh, PA; "
"CHI","06","http://dx.doi.org/10.1145/1124772.1124785","Improving accessibility of the web with a computer game","32 ","3","99","1,255","accessibility; group and organization interfaces","4","81100069810, Luis von Ahn, Carnegie Mellon University, Pittsburgh, PA; 81311485910, Shiry Ginosar, Carnegie Mellon University, Pittsburgh, PA; 81311481358, Mihir Kedia, Carnegie Mellon University, Pittsburgh, PA; 81311486203, Ruoran Liu, Carnegie Mellon University, Pittsburgh, PA; 81100159946, Manuel Blum, Carnegie Mellon University, Pittsburgh, PA; "
"CHI","06","http://dx.doi.org/10.1145/1124772.1124787","Evaluating interfaces for privacy policy rule authoring","17 ","2","43","1,180","design process; privacy; public policy issues; user interfaces","10","81410594491, Clare-Marie Karat, IBM T.J. Watson Research Center; 81100505984, John Karat, IBM T.J. Watson Research Center; 81100260307, Carolyn Brodie, IBM T.J. Watson Research Center; 81100140918, Jinjuan Feng, Towson University; "
"CHI","06","http://dx.doi.org/10.1145/1124772.1124788","Putting people in their place: an anonymous and privacy-sensitive approach to collecting sensed data in location-based applications","20 ","13","74","1,167","anonymity; location-based computing; user interfaces","10","81100640633, Karen P. Tang, Carnegie Mellon University, Pittsburgh, PA; 81317495667, Pedram Keyani, Carnegie Mellon University, Pittsburgh, PA; 81100142271, James Fogarty, Carnegie Mellon University, Pittsburgh, PA; 81408598366, Jason I. Hong, Carnegie Mellon University, Pittsburgh, PA; "
"CHI","06","http://dx.doi.org/10.1145/1124772.1124789","Advancing ambiguity","19 ","5","61","955","ambiguity; communications applications; face saving; interpretation","4","81100556191, Kirsten Boehner, Cornell University, Ithaca, NY; 81100212035, Jeffrey T. Hancock, Cornell University, Ithaca, NY; "
"CHI","06","http://dx.doi.org/10.1145/1124772.1124790","Girls, technology and privacy: ""is my mother listening?""","12 ","2","34","1,189","blogs; mobility; privacy","4","81311483392, Wendy March, Intel Research; 81100524289, Constance Fleuriot; "
"CHI","06","http://dx.doi.org/10.1145/1124772.1124792","Dogear: Social bookmarking in the enterprise","103 ","23","125","3,362","folksonomies; social bookmarking; tags","10","81100086599, David R. Millen, IBM Research, Cambridge; 81311482005, Jonathan Feinberg, IBM Research, Cambridge; 81100007626, Bernard Kerr, IBM Research, Cambridge; "
"CHI","06","http://dx.doi.org/10.1145/1124772.1124793","Increasing user decision accuracy using suggestions","13 ","0","32","772","consumer decision support; recommender systems; user interfaces","10","81100553654, Pearl Pu, Human Computer Interaction Group(HCI) - EPFL, Lausanne, Switzerland; 81100262925, Paolo Viappiani, Artificial Intelligence Laboratory (LIA) -EPFL, Lausanne, Switzerland; 81100489464, Boi Faltings, Artificial Intelligence Laboratory (LIA) -EPFL, Lausanne, Switzerland; "
"CHI","06","http://dx.doi.org/10.1145/1124772.1124794","Co-authoring with structured annotations","5 ","2","57","820","collaborative authoring; miscellaneous; usability study","10","81311484293, Qixing Zheng, University of British Columbia, Vancouver, Canada; 81100170154, Kellogg Booth, University of British Columbia, Vancouver, Canada; 81100232506, Joanna McGrenere, University of British Columbia, Vancouver, Canada; "
"CHI","06","http://dx.doi.org/10.1145/1124772.1124796","""LINC-ing"" the family: the participatory design of an inkable family calendar","30 ","6","74","1,083","awareness; coordination; group and organization interfaces","10","81100495977, Carman Neustaedter, University of Calgary, Calgary, AB, Canada; 81332491415, A. J. Bernheim Brush, Microsoft Research, Redmond, WA; "
"CHI","06","http://dx.doi.org/10.1145/1124772.1124797","Participatory design with proxies: developing a desktop-PDA system to support people with aphasia","28 ","7","56","907","aphasia; multi-modal interfaces; social issues","10","81436600158, Jordan L. Boyd-Graber, Princeton University, Princeton, NJ; 81311482252, Sonya S. Nikolova, Princeton University, Princeton, NJ; 81100235288, Karyn A. Moffatt, University of British Columbia, Vancouver, BC, Canada; 81540720356, Kenrick C. Kin, Princeton University, Princeton, NJ; 81311485220, Joshua Y. Lee, Princeton University, Princeton, NJ; 81331498860, Lester W. Mackey, Princeton University, Princeton, NJ; 81100180541, Marilyn M. Tremaine, Rutgers University, Piscataway, NJ; 81339509657, Maria M. Klawe, Princeton University, Princeton, NJ; "
"CHI","06","http://dx.doi.org/10.1145/1124772.1124798","Participatory design in emergency medical service: designing for future practice","14 ","5","62","1,364","emergency response; group and organization interfaces; medical response; multimedia information systems; technology design; victim as boundary object","10","81311483791, Margit Kristensen, University of Aarhus, Aarhus, Denmark; 81100435567, Morten Kyng, University of Aarhus, Aarhus, Denmark; 81100610626, Leysia Palen, University of Aarhus, Aarhus, Denmark and University of Colorado, Boulder, CO; "
"CHI","06","http://dx.doi.org/10.1145/1124772.1124800","A role for haptics in mobile interaction: initial design using a handheld tactile display prototype","65 ","30","288","3,066","design process; handheld interaction; lateral skin stretch; multimodal; user interfaces","10","81430646439, Joseph Luk, University of British Columbia, Vancouver, Canada; 81100040803, Jerome Pasquero, McGill University, Montreal, Canada; 81311480799, Shannon Little, University of British Columbia, Vancouver, Canada; 81100608981, Karon MacLean, University of British Columbia, Vancouver, Canada; 81100206465, Vincent Levesque, McGill University, Montreal, Canada; 81100323998, Vincent Hayward, McGill University, Montreal, Canada; "
"CHI","06","http://dx.doi.org/10.1145/1124772.1124801","The springboard: multiple modes in one spring-loaded control","16 ","4","44","875","command selection; marking menus; pen; tablet","10","81100519448, Ken Hinckley, Microsoft Research, Redmond, WA; 81100301845, Francois Guimbretiere, University of Maryland, College Park, MD; 81100137268, Patrick Baudisch, Microsoft Research, Redmond, WA; 81100396865, Raman Sarin, Microsoft Research, Redmond, WA; 81100346089, Maneesh Agrawala, Microsoft Research, Redmond, WA; 81100506242, Ed Cutrell, Microsoft Research, Redmond, WA; "
"CHI","06","http://dx.doi.org/10.1145/1124772.1124802","The GlobeFish and the GlobeMouse: two new six degree of freedom input devices for graphics applications","13 ","7","62","1,078","human factors; interaction techniques; user interfaces","9","81100162399, Bernd Froehlich; 81311483888, Jan Hochstrate; 81311480937, Verena Skuk; 81100120122, Anke Huckauf; "
"CHI","06","http://dx.doi.org/10.1145/1124772.1124804","Making action visible in time-critical work","24 ","3","41","1,056","collaborative work; ethnography; miscellaneous","10","81311484289, Jonas Landgren, Viktoria Institute, G&#246;teborg, Sweden; "
"CHI","06","http://dx.doi.org/10.1145/1124772.1124805","Support for activity-based computing in a personal computing operating system","37 ","13","86","1,450","abc; task management; user evaluation","10","81100082111, Jakob Bardram, University of Aarhus, Aarhus, Denmark; 81100133789, Jonathan Bunde-Pedersen, University of Aarhus, Aarhus, Denmark; 81311481364, Mads Soegaard, University of Aarhus, Aarhus, Denmark; "
"CHI","06","http://dx.doi.org/10.1145/1124772.1124806","Share and share alike: exploring the user interface affordances of file sharing","31 ","8","75","1,216","computer-supported cooperative work; group and organization interfaces; sharing; user interface design","10","81100147302, Stephen Voida, Georgia Institute of Technology, Atlanta, GA; 81100595699, W. Keith Edwards, Georgia Institute of Technology, Atlanta, GA; 81406594629, Mark W. Newman, Palo Alto Research Center, Palo Alto, CA; 81328488487, Rebecca E. Grinter, Georgia Institute of Technology, Atlanta, GA; 81100116901, Nicolas Ducheneaut, Palo Alto Research Center, Palo Alto, CA; "
"CHI","06","http://dx.doi.org/10.1145/1124772.1124808","Tinkering and gender in end-user programmers' debugging","27 ","2","54","813","debugging; end-user software engineering; self-efficacy; testing and debugging; user interfaces","10","81100022759, Laura Beckwith, Oregon State University, Corvallis, OR; 81100519842, Cory Kissinger, Oregon State University, Corvallis, OR; 81100337865, Margaret Burnett, Oregon State University, Corvallis, OR; 81100387125, Susan Wiedenbeck, Drexel University, Philadelphia, PA; 81100235486, Joseph Lawrance, Oregon State University, Corvallis, OR; 81100022210, Alan Blackwell, University of Cambridge, Cambridge, UK; 81452601376, Curtis Cook, Oregon State University, Corvallis, OR; "
"CHI","06","http://dx.doi.org/10.1145/1124772.1124809","An evaluation of using programming by demonstration and guided walkthrough techniques for authoring and utilizing documentation","8 ","2","40","767","documentation authoring; programming by demonstration","10","81100437146, Madhu Prabaker, Carnegie-Mellon University, Pittsburgh, PA; 81100245096, Lawrence Bergman, IBM TJ Watson Research Center, Hawthorne, NY; 81100133093, Vittorio Castelli, IBM TJ Watson Research Center, Hawthorne, NY; "
"CHI","06","http://dx.doi.org/10.1145/1124772.1124810","Providing support for adaptive scripting in an on-line collaborative learning environment","11 ","3","44","774","adaptive support; computer mediated communication; group and organization interfaces","10","81100111542, Gahgene Gweon, Carnegie Mellon University, Pittsburgh, PA; 81100481340, Carolyn Rose, Carnegie Mellon University, Pittsburgh, PA; 81541819056, Regan Carey, Carnegie Mellon University, Pittsburgh, PA; 81311484056, Zachary Zaiss, Carnegie Mellon University, Pittsburgh, PA; "
"CHI","06","http://dx.doi.org/10.1145/1124772.1124812","Fast, flexible filtering with phlat","60 ","8","115","1,493","interactive information retrieval; pim; tagging; user interfaces","10","81100506242, Edward Cutrell, Microsoft Research; 81100066066, Daniel Robbins, Microsoft Research; 81100134501, Susan Dumais, Microsoft Research; 81100396865, Raman Sarin, Microsoft Research; "
"CHI","06","http://dx.doi.org/10.1145/1124772.1124813","The project fragmentation problem in personal information management","22 ","12","104","1,296","documents; favorites; fragmentation; personal information management; user interfaces","4","81100245005, Ofer Bergman, Tel Aviv University, Tel Aviv, Israel; 81100469637, Ruth Beyth-Marom, The Open University of Israel, Raanana, Israel; 81100046031, Rafi Nachmias, Tel Aviv University, Tel Aviv, Israel; "
"CHI","06","http://dx.doi.org/10.1145/1124772.1124814","To have and to hold: exploring the personal archive","23 ","13","154","2,006","archiving; email; filing; miscellaneous","10","81100005698, Joseph 'Jofish' Kaye, Cornell University, Ithaca, NY; 81328491066, Janet Vertesi, Cornell University, Ithaca, NY; 81311481726, Shari Avery, Cornell University, Ithaca, NY; 81311484648, Allan Dafoe, Cornell University, Ithaca, NY; 81100044211, Shay David, Cornell University, Ithaca, NY; 81311483203, Lisa Onaga, Cornell University, Ithaca, NY; 81311482110, Ivan Rosero, Amazon.com, Seattle, WA; 81311486869, Trevor Pinch, Cornell University, Ithaca, NY; "
"CHI","06","http://dx.doi.org/10.1145/1124772.1124815","Peripheral display of digital handwritten notes","3 ","3","46","885","ambient display; handwritten notes; peripheral display; tablet pc","4","81343495056, Gary Hsieh, Carnegie Mellon University, Pittsburgh, PA; 81344500170, Kenneth Wood, Microsoft Research Ltd; 81100309669, Abigail Sellen, Microsoft Research Ltd; "
"CHI","06","http://dx.doi.org/10.1145/1124772.1124817","Perspective cursor: perspective-based interaction for multi-display environments","21 ","12","128","1,441","direct-manipulation interfaces; multi-display interaction techniques; user interfaces","10","81100377766, Miguel A. Nacenta, University of Saskatchewan, Saskatoon, Canada; 81311484069, Samer Sallam, University of Saskatchewan, Saskatoon, Canada; 81100396839, Bernard Champoux, University of Saskatchewan, Saskatoon, Canada; 81100277483, Sriram Subramanian, University of Saskatchewan, Saskatoon, Canada; 81100275704, Carl Gutwin, University of Saskatchewan, Saskatoon, Canada; "
"CHI","06","http://dx.doi.org/10.1145/1124772.1124818","Improving selection of off-screen targets with hopping","27 ","7","79","998","drag-and-pop; halo; off-screen targets; user interfaces","10","81100459517, Pourang Irani, University of Manitoba, Winnipeg, Canada; 81100275704, Carl Gutwin, University of Saskatchewan, Saskatoon, Canada; 81311481651, Xing Dong Yang, University of Alberta, Edmonton, Canada; "
"CHI","06","http://dx.doi.org/10.1145/1124772.1124819","Effects of display position and control space orientation on user preference and performance","22 ","10","77","897","display position; input-output mappings; spatial transformation","10","81100606762, Daniel Wigdor, University of Toronto & Mitsubishi Electric Research Labs; 81100343583, Chia Shen, Mitsubishi Electric Research Labs; 81100584798, Clifton Forlines, Mitsubishi Electric Research Labs; 81100503904, Ravin Balakrishnan, University of Toronto; "
"CHI","06","http://dx.doi.org/10.1145/1124772.1124821","The benefits of augmenting telephone voice menu navigation with visual browsing and search","13 ","1","38","921","instant messaging; keyword search; multimedia information systems; user interfaces; voice menu","10","81310484932, Min Yin, IBM Almaden Research Center, San Jose, CA; 81408591988, Shumin Zhai, IBM Almaden Research Center, San Jose, CA; "
"CHI","06","http://dx.doi.org/10.1145/1124772.1124822","Time is of the essence: an evaluation of temporal compression algorithms","9 ","1","22","456","audio interfaces; excision; multimedia information systems; speech summary; speed-up; temporal compression; user/machine systems","10","81343507374, Simon Tucker, Sheffield University, UK, Sheffield, UK; 81100318557, Steve Whittaker, Sheffield University, UK, Sheffield, UK; "
"CHI","06","http://dx.doi.org/10.1145/1124772.1124823","Error correction of voicemail transcripts in SCANMail","3 ","2","27","448","confidence shading; error correction; speech recognition; voicemail","10","81100241308, Moira Burke, Carnegie Mellon University, Pittsburgh, PA; 81100346993, Brian Amento, AT&T Labs-Research, Florham Park, NJ; 81546277456, Philip Isenhour, AT&T Labs-Research, Florham Park, NJ; "
"CHI","06","http://dx.doi.org/10.1145/1124772.1124825","symSpline: symmetric two-handed spline manipulation","15 ","9","52","681","spline manipulation; symmetric interaction; user interfaces","10","81100323202, Celine Latulipe, University of Waterloo; 81311484965, Stephen Mann, University of Waterloo; 81100155157, Craig S. Kaplan, University of Waterloo; 81100390699, Charlie L. A. Clarke, University of Waterloo; "
"CHI","06","http://dx.doi.org/10.1145/1124772.1124826","Effects of feedback, mobility and index of difficulty on deictic spatial audio target acquisition in the horizontal plane","20 ","2","36","718","3d audio; gestures; spatial audio target acquisition","10","81100642927, Georgios N. Marentakis, University of Glasgow; 81100359199, Stephen A. Brewster, University of Glasgow; "
"CHI","06","http://dx.doi.org/10.1145/1124772.1124827","Prototyping retractable string-based interaction techniques for dual-display mobile devices","6 ","2","37","682","design styles; mobile interaction; retractable string-based input; wearable computing","4","81100428195, Gabor Blasko, Columbia University, Department of Computer Science, New York City, NY; 81100368798, Chandra Narayanaswami, IBM T.J. Watson Research Center, Hawthorne, NY; 81100427474, Steven Feiner, Columbia University, Department of Computer Science, New York City, NY; "
"CHI","06","http://dx.doi.org/10.1145/1124772.1124828","Enhancing human-machine interactions: virtual interface alteration through wearable computers","1 ","11","47","975","augmented reality; microcomputers; virtual interface alteration","4","81309486862, Alexandre Plouznikoff, &#201;cole Polytechnique de Montr&#233;al, Montreal, Canada; 81309484390, Nicolas Plouznikoff, &#201;cole Polytechnique de Montr&#233;al, Montreal, Canada; 81100332102, Jean-Marc Robert, &#201;cole Polytechnique de Montr&#233;al, Montreal, Canada; 81341489652, Michel Desmarais, &#201;cole Polytechnique de Montr&#233;al, Montreal, Canada; "
"CHI","06","http://dx.doi.org/10.1145/1124772.1124830","Evaluating a fisheye view of source code","13 ","3","40","1,238","eclipse; information visualization; user interfaces","10","81311485639, Mikkel R. Jakobsen, University of Copenhagen, Copenhagen, Denmark; 81100047223, Kasper Hornb&#230;k, University of Copenhagen, Copenhagen, Denmark; "
"CHI","06","http://dx.doi.org/10.1145/1124772.1124831","Barista: An implementation framework for enabling new tools, interaction techniques and views in code editors","7 ","0","65","636","end-user software engineering; programming environments; user interfaces","10","81100500360, Andrew J. Ko, Carnegie Mellon University, Pittsburgh, PA; 81100013136, Brad A. Myers, Carnegie Mellon University, Pittsburgh, PA; "
"CHI","06","http://dx.doi.org/10.1145/1124772.1124832","Answering why and why not questions in user interfaces","27 ","4","49","1,068","design tools and techniques; natural programming; questions; why","10","81100013136, Brad A. Myers, Carnegie Mellon University, Pittsburgh, PA; 81311481254, David A. Weitzman, Carnegie Mellon University, Pittsburgh, PA; 81100500360, Andrew J. Ko, Carnegie Mellon University, Pittsburgh, PA; 81311482767, Duen H. Chau, Carnegie Mellon University, Pittsburgh, PA; "
"CHI","06","http://dx.doi.org/10.1145/1124772.1124834","""Alone together?"": exploring the social dynamics of massively multiplayer online games","104 ","126","679","6,792","activity metrics; miscellaneous; social dynamics","10","81100116901, Nicolas Ducheneaut, Palo Alto Research Center, Palo Alto, CA; 81319504922, Nicholas Yee, Stanford University, Stanford, CA; 81311483684, Eric Nickell, Palo Alto Research Center, Palo Alto, CA; 81406599272, Robert J. Moore, Palo Alto Research Center, Palo Alto, CA; "
"CHI","06","http://dx.doi.org/10.1145/1124772.1124835","Interweaving mobile games with everyday life","75 ","30","182","2,319","distributed systems; mobile multiplayer games; ubiquitous computing","10","81100405925, Marek Bell, University of Glasgow, Glasgow, United Kingdom; 81100086432, Matthew Chalmers, University of Glasgow, Glasgow, United Kingdom; 81331488921, Louise Barkhuus, University of Glasgow, Glasgow, United Kingdom; 81100012107, Malcolm Hall, University of Glasgow, Glasgow, United Kingdom; 81100522350, Scott Sherwood, University of Glasgow, Glasgow, United Kingdom; 81100474188, Paul Tennent, University of Glasgow, Glasgow, United Kingdom; 81100013375, Barry Brown, University of Glasgow, Glasgow, United Kingdom; 81311485174, Duncan Rowland, University of Lincoln, Lincoln, United Kingdom; 81100619971, Steve Benford, University of Nottingham, Nottingham, United Kingdom; 81309501528, Mauricio Capra, University of Nottingham, Nottingham, United Kingdom; 81335491126, Alastair Hampshire, University of Nottingham, Nottingham, United Kingdom; "
"CHI","06","http://dx.doi.org/10.1145/1124772.1124836","The Frame of the Game: Blurring the Boundary between Fiction and Reality in Mobile Experiences","46 ","13","87","1,123","ambiguity; frames; mixed reality performances; orchestration; spectators","10","81100619971, Steve Benford, University of Nottingham; 81100143427, Andy Crabtree, University of Nottingham; 81100228688, Stuart Reeves, University of Nottingham; 81100130517, Jennifer Sheridan, Lancaster University; 81100537116, Alan Dix, Lancaster University; 81100138797, Martin Flintham, University of Nottingham; 81100638532, Adam Drozd, University of Nottingham; "
"CHI","06","http://dx.doi.org/10.1145/1124772.1124838","Getting a grip on tangible interaction: a framework on physical space and social interaction","167 ","72","792","4,095","analysis; cscw; framework; social interaction; tangible interface","10","81100374937, Eva Hornecker, University of Sussex, Brighton, UK; 81100496089, Jacob Buur, MCI, University of Southern Denmark, S&#248;nderborg, Denmark; "
"CHI","06","http://dx.doi.org/10.1145/1124772.1124839","Finding design qualities in a tangible programming space","32 ","8","73","1,428","embodied interaction; tangible user interfaces","10","81100544117, Ylva Fernaeus, Stockholm University, Stockholm, Sweden; 81100187595, Jakob Tholander, Stockholm University, Stockholm, Sweden; "
"CHI","06","http://dx.doi.org/10.1145/1124772.1124840","Design requirements for technologies that encourage physical activity","168 ","70","435","3,482","design requirements; group and organization interfaces; obesity; pedometer; social support","10","81100459425, Sunny Consolvo, Intel Research Seattle, Seattle, WA & University of Washington, Seattle, WA; 81100584715, Katherine Everitt, University of Washington, Seattle, WA; 81452608837, Ian Smith, Intel Research Seattle, Seattle, WA; 81100103519, James A. Landay, Intel Research Seattle, Seattle, WA & University of Washington, Seattle, WA; "
"CHI","06","http://dx.doi.org/10.1145/1124772.1124842","An intuitive text input method for touch wheels","7 ","1","34","950","mobile devices; text entry; user interfaces","4","81311481365, Morten Proschowsky, Technical University of Denmark, Kgs. Lyngby, Denmark; 81430661998, Nette Schultz, Technical University of Denmark, Kgs. Lyngby, Denmark; 81100533051, Niels Ebbe Jacobsen, Nokia Mobile Phone, Copenhagen, Denmark; "
"CHI","06","http://dx.doi.org/10.1145/1124772.1124843","A new error metric for text entry method evaluation","3 ","3","39","741","error metrics; novice learning and usability; user interfaces","4","81100009780, Jun Gong, Northeastern University, Boston, MA; 81100048540, Peter Tarasewich, Northeastern University, Boston, MA; "
"CHI","06","http://dx.doi.org/10.1145/1124772.1124844","Text entry using a dual joystick game controller","16 ","6","66","853","dual control pad; game controller; user interfaces","4","81350567780, Andrew D. Wilson, Microsoft Research, Redmond, WA; 81100346089, Maneesh Agrawala, Microsoft Research, University of California, Berkeley, CA; "
"CHI","06","http://dx.doi.org/10.1145/1124772.1124845","Trackball text entry for people with motor impairments","24 ","5","64","1,022","crossing; fitts' law; pointing; steering law; text input; unistrokes","10","81100086173, Jacob Wobbrock, Carnegie Mellon University, Pittsburgh, PA; 81100013136, Brad Myers, Carnegie Mellon University, Pittsburgh, PA; "
"CHI","06","http://dx.doi.org/10.1145/1124772.1124846","Few-key text entry revisited: mnemonic gestures on four keys","15 ","2","38","647","date stamp; gestures; mobile devices; text entry; unistrokes","4","81100086173, Jacob Wobbrock, Carnegie Mellon University, Pittsburgh, PA; 81100013136, Brad Myers, Carnegie Mellon University, Pittsburgh, PA; 81100304101, Brandon Rothrock, Carnegie Mellon University, Pittsburgh, PA; "
"CHI","06","http://dx.doi.org/10.1145/1124772.1124848","The effect of speech recognition accuracy rates on the usefulness and usability of webcast archives","21 ","4","40","722","automatic speech recognition; navigational tools; user interfaces","10","81100559377, Cosmin Munteanu, University of Toronto, Toronto, Canada; 81100448368, Ronald Baecker, University of Toronto, Toronto, Canada; 81100263138, Gerald Penn, University of Toronto, Toronto, Canada; 81100332151, Elaine Toms, Dalhousie University, Halifax, Canada; 81543575956, David James, University of Toronto, Toronto, Canada; "
"CHI","06","http://dx.doi.org/10.1145/1124772.1124849","Visual search and reading tasks using ClearType and regular displays: two experiments","7 ","2","38","674","cleartype; miscellaneous; visual displays","9","81100023813, Andrew Dillon, University of Texas at Austin, School of Information, Austin, TX; 81328489224, Lisa Kleinman, University of Texas at Austin, School of Information, Austin, TX; 81100479397, Gil Ok Choi, University of Texas at Austin, School of Information, Austin, TX; 81100124459, Randolph Bias, University of Texas at Austin, School of Information, Austin, TX; "
"CHI","06","http://dx.doi.org/10.1145/1124772.1124850","Using hybrid networks for the analysis of online software development communities","5 ","1","29","615","miscellaneous; online communities; visualization","4","81375605292, Yevgeniy ""Eugene"" Medynskiy, Cornell University, Ithaca, NY; 81100116901, Nicolas Ducheneaut, Palo Alto Research Center, Palo Alto, CA; 81100287398, Ayman Farahat; "
"CHI","06","http://dx.doi.org/10.1145/1124772.1124851","Visualization of large hierarchical data by circle packing","11 ","6","123","1,525","circle packing; methodology and techniques; tree visualization","4","81546545856, Weixin Wang, Chinese Academy of Sciences, Beijing, P.R. China; 81406594260, Hui Wang, Chinese Academy of Sciences, Beijing, P.R. China; 81100172122, Guozhong Dai, Chinese Academy of Sciences, Beijing, P.R. China; 81100220294, Hongan Wang, Chinese Academy of Sciences, Beijing, P.R. China; "
"CHI","06","http://dx.doi.org/10.1145/1124772.1124853","Dispelling ""design"" as the black art of CHI","47 ","12","125","2,274","creative design; method; prototyping; theory; user interfaces","10","81100334692, Tracee Vetting Wolf, IBM Research Watson- Social Computing Group, Hathorne, NY; 81100618309, Jennifer A. Rode, University of California, Irvine, Irvine, CA; 81100635849, Jeremy Sussman, IBM Research Watson- Social Computing Group, Hathorne, NY; 81100457150, Wendy A. Kellogg, IBM Research Watson- Social Computing Group, Hathorne, NY; "
"CHI","06","http://dx.doi.org/10.1145/1124772.1124854","Interaction in creative tasks","8 ","10","69","1,231","collaboration; creativity; music","10","81311486358, Tim Coughlan, University of Bath, Bath, UK; 81100449440, Peter Johnson, University of Bath, Bath, UK; "
"CHI","06","http://dx.doi.org/10.1145/1124772.1124855","Implications for design","133 ","68","577","4,459","design; miscellaneous","10","81100521529, Paul Dourish, University of California, Irvine, Irvine, CA; "
"CHI","06","http://dx.doi.org/10.1145/1124772.1124857","Mobile phones and paper documents: evaluating a new approach for capturing microfinance data in rural India","57 ","10","68","1,494","document processing; microfinance; paper user interface; user interfaces","10","81100298867, Tapan S. Parikh, University of Washington, Seattle, WA; 81363601658, Paul Javid, University of Washington, Seattle, WA; 81311486756, Sasikumar K., Microsoft Research India, Bangalore, India; 81100558087, Kaushik Ghosh; 81100410420, Kentaro Toyama; "
"CHI","06","http://dx.doi.org/10.1145/1124772.1124858","Handling documents and discriminating objects in hybrid spaces","14 ","10","38","871","collaboration; miscellaneous","10","81100229533, Paul Luff, King's College London, London, United Kingdom; 81100164455, Christian Heath, King's College London, London, United Kingdom; 81100072975, Hideaki Kuzuoka, University of Tsukuba, Tsukuba, Japan; 81100620653, Keiichi Yamazaki, Saitama University, Saitama, Japan; 81100617644, Jun Yamashita, University of Tsukuba, Tsukuba, Japan; "
"CHI","06","http://dx.doi.org/10.1145/1124772.1124859","ButterflyNet: a mobile capture and access system for field biology research","94 ","4","107","1,313","augmented paper notebook; multimedia information systems","10","81100102222, Ron Yeh, Stanford University; 81408597619, Chunyuan Liao, University of Maryland; 81100364989, Scott Klemmer, Stanford University; 81100301845, Fran&#231;ois Guimbreti&#232;re, University of Maryland; 81452601833, Brian Lee, Stanford University; 81311485951, Boyko Kakaradov, Stanford University; 81311481124, Jeannie Stamberger, Stanford University; 81100130120, Andreas Paepcke, Stanford University; "
"CHI","06","http://dx.doi.org/10.1145/1124772.1124861","Why phishing works","177 ","99","565","5,743","electronic commerce; phishing user study; user/machine systems","10","81100207832, Rachna Dhamija, Harvard University, Cambridge, MA; 81100324724, J. D. Tygar, University of California, Berkeley, Berkeley, CA; 81100612246, Marti Hearst, University of California, Berkeley, Berkeley, CA; "
"CHI","06","http://dx.doi.org/10.1145/1124772.1124862","Secrecy, flagging, and paranoia: adoption criteria in encrypted email","12 ","7","41","744","activism; extended case method; user interfaces","10","81311485460, Shirley Gaw, Princeton University, Princeton, NJ; 81100373505, Edward W. Felten, Princeton University, Princeton, NJ; 81311483971, Patricia Fernandez-Kelly, Princeton University, Princeton, NJ; "
"CHI","06","http://dx.doi.org/10.1145/1124772.1124863","Do security toolbars actually prevent phishing attacks?","92 ","30","201","2,874","e-commerce; user interface design; user study; world wide web and hypermedia","10","81311484484, Min Wu, Massachusetts Institute of Technology; 81100162232, Robert C. Miller, Massachusetts Institute of Technology; 81100415667, Simson L. Garfinkel, Massachusetts Institute of Technology; "
"CHI","06","http://dx.doi.org/10.1145/1124772.1124865","UNIFORM: automatically generating consistent remote control user interfaces","21 ","2","49","851","automatic interface generation; design tools and techniques; handheld computers; pebbles; personal universal controller","10","81100204766, Jeffrey Nichols, Carnegie Mellon University, Pittsburgh, PA; 81100013136, Brad A. Myers, Carnegie Mellon University, Pittsburgh, PA; 81100304101, Brandon Rothrock, Carnegie Mellon University, Pittsburgh, PA; "
"CHI","06","http://dx.doi.org/10.1145/1124772.1124866","Generating automated predictions of behavior strategically adapted to specific performance objectives","6 ","4","25","663","interface evaluation; user modeling","10","81100112437, Katherine Eng, NASA Ames Research Center, Moffett Field, CA; 81100350115, Richard L. Lewis, University of Michigan, Ann Arbor, MI; 81100374934, Irene Tollinger, NASA Ames Research Center, Moffett Field, CA; 81311486774, Alina Chu, University of Michigan, Ann Arbor, MI; 81100489674, Andrew Howes, Manchester University, Manchester, UK; 81100219909, Alonso Vera, NASA Ames Research Center, Moffett Field, CA; "
"CHI","06","http://dx.doi.org/10.1145/1124772.1124867","Automated summative usability studies: an empirical evaluation","5 ","5","64","2,737","automated testing; remote testing; usability methods; user/machine systems","9","81312482002, Ryan West, SAS Institute; 81311485456, Katherine Lehman, SAS Institute; "
"CHI","06","http://dx.doi.org/10.1145/1124772.1124869","Olfoto: designing a smell-based interaction","19 ","16","82","1,177","digital photographs; olfaction; smell","10","81100359199, Stephen Brewster, University of Glasgow; 81100295790, David McGookin, University of Glasgow; 81311480984, Christopher Miller, University of Glasgow; "
"CHI","06","http://dx.doi.org/10.1145/1124772.1124870","The television will be revolutionized: effects of PVRs and filesharing on television watching","24 ","5","69","1,175","bittorrent; file sharing; tivo","4","81100013375, Barry Brown, University of Glasgow, Glasgow, United Kingdom; 81331488921, Louise Barkhuus, University of Glasgow, Glasgow, United Kingdom; "
"CHI","06","http://dx.doi.org/10.1145/1124772.1124871","Personal vs. commercial content: the similarities between consumer use of photos and music","41 ","5","50","1,339","consumer; multimedia information systems; photo; sound and music computing","10","81311482466, Frank Bentley, Motorola Labs; 81311483921, Crysta Metcalf, Motorola Labs; 81350574653, Gunnar Harboe, Motorola Labs; "
"CHI","06","http://dx.doi.org/10.1145/1124772.1124873","TAP: touch-and-play","10 ","18","64","1,049","context aware service; tap; user interfaces","4","81311482919, Duck Gun Park, Electronisc and Telecommunications Research Institute, Daejeon, Korea; 81312483472, Jin Kyung Kim, Electronisc and Telecommunications Research Institute, Daejeon, Korea; 81311485867, Jin Bong Sung, Electronisc and Telecommunications Research Institute, Daejeon, Korea; 81311484452, Jung Hwan Hwang, Electronisc and Telecommunications Research Institute, Daejeon, Korea; 81312483888, Chang Hee Hyung, Electronisc and Telecommunications Research Institute, Daejeon, Korea; 81312481467, Sung Weon Kang, Electronisc and Telecommunications Research Institute, Daejeon, Korea; "
"CHI","06","http://dx.doi.org/10.1145/1124772.1124874","Beyond record and play: backpacks: tangible modulators for kinetic behavior","9 ","9","48","853","children; digital manipulative; learning; programming by demonstration; toy; user/machine systems","10","81100381813, Hayes Raffle, MIT Media Lab, Cambridge, MA; 81100008987, Amanda Parkes, MIT Media Lab, Cambridge, MA; 81100363076, Hiroshi Ishii, MIT Media Lab, Cambridge, MA; 81100593837, Joshua Lifton; "
"CHI","06","http://dx.doi.org/10.1145/1124772.1124875","Embedded phenomena: supporting science learning with classroom-sized distributed simulations","20 ","6","62","938","classroom learning; miscellaneous","10","81100538646, Tom Moher, University of Illinois at Chicago, Chicago, IL; "
"CHI","06","http://dx.doi.org/10.1145/1124772.1124877","A large scale study of wireless search behavior: Google mobile search","74 ","14","173","1,941","cell phone; mobile device; wireless","9","81311484362, Maryam Kamvar, Google, Mountain View, CA; 81408603160, Shumeet Baluja, Google, Mountain View, CA; "
"CHI","06","http://dx.doi.org/10.1145/1124772.1124878","FaThumb: a facet-based interface for mobile search","28 ","7","81","1,533","faceted metadata; mobile devices; search interfaces; zoomable user interfaces","10","81100168208, Amy K. Karlson, University of Maryland, College Park, MD; 81452612822, George G. Robertson, Microsoft Research, Redmond, WA; 81100066066, Daniel C. Robbins, Microsoft Research, Redmond, WA; 81100280834, Mary P. Czerwinski, Microsoft Research, Redmond, WA; 81351602807, Greg R. Smith, Microsoft Research, Redmond, WA; "
"CHI","06","http://dx.doi.org/10.1145/1124772.1124879","Searching in audio: the utility of transcripts, dichotic presentation, and time-compression","5 ","5","30","528","audio time-compression; transcripts","10","81100330306, Abhishek Ranjan, University of Toronto; 81100503904, Ravin Balakrishnan, University of Toronto; 81100112821, Mark Chignell, University of Toronto; "
"CHI","06","http://dx.doi.org/10.1145/1124772.1124881","Responsiveness in instant messaging: predictive models supporting inter-personal communication","14 ","5","42","999","availability; interruptibility; statistical models of human activity; user/machine systems","10","81100367734, Daniel Avrahami, Carnegie Mellon University, Pittsburgh, PA; 81328488846, Scott E. Hudson, Carnegie Mellon University, Pittsburgh, PA; "
"CHI","06","http://dx.doi.org/10.1145/1124772.1124882","Leveraging characteristics of task structure to predict the cost of interruption","17 ","3","46","748","attention; learning; user/machine systems","10","81343495796, Shamsi T. Iqbal, University of Illinois, Urbana, IL; 81100615948, Brian P. Bailey, University of Illinois, Urbana, IL; "
"CHI","06","http://dx.doi.org/10.1145/1124772.1124883","A goal-oriented web browser","25 ","4","61","1,163","commonsense reasoning; context aware computing; experimentation; human factors; natural language processing; programming by example; tap","10","81100325129, Alexander Faaborg, MIT Media Laboratory, Cambridge, MA; 81100262805, Henry Lieberman, MIT Media Laboratory, Cambridge, MA; "
"CHI","06","http://dx.doi.org/10.1145/1124772.1124885","Understanding photowork","102 ","9","77","1,746","browsing; digital photo albums; photowork; use of images","10","81100166914, David Kirk, Mixed Reality Lab, University of Nottingham, Nottingham, UK; 81100309669, Abigail Sellen, Microsoft Research, Cambridge, UK; 81100467323, Carsten Rother, Microsoft Research, Cambridge, UK; 81344500170, Ken Wood, Microsoft Research, Cambridge, UK; "
"CHI","06","http://dx.doi.org/10.1145/1124772.1124886","Gaze-based interaction for semi-automatic photo cropping","56 ","10","100","1,030","composition; evaluation; photography; visual perception","10","81100578485, Anthony Santella, Rutgers University, Piscataway, NJ; 81100346089, Maneesh Agrawala, UC Berkeley Computer Science, Berkeley, CA; 81100499844, Doug DeCarlo, Rutgers University, Piscataway, NJ; 81100188207, David Salesin, Adobe Systems and University of Washington, Seattle, WA; 81406592138, Michael Cohen, Microsoft Research, Redmond, WA; "
"CHI","06","http://dx.doi.org/10.1145/1124772.1124887","Tabletop sharing of digital photographs for the elderly","55 ","16","125","2,156","computer uses in education; elderly; group and organization interfaces; methodology and techniques; tabletop interface","10","81100350518, Trent Apted, University of Sydney, Sydney, Australia; 81100544712, Judy Kay, University of Sydney, Sydney, Australia; 81331502006, Aaron Quigley, University College Dublin, Dublin, Ireland; "
"CHI","06","http://dx.doi.org/10.1145/1124772.1124889","GUESS: a language and interface for graph exploration","29 ","9","81","1,053","domain-specific embedded language; graph visualization","10","81100589033, Eytan Adar, University of Washington, Seattle, WA; "
"CHI","06","http://dx.doi.org/10.1145/1124772.1124890","The Sandbox for analysis: concepts and methods","29 ","14","108","1,367","gestures; methodology and techniques; user interfaces; visual analytics","10","81332536188, William Wright; 81311486028, David Schroh; 81311483900, Pascale Proulx; 81100073360, Alex Skaburskis; 81311482452, Brian Cort; "
"CHI","06","http://dx.doi.org/10.1145/1124772.1124891","Visual exploration of multivariate graphs","32 ","23","133","1,417","graph drawing; methodology and techniques; user interfaces","9","81100331534, Martin Wattenberg, IBM Research, Cambridge, MA; "
"CHI","06","http://dx.doi.org/10.1145/1124772.1124893","Keeping up appearances: understanding the dimensions of incidental information privacy","8 ","4","54","836","collaboration; incidental information; survey","10","81100432724, Kirstie Hawkey, Dalhousie University, Halifax, Canada; 81100519232, Kori M. Inkpen, Dalhousie University, Halifax, Canada; "
"CHI","06","http://dx.doi.org/10.1145/1124772.1124894","Being watched or being special: how I learned to stop worrying and love being monitored, surveilled, and assessed","1 ","6","45","752","computer-mediated communication; feedback; private; shared experience","9","81100038403, Erica Robles, Stanford University, Stanford, CA; 81416599099, Abhay Sukumaran, Stanford University, Stanford, CA; 81328490249, Kathryn Rickertsen, Stanford University, Stanford, CA; 81100153283, Cliff Nass, Stanford University, Stanford, CA; "
"CHI","06","http://dx.doi.org/10.1145/1124772.1124896","Effectiveness of annotating by hand for non-alphabetical languages","4 ","0","33","575","cognitive load; input speed; non-alphabetical languages","10","81311483807, Muhd Dzulkhiflee Hamzah, University of Electro-Communications, Tokyo, Japan; 81100095363, Shun'ichi Tano, University of Electro-Communications, Tokyo, Japan; 81311485596, Mitsuru Iwata, University of Electro-Communications, Tokyo, Japan; 81317494031, Tomonori Hashiyama, University of Electro-Communications, Tokyo, Japan; "
"CHI","06","http://dx.doi.org/10.1145/1124772.1124897","Speech pen: predictive handwriting based on ambient multimodal recognition","12 ","2","54","886","context-sharing; handwriting recognition; predictive handwriting; speech recognition","10","81341492567, Kazutaka Kurihara, University of Tokyo; 81100017919, Masataka Goto, National Institute of Advanced Industrial Science and Technology, Japan; 81337492083, Jun Ogata, National Institute of Advanced Industrial Science and Technology, Japan; 81100444444, Takeo Igarashi, University of Tokyo; "
"CHI","06","http://dx.doi.org/10.1145/1124772.1124898","Hover widgets: using the tracking state to extend the capabilities of pen-operated devices","46 ","7","90","1,046","gestures; pen input; user interfaces","10","81100477897, Tovi Grossman, Microsoft Research, Redmond, WA; 81100519448, Ken Hinckley, Microsoft Research, Redmond, WA; 81100137268, Patrick Baudisch, Microsoft Research, Redmond, WA; 81100346089, Maneesh Agrawala, Microsoft Research, Redmond, WA; 81100503904, Ravin Balakrishnan, University of Toronto, Toronto, Canada; "
"CHI","06","http://dx.doi.org/10.1145/1124772.1124900","Everyday practices with mobile video telephony","15 ","11","84","1,574","diary study; miscellaneous; mobility; video mediated communication","10","81452615958, Kenton O'Hara, Hewlett-Packard Labs; 81100576740, Alison Black; 81392602954, Matthew Lipson; "
"CHI","06","http://dx.doi.org/10.1145/1124772.1124901","Sashay: designing for wonderment","7 ","0","21","732","d&#233;rive; locative; miscellaneous","4","81100513321, Eric Paulos, Intel Research, Berkeley, CA; 81548114764, Chris Beckmann, Intel Research, Berkeley, CA; "
"CHI","06","http://dx.doi.org/10.1145/1124772.1124902","Urbanhermes: social signaling with electronic fashion","6 ","3","41","697","accessories; fashion; identity and expression; signaling theory; urban space","4","81311484442, Christine M. Liu, MIT Media Lab, Massachusetts Institute of Technology, Cambridge, MA; 81100223099, Judith S. Donath, MIT Media Lab, Massachusetts Institute of Technology, Cambridge, MA; "
"CHI","06","http://dx.doi.org/10.1145/1124772.1124903","Because I carry my cell phone anyway: functional location-based reminder applications","47 ","7","103","1,965","cell phone; location-based information delivery; miscellaneous; mobile device; place","10","81100575572, Pamela J. Ludford, University of Minnesota, Minneapolis, MN; 81100071523, Dan Frankowski, University of Minnesota, Minneapolis, MN; 81328490304, Ken Reily, University of Minnesota, Minneapolis, MN; 81311481740, Kurt Wilms, University of Minnesota, Minneapolis, MN; 81100276946, Loren Terveen, University of Minnesota, Minneapolis, MN; "
"CHI","06","http://dx.doi.org/10.1145/1124772.1124905","From awareness to connectedness: the design and deployment of presence displays","45 ","6","99","1,729","awareness; design process; group and organization interfaces; user interfaces","10","81100327371, Anind K. Dey, Carnegie Mellon University, Pittsburgh, PA; 81100519343, Ed de Guzman, University of Illinois, Urbana-Champaign, Urbana, IL; "
"CHI","06","http://dx.doi.org/10.1145/1124772.1124906","Negotiating presence-in-absence: contact, content and context","11 ","1","37","848","asynchronous; intimacy","4","81100328802, Steve Howard, University of Melbourne, Melbourne, Australia; 81100515636, Jesper Kjeldskov, Aalborg University, Aalborg, Denmark; 81100131331, Mikael B. Skov, Aalborg University, Aalborg, Denmark; 81361592432, Kasper Garn&#230;s, Aalborg University, Aalborg, Denmark; 81311486127, Olga Gr&#252;nberger, Aalborg University, Aalborg, Denmark; "
"CHI","06","http://dx.doi.org/10.1145/1124772.1124907","Using linguistic features to measure presence in computer-mediated communication","9 ","0","39","665","cmc; discourse analysis; group and organization interfaces; telepresence","4","81100175734, Adam D. I. Kramer, University of Oregon, Eugene, OR; 81100059735, Lui Min Oh, DSO National Laboratories, Singapore; 81100583820, Susan R. Fussell, Carnegie Mellon University, Pittsburgh, PA; "
"CHI","06","http://dx.doi.org/10.1145/1124772.1124908","The paradox of the assisted user: guidance can be counterproductive","8 ","5","43","758","display-based; information interfaces and presentation; interface design; plan-based; problem solving","10","81100148939, Christof C. van Nimwegen, Utrecht University, Utrecht, The Netherlands; 81311483701, Daniel D. Burgos, Open University of the Netherlands, Heerlen, The Netherlands; 81100577461, Herre H. van Oostendorp, Utrecht University, Utrecht, The Netherlands; 81100228454, Hermina H. J. M. Schijf, Utrecht University, Utrecht, The Netherlands; "
"CHI","06","http://dx.doi.org/10.1145/1124772.1124910","Investigating health management practices of individuals with diabetes","32 ","5","107","1,532","elderly; home; monitoring; technology probes","10","81100538787, Lena Mamykina, Siemens Corporate Research Inc.; 81100331104, Elizabeth D. Mynatt, Georgia Institute of Technology; 81406597727, David R. Kaufman, Columbia University; "
"CHI","06","http://dx.doi.org/10.1145/1124772.1124911","Tensions in designing capture technologies for an evidence-based care community","20 ","5","45","839","capture and access; evidence-based care; public policy issues; user interfaces","10","81100592620, Gillian R. Hayes, Georgia Institute of Technology, Atlanta, GA; 81100251687, Gregory D. Abowd, Georgia Institute of Technology, Atlanta, GA; "
"CHI","06","http://dx.doi.org/10.1145/1124772.1124912","Pride and prejudice: learning how chronically ill people think about food","6 ","3","29","594","chronically ill; nutrition; user interfaces","4","81311481394, Katie A. Siek, Indiana University, Bloomington, IN; 81100071662, Kay H. Connelly, Indiana University, Bloomington, IN; 81100173923, Yvonne Rogers, Indiana University, Bloomington, IN; "
"CHI","06","http://dx.doi.org/10.1145/1124772.1124914","Insert movie reference here: a system to bridge conversation and item-oriented web sites","12 ","1","23","656","miscellaneous; recommender system","4","81311481007, Sara Drenner, University of Minnesota; 81311483852, Max Harper, University of Minnesota; 81100071523, Dan Frankowski, University of Minnesota; 81100096968, John Riedl, University of Minnesota; 81100276946, Loren Terveen, University of Minnesota; "
"CHI","06","http://dx.doi.org/10.1145/1124772.1124915","Motivating participation by displaying the value of contribution","46 ","14","95","1,675","identity; motivation; under-contribution","4","81100280081, Al M. Rashid, University of Minnesota; 81311482267, Kimberly Ling, Carnegie Mellon University, Pittsburgh, PA; 81311485160, Regina D. Tassone, Carnegie Mellon University, Pittsburgh, PA; 81100225915, Paul Resnick, University of Michigan, Ann Arbor, MI; 81328489038, Robert Kraut, Carnegie Mellon University, Pittsburgh, PA; 81100096968, John Riedl, University of Minnesota; "
"CHI","06","http://dx.doi.org/10.1145/1124772.1124916","Talk to me: foundations for successful individual-group interactions in online communities","45 ","23","137","1,924","commitment; contribution; language; responsiveness","10","81311482029, Jaime Arguello, Carnegie Mellon University, Pittsburgh, PA; 81100547938, Brian S. Butler, University of Pittsburgh, Pittsburgh, PA; 81311485327, Elisabeth Joyce, Edinboro University, Edinboro, PA; 81328489038, Robert Kraut, Carnegie Mellon University, Pittsburgh, PA; 81311482267, Kimberly S. Ling, Carnegie Mellon University, Pittsburgh, PA; 81100481340, Carolyn Ros&#233;, Carnegie Mellon University, Pittsburgh, PA; 81100219062, Xiaoqing Wang, University of Pittsburgh, Pittsburgh, PA; "
"CHI","06","http://dx.doi.org/10.1145/1124772.1124917","Routine patterns of internet use & psychological well-being: coping with a residential move","2 ","5","47","1,001","depressive affect; internet use; miscellaneous; stress","10","81100288406, Irina Shklovski, Carnegie Mellon University, Pittsburgh, PA; 81328489038, Robert Kraut, Carnegie Mellon University, Pittsburgh, PA; 81100088002, Jonathon Cummings, Duke University, Durham, NC; "
"CHI","06","http://dx.doi.org/10.1145/1124772.1124919","Visualizing email content: portraying relationships from conversational histories","43 ","20","128","1,526","content; history; user interface; visualization","10","81100539968, Fernanda B. Vi&#233;gas, IBM Research, Cambridge, MA; 81100225511, Scott Golder, HP Laboratories, Palo Alto, CA; 81100223099, Judith Donath, MIT Media Lab, Cambridge, MA; "
"CHI","06","http://dx.doi.org/10.1145/1124772.1124920","Clipping lists and change borders: improving multitasking efficiency with peripheral information design","14 ","3","48","784","abstraction; miscellaneous; peripheral displays","10","81540096556, Tara Matthews, University of California, Berkeley; 81100280834, Mary Czerwinski, Microsoft Research; 81452612822, George Robertson, Microsoft Research; 81100255664, Desney Tan, Microsoft Research; "
"CHI","06","http://dx.doi.org/10.1145/1124772.1124921","A fisheye follow-up: further reflections on focus + context","19 ","7","74","1,822","bifocal lens; focus+context; information visualization; view+overview; zui","10","81100649937, George W. Furnas, University of Michigan, Ann Arbor, MI; "
"CHI","06","http://dx.doi.org/10.1145/1124772.1124923","Prototyping and sampling experience to evaluate ubiquitous computing privacy in the real world","25 ","10","89","1,626","design tools and techniques; miscellaneous; paratype; social issues; user centered design","10","81100415680, Giovanni Iachello, Georgia Institute of Technology, Atlanta, GA; 81339532748, Khai N. Truong, University of Toronto, Toronto, Canada; 81100251687, Gregory D. Abowd, Georgia Institute of Technology, Atlanta, GA; 81100592620, Gillian R. Hayes, Georgia Institute of Technology, Atlanta, GA; 81100661705, Molly Stevens; "
"CHI","06","http://dx.doi.org/10.1145/1124772.1124924","Design and experimental analysis of continuous location tracking techniques for Wizard of Oz testing","4 ","1","23","553","field study; methodology and techniques","4","81350580013, Yang Li, University of Washington, Seattle, WA; 81331507178, Evan Welbourne, University of Washington, Seattle, WA; 81100103519, James A. Landay, University of Washington, Seattle, WA; "
"CHI","06","http://dx.doi.org/10.1145/1124772.1124925","Measuring emotional valence during interactive experiences: boys at video game play","19 ","20","181","1,836","affect; games; physiological measurements; user interfaces","4","81100393378, Richard L. Hazlett, Johns Hopkins University School of Medicine, Baltimore, MD; "
"CHI","06","http://dx.doi.org/10.1145/1124772.1124926","A continuous and objective evaluation of emotional experience with interactive play environments","57 ","23","189","2,111","emg; evaluation methodology; fuzzy logic; gsr; physiology; user interfaces","10","81100231855, Regan L. Mandryk, Simon Fraser University, Burnaby, Canada; 81350572592, M. Stella Atkins, Simon Fraser University, Burnaby, Canada; 81100519232, Kori M. Inkpen, Dalhousie University; "
"CHI","06","http://dx.doi.org/10.1145/1124772.1124928","Using intelligent task routing and contribution review to help communities build artifacts of lasting value","36 ","2","36","798","contribution models; group and organization interfaces; member-maintained; user/machine systems","10","81100288358, Dan Cosley, University of Minnesota, Minnesota, MN; 81100071523, Dan Frankowski, University of Minnesota, Minnesota, MN; 81100276946, Loren Terveen, University of Minnesota, Minnesota, MN; 81100096968, John Riedl, University of Minnesota, Minnesota, MN; "
"CHI","06","http://dx.doi.org/10.1145/1124772.1124929","groupTime: preference based group scheduling","6 ","3","46","690","group and organization interfaces; group scheduling; machine learning; supervised learning","10","81309505971, Mike Brzozowski, Stanford University, Stanford, CA; 81311484395, Kendra Carattini, Stanford University, Stanford, CA; 81100364989, Scott R. Klemmer, Stanford University, Stanford, CA; 81311482542, Patrick Mihelich, Stanford University, Stanford, CA; 81100255358, Jiang Hu, Stanford University, Stanford, CA; 81100471019, Andrew Y. Ng, Stanford University, Stanford, CA; "
"CHI","06","http://dx.doi.org/10.1145/1124772.1124930","Accounting for taste: using profile similarity to improve recommender systems","11 ","1","71","1,485","decision-making; online advice-seeking; social networking","10","81311480962, Philip Bonhard, University College London, London, United Kingdom; 81418598749, Clare Harries, University College London, London, United Kingdom; 81100383349, John McCarthy, University College London, London, United Kingdom; 81100499004, M. Angela Sasse, University College London, London, United Kingdom; "
"CHI","06","http://dx.doi.org/10.1145/1124772.1124932","Improving menu interaction: a comparison of standard, force enhanced and jumping menus","7 ","3","27","1,091","""force fields""; interaction models; menu navigation; prediction models","10","81100415845, David Ahlstroem, Klagenfurt University, Klagenfurt, Austria; 81311484541, Rainer Alexandrowicz, Klagenfurt University, Klagenfurt, Austria; 81100240606, Martin Hitz, Klagenfurt University, Klagenfurt, Austria; "
"CHI","06","http://dx.doi.org/10.1145/1124772.1124933","Zone and polygon menus: using relative position to increase the breadth of multi-stroke marking menus","28 ","0","49","889","marking menus; pie menus; user interfaces","10","81328491174, Shengdong Zhao, University of Toronto, Canada; 81100346089, Maneesh Agrawala, University of California at Berkeley, Berkeley, CA; 81100519448, Ken Hinckley, Microsoft Research, Redmond, WA; "
"CHI","06","http://dx.doi.org/10.1145/1124772.1124934","Measuring the difficulty of steering through corners","17 ","2","29","563","fitts' law; menu navigation; user interfaces","10","81100418874, Robert Pastel, Michigan Technological University, Houghton, MI; "
"CHI","06","http://dx.doi.org/10.1145/1124772.1124936","Face-tracking as an augmented input in video games: enhancing presence, role-playing and control","14 ","7","77","1,346","camera-based games; first person shooter; miscellaneous; presence","10","81311481131, Shuo Wang, Microsoft Research Asia, Beijing, P. R. China; 81311482195, Xiaocao Xiong, Tsinghua University, Beijing, P. R. China; 81339537775, Yan Xu, Renmin University, Beijing, P. R. China; 81311482417, Chao Wang, Tsinghua University, Beijing, P. R. China; 81300133901, Weiwei Zhang, Microsoft Research Asia, Beijing, P. R. China; 81536741356, Xiaofeng Dai, Microsoft Research Asia, Beijing, P. R. China; 81311484435, Dongmei Zhang, Microsoft Research Asia, Beijing, P. R. China; "
"CHI","06","http://dx.doi.org/10.1145/1124772.1124937","Direct pointer: direct manipulation for large-display interaction using handheld cameras","12 ","1","79","926","interaction; remote pointing; user interfaces","4","81416606428, Hao Jiang, Tsinghua University, Beijing, China; 81100064088, Eyal Ofek, Microsoft Research Asia, Beijing, China; 81100082877, Neema Moraveji, Microsoft Research Asia, Beijing, China; 81100647319, Yuanchun Shi, Tsinghua University, Beijing, China; "
"CHI","06","http://dx.doi.org/10.1145/1124772.1124938","Interacting with communication appliances: an evaluation of two computer vision-based selection techniques","4 ","4","29","609","communication appliance; design tools and techniques; eyetoy; home settings; motion sensing; user/machine systems","4","81100298786, Jacob Eisenstein, MIT, Cambridge, MA; 81100236706, Wendy E. Mackay, INRIA Futurs, Orsay, France; "
"CHI","06","http://dx.doi.org/10.1145/1124772.1124939","Attention funnel: omnidirectional 3D cursor for mobile augmented reality platforms","12 ","13","74","950","augmented reality; mobile computing","8","81100082338, Frank Biocca, Michigan State University, East Lansing, MI; 81100640678, Arthur Tang, University of Central Florida, Orlando, FL; 81408594090, Charles Owen, Michigan State University, East Lansing, MI; 81342516469, Fan Xiao, Michigan State University, East Lansing, MI; "
"CHI","06","http://dx.doi.org/10.1145/1124772.1124941","Feeling what you hear: tactile feedback for navigation of audio graphs","25 ","11","97","1,139","accessibility; blind; guidelines; navigation; user interfaces","10","81100438904, Steven Wall, University of Glasgow, Glasgow, UK; 81100359199, Stephen Brewster, University of Glasgow, Glasgow, UK; "
"CHI","06","http://dx.doi.org/10.1145/1124772.1124942","Remote usability evaluations With disabled people","37 ","21","214","2,267","disabled users; usability research; user interfaces","9","81100022960, Helen Petrie, University of York, York, United Kingdom; 81100297138, Fraser Hamilton; 81100193807, Neil King; 81311482268, Pete Pavan; "
"CHI","06","http://dx.doi.org/10.1145/1124772.1124943","Desperately seeking simplicity: how young adults with cognitive disabilities and their families adopt assistive technologies","42 ","27","169","1,699","assistive technology; cognitive disabilities; design; family; independence; safety; social issues; user interfaces","10","81100561583, Melissa Dawe, University of Colorado, Boulder, CO; "
"CHI","06","http://dx.doi.org/10.1145/1124772.1124945","Can a virtual cat persuade you?: the role of gender and realism in speaker persuasiveness","16 ","5","71","1,211","human-computer interaction; persuasion; virtual humans","10","81100524931, Catherine Zanbaka, University of North Carolina at Charlotte; 81311484667, Paula Goolkasian, University of North Carolina at Charlotte; 81100023789, Larry Hodges, University of North Carolina at Charlotte; "
"CHI","06","http://dx.doi.org/10.1145/1124772.1124946","The sensual evaluation instrument: developing an affective evaluation tool","31 ","16","101","1,696","affective interaction; embodiment; user interfaces","10","81100174911, Katherine Isbister, Rensselaer Polytechnic Institute; 81341491415, Kristina H&#246;&#246;k, Rensselaer Polytechnic Institute; 81339527601, Michael Sharp; 81100629235, Jarmo Laaksolahti; "
"CHI","06","http://dx.doi.org/10.1145/1124772.1124947","Listening to your inner voices: investigating means for voice notifications","1 ","0","22","340","interruption; user interfaces","4","81311484129, Saurabh Bhatia, Virginia Tech; 81100006181, Scott McCrickard, Virginia Tech; "
"CHI","06","http://dx.doi.org/10.1145/1124772.1124948","Adaptive language behavior in HCI: how expectations and beliefs about a system affect users' word choice","12 ","0","41","718","adaptation; hci; language behavior; natural language","4","81546026956, Jamie Pearson, University of Edinburgh, Edinburgh, UK; 81100255358, Jiang Hu, Stanford University, Stanford, CA; 81100343493, Holly P. Branigan, University of Edinburgh, Edinburgh, UK; 81322503875, Martin J. Pickering, University of Edinburgh, Edinburgh, UK; 81100153283, Clifford I. Nass, Stanford University, Stanford, CA; "
"CHI","06","http://dx.doi.org/10.1145/1124772.1124950","Collaborative coupling over tabletop displays","51 ","14","132","1,414","collaborative coupling; coordination; mixed focus collaboration","10","81100640680, Anthony Tang, University of British Columbia; 81100424672, Melanie Tory, University of British Columbia; 81100002187, Barry Po, University of British Columbia; 81384597747, Petra Neumann, University of Calgary; 81452616781, Sheelagh Carpendale, University of Calgary; "
"CHI","06","http://dx.doi.org/10.1145/1124772.1124951","Comparing remote gesture technologies for supporting collaborative physical tasks","27 ","12","109","1,155","communications applications; group and organization interfaces; mixed ecologies","10","81100166914, David Kirk, University of Nottingham, Nottingham, UK; 81100364378, Danae Stanton Fraser, University of Bath, Bath, UK; "
"CHI","06","http://dx.doi.org/10.1145/1124772.1124952","Cooperative gestures: multi-user gestural interactions for co-located groupware","58 ","25","168","2,271","computer-supported cooperative work; gestures; single display groupware","10","81452607037, Meredith Ringel Morris, Stanford University, Stanford, CA; 81311483905, Anqi Huang, Harvard University, Cambridge, MA; 81100130120, Andreas Paepcke, Stanford University, Stanford, CA; 81100454567, Terry Winograd, Stanford University, Stanford, CA; "
"CHI","06","http://dx.doi.org/10.1145/1124772.1124954","Collective creation and sense-making of mobile media","25 ","2","45","1,049","collective use; computer-mediated communication; mobile group media","10","81100551588, Antti Salovaara, Helsinki Institute for Information Technology, Helsinki, Finland; 81100644548, Giulio Jacucci, Helsinki Institute for Information Technology, Helsinki, Finland; 81100333050, Antti Oulasvirta, Helsinki Institute for Information Technology, Helsinki, Finland; 81100607481, Timo Saari, Helsinki Institute for Information Technology, Helsinki, Finland; 81311483126, Pekka Kanerva, Helsinki Institute for Information Technology, Helsinki, Finland; 81100143375, Esko Kurvinen, Helsinki Institute for Information Technology, Helsinki, Finland; 81100121065, Sauli Tiitta, Helsinki Institute for Information Technology, Helsinki, Finland; "
"CHI","06","http://dx.doi.org/10.1145/1124772.1124955","Watching the cars go round and round: designing for active spectating","13 ","2","28","480","ethnography; mobile services; spectating","4","81100008113, Mattias Esbj&#246;rnsson, Interactive Institute, Stockholm, Sweden; 81100013375, Barry Brown, University of Glasgow, Glasgow, UK; 81100316356, Oskar Juhlin, Interactive Institute, Stockholm, Sweden; 81311486147, Daniel Normark, Interactive Institute, Stockholm, Sweden; 81100425309, Mattias &#214;stergren, Interactive Institute, Stockholm, Sweden; 81311481302, Eric Laurier, University of Edinburgh, Edinburgh, UK; "
"CHI","06","http://dx.doi.org/10.1145/1124772.1124956","Ethnography in the kindergarten: examining children's play experiences","11 ","9","63","1,092","children; educational technology; kindergarten education","4","81100401053, Peta Wyeth, University of Queensland, Brisbane, Australia; "
"CHI","06","http://dx.doi.org/10.1145/1124772.1124957","Robot-human interaction with an anthropomorphic percussionist","7 ","2","51","722","collaborative systems; music; user interfaces","4","81100638548, Gil Weinberg, Georgia Institue of Technology, Atlanta, GA; 81100355389, Scott Driscoll, Georgia Institue of Technology, Atlanta, GA; "
"CHI","06","http://dx.doi.org/10.1145/1124772.1124959","Breaking the fidelity barrier: an examination of our current characterization of prototypes and an example of a mixed-fidelity success","30 ","12","136","1,479","fidelity; planning; user interfaces","10","81100329457, Michael McCurdy, NASA Ames Research Center, Moffett Field, CA; 81311484591, Christopher Connors, Apple Computer, Inc., Cupertino, CA; 81311481629, Guy Pyrzak, San Jose State University Foundation, Moffett Field, CA; 81375600615, Bob Kanefsky, University of California, Santa Cruz, Moffett Field, CA; 81100219909, Alonso Vera, Carnegie Mellon University, Moffett Field, CA; "
"CHI","06","http://dx.doi.org/10.1145/1124772.1124960","Getting the right design and the design right","32 ","20","328","2,871","design; methods; participatory design; usability testing","10","81311481733, Maryam Tohidi, University of Toronto, Toronto, Canada; 81452616426, William Buxton, Microsoft Research, Toronto, Canada; 81100448368, Ronald Baecker, University of Toronto, Toronto, Canada; 81100309669, Abigail Sellen, Microsoft Research, Cambridge, United Kingdom; "
"CHI","06","http://dx.doi.org/10.1145/1124772.1124961","The validity of the stimulated retrospective think-aloud method as measured by eye tracking","22 ","14","132","2,041","eye tracking; reliability; usability research; verbalization","10","81543102456, Zhiwei Guan, University of Washington, Seattle (UW), Seattle, WA; 81311485224, Shirley Lee, University of Washington, Seattle (UW), Seattle, WA; 81328487771, Elisabeth Cuddihy, University of Washington, Seattle (UW), Seattle, WA; 81100367890, Judith Ramey, University of Washington, Seattle (UW), Seattle, WA; "
"CHI","06","http://dx.doi.org/10.1145/1124772.1124963","Precise selection techniques for multi-touch screens","119 ","38","391","4,579","bi-manual; precise target acquisition; touch screens; user interfaces","10","81100182346, Hrvoje Benko, Columbia University, New York, NY; 81350567780, Andrew D. Wilson, Microsoft Research, Redmond, WA; 81100137268, Patrick Baudisch, Microsoft Research, Redmond, WA; "
"CHI","06","http://dx.doi.org/10.1145/1124772.1124964","TeamTag: exploring centralized versus replicated controls for co-located tabletop groupware","29 ","5","75","977","co-located groupware; group and organization interfaces; tabletop interfaces","10","81452607037, Meredith Ringel Morris, Stanford University, Stanford, CA; 81100130120, Andreas Paepcke, Stanford University, Stanford, CA; 81100454567, Terry Winograd, Stanford University, Stanford, CA; 81311481124, Jeannie Stamberger, Stanford University, Stanford, CA; "
"CHI","06","http://dx.doi.org/10.1145/1124772.1124965","Keepin' it real: pushing the desktop metaphor with physics, piles and the pen","87 ","16","218","2,415","bumptop; desktop metaphor; lasso'n'cross; pen-based interfaces; physics based desktop; piles; user interfaces","10","81100553948, Anand Agarawala, University of Toronto, Toronto, Canada; 81548006573, Ravin Balakrishnan, University of Toronto, Toronto, Canada; "
"CHI","06","http://dx.doi.org/10.1145/1124772.1124967","Synchronous broadcast messaging: the use of ICT","10 ","2","29","759","broadcast messaging; cmc; group and organization interfaces; instant messaging","10","81311482644, Justin D. Weisz, Carnegie Mellon University, Pittsburgh, PA; 81100235869, Thomas Erickson, IBM T. J. Watson Research Center, Yorktown Heights, NY; 81100457150, Wendy A. Kellogg, IBM T. J. Watson Research Center, Yorktown Heights, NY; "
"CHI","06","http://dx.doi.org/10.1145/1124772.1124968","The impact of delayed visual feedback on collaborative performance","7 ","1","34","813","communication; empirical studies; language; visual delay","10","81100246470, Darren Gergle, Carnegie Mellon University, Pittsburgh, PA; 81328489038, Robert E. Kraut, Carnegie Mellon University, Pittsburgh, PA; 81100583820, Susan R. Fussell, Carnegie Mellon University, Pittsburgh, PA; "
"CHI","06","http://dx.doi.org/10.1145/1124772.1124969","Collocation bindness in partially distributed groups: is there a downside to being collocated?","7 ","1","44","839","co-location; collocation; distributed work; public policy issues; telework; virtual teams","9","81100632322, Nathan Bos, University of Michigan, Ann Arbor, MI; 81350567367, Judith Olson, University of Michigan, Ann Arbor, MI; 81100253185, Ning Nan, University of Michigan, Ann Arbor, MI; 81100499118, N Sadat Shami, Cornell University; 81100590508, Susannah Hoch, University of Michigan, Ann Arbor, MI; 81311485972, Erik Johnston; "
