"conference","year","doi","title","citationCount","download6weeks","download12months","downloadAll","keywords","pageNumber","authors"
"CHI","07","http://dx.doi.org/10.1145/1240624.1240626","A meta-analysis of the impact of the inclusion and realism of human-like faces on user experiences in interfaces","28 ","14","200","2,028","computer-mediated communication; embodied agents; meta-analysis; quantitative methods; user interfaces","10","81319504922, Nick Yee, Stanford University, Stanford, CA; 81100467213, Jeremy N Bailenson, Stanford University, Stanford, CA; 81328490249, Kathryn Rickertsen, Stanford University, Stanford, CA; "
"CHI","07","http://dx.doi.org/10.1145/1240624.1240627","Improving recognition and characterization in groupware with rich embodiments","8 ","2","109","1,042","avatars; embodiment; rich embodiment","10","81328490612, Tadeusz Stach, University of Saskatchewan, Saskatoon, SK, Canada; 81100275704, Carl Gutwin, University of Saskatchewan, Saskatoon, SK, Canada; 81100573952, David Pinelle, University of Saskatchewan, Saskatoon, SK, Canada; 81100459517, Pourang Irani, University of Manitoba, Winnipeg, MAN, Canada; "
"CHI","07","http://dx.doi.org/10.1145/1240624.1240628","Coordinating joint activity in avatar-mediated interaction","10 ","0","119","1,139","avatar-mediated interaction; conversation analysis; human factors; synchronous interaction","10","81406599272, Robert J. Moore, Palo Alto Research Center, Palo Alto, CA; 81328488556, E. Cabell Hankinson Gathman, University of Wisconsin-Madison, Madison, WI; 81100116901, Nicolas Ducheneaut, Palo Alto Research Center, Palo Alto, CA; 81311483684, Eric Nickell, Palo Alto Research Center, Palo Alto, CA; "
"CHI","07","http://dx.doi.org/10.1145/1240624.1240630","How it works: a field study of non-technical users interacting with an intelligent system","27 ","1","37","830","context-aware; field study; machine learning; miscellaneous; qualitative research","10","81100056841, Joe Tullio, Motorola Labs, Schaumburg, IL; 81100327371, Anind K. Dey, Carnegie Mellon University, Pittsburgh, PA; 81328487784, Jason Chalecki, Carnegie Mellon University, Pittsburgh, PA; 81100142271, James Fogarty, University of Washington, Seattle, WA; "
"CHI","07","http://dx.doi.org/10.1145/1240624.1240631","Matching attentional draw with utility in interruption","17 ","10","75","904","annoyance; benefit; evaluation/methodology; human factors; interruption; utility","10","81100547447, Jennifer Gluck, University of British Columbia, Vancouver, BC, Canada; 81100232130, Andrea Bunt, University of British Columbia, Vancouver, BC, Canada; 81100232506, Joanna McGrenere, University of British Columbia, Vancouver, BC, Canada; "
"CHI","07","http://dx.doi.org/10.1145/1240624.1240632","Biases in human estimation of interruptibility: effects and implications for practice","7 ","7","49","700","availability; computer mediated communication; design; human factors; measurement; ubiquitous computing; user/machine systems","11","81100367734, Daniel Avrahami, Carnegie Mellon University, Pittsburgh, PA; 81100142271, James Fogarty, University of Washington, Seattle, WA; 81328488846, Scott E. Hudson, Carnegie Mellon University, Pittsburgh, PA; "
"CHI","07","http://dx.doi.org/10.1145/1240624.1240634","Understanding videowork","45 ","3","47","960","editing; human factors; user research","10","81100166914, David Kirk, University of Nottingham, Nottingham, UK; 81100309669, Abigail Sellen, Microsoft Research Cambridge, Cambridge, UK; 81452613064, Richard Harper, Microsoft Research Cambridge, Cambridge, UK; 81344500170, Ken Wood, Microsoft Research Cambridge, Cambridge, UK; "
"CHI","07","http://dx.doi.org/10.1145/1240624.1240635","Software or wetware?: discovering when and why people use digital prosthetic memory","26 ","2","49","923","auditory feedback; digital memory; experimentation; memory; prosthetic memory; speech browsing; user-centered design","10","81384614073, Vaiva Kalnikait&#233;, The University of Sheffield, Sheffield, United Kingdom; 81100318557, Steve Whittaker, The University of Sheffield, Sheffield, United Kingdom; "
"CHI","07","http://dx.doi.org/10.1145/1240624.1240636","Do life-logging technologies support memory for the past?: an experimental study using sensecam","68 ","22","178","1,698","capture; human factors; life-logging; personal digital archives","10","81100309669, Abigail J. Sellen, Microsoft Research, Cambridge, UK; 81328488056, Andrew Fogg, Microsoft Research, Cambridge, UK; 81328487549, Mike Aitken, University of Cambridge, Cambridge, UK; 81320490166, Steve Hodges, Microsoft Research, Cambridge, UK; 81100467323, Carsten Rother, Microsoft Research, Cambridge, UK; 81344500170, Ken Wood, Microsoft Research, Cambridge, UK; "
"CHI","07","http://dx.doi.org/10.1145/1240624.1240638","An exploratory study of input configuration and group process in a negotiation task using a large display","17 ","2","65","1,034","collaboration; human factors; interaction styles; negotiation","10","81100651315, Jeremy P. Birnholtz, University of Toronto, Toronto, ON, Canada; 81100477897, Tovi Grossman, University of Toronto, Toronto, ON, Canada; 81328489697, Clarissa Mak, University of Toronto, Toronto, ON, Canada; 81100503904, Ravin Balakrishnan, University of Toronto, Toronto, ON, Canada; "
"CHI","07","http://dx.doi.org/10.1145/1240624.1240639","Beyond visual acuity: the perceptual scalability of information visualizations for large displays","22 ","11","97","1,207","design; experimentation; information visualization; visual acuity","10","81100414964, Beth Yost, Virginia Polytechnic Institute and State University, Blacksburg, VA; 81328488409, Yonca Haciahmetoglu, Virginia Polytechnic Institute and State University, Blacksburg, VA; 81100142484, Chris North, Virginia Polytechnic Institute and State University, Blacksburg, VA; "
"CHI","07","http://dx.doi.org/10.1145/1240624.1240640","White rooms and morphing don't mix: setting and the evaluation of visualization techniques","8 ","2","68","965","contextual evaluation; external validity; gis; interaction styles; morphing","10","81100514123, Derek F. Reilly, Dalhousie University, Halifax, NS, Canada; 81100519232, Kori M. Inkpen, Dalhousie University, Halifax, NS, Canada; "
"CHI","07","http://dx.doi.org/10.1145/1240624.1240642","Shoogle: excitatory multimodal interaction on mobile devices","73 ","9","182","1,873","accelerometer; auditory feedback; human factors; mobile; vibrotactile","4","81100169940, John Williamson, University of Glasgow, Scotland; 81100572841, Roderick Murray-Smith, University of Glasgow, Scotland and NUI, Maynooth, Ireland; 81494640446, Stephen Hughes, SAMH Engineering Services, Dublin, Ireland; "
"CHI","07","http://dx.doi.org/10.1145/1240624.1240644","Momento: support for situated ubicomp experimentation","27 ","6","52","887","design; experience sampling; graphical user interfaces; mobile devices; wizard of oz","10","81405594119, Scott Carter, FX Palo Alto Laboratory, Inc., Palo Alto, CA; 81100650762, Jennifer Mankoff, Carnegie Mellon University, Pittsburgh, PA; 81100465553, Jeffrey Heer, University of California, Berkeley, Berkeley, CA; "
"CHI","07","http://dx.doi.org/10.1145/1240624.1240645","Toolkit support for developing and deploying sensor-based statistical models of human situations","16 ","3","39","702","context-aware computing; machine-learning; subtle; user interfaces","10","81100142271, James Fogarty, University of Washington, Seattle, WA; 81328488846, Scott E. Hudson, Carnegie Mellon University, Pittsburgh, PA; "
"CHI","07","http://dx.doi.org/10.1145/1240624.1240646","Authoring sensor-based interactions by demonstration with direct manipulation and pattern recognition","33 ","7","109","1,383","design; input devices and strategies; pbd; sensors","10","81318498266, Bj&#246;rn Hartmann, Stanford University HCI Group, Stanford, CA; 81318497567, Leith Abdulla, Stanford University HCI Group, Stanford, CA; 81328489575, Manas Mittal, The MIT Medita Laboratory, Cambridge, MA; 81100364989, Scott R. Klemmer, Stanford University HCI Group, Stanford, CA; "
"CHI","07","http://dx.doi.org/10.1145/1240624.1240648","<i>Questions</i> not <i>answers</i>: a novel mobile search technique","13 ","5","111","1,506","human factors; location; social software","4","81328488881, Matt Jones, Swansea University, Swansea, Wales, UK; 81100456135, George Buchanan, Swansea University, Swansea, Wales, UK; 81452613064, Richard Harper, Microsoft Research, Cambridge, UK; 81321499781, Pierre-Louis Xech, Microsoft Research, Cambridge, UK; "
"CHI","07","http://dx.doi.org/10.1145/1240624.1240649","Tactile feedback for mobile interactions","59 ","48","332","2,521","experimentation; mobility; tactons","4","81100359199, Stephen Brewster, University of Glasgow, Glasgow, UK; 81328487749, Faraz Chohan, University of Glasgow, Glasgow, UK; 81100012726, Lorna Brown, University of Glasgow, Glasgow, UK; "
"CHI","07","http://dx.doi.org/10.1145/1240624.1240650","Revisiting and validating a model of two-thumb text entry","4 ","4","94","1,126","fitts' law; mini-qwerty","4","81100051899, Edward Clarkson, Georgia Institute of Technology, Atlanta, GA; 81100493601, Kent Lyons, Georgia Institute of Technology, Atlanta, GA; 81100469379, James Clawson, Georgia Institute of Technology, Atlanta, GA; 81100175439, Thad Starner, Georgia Institute of Technology, Atlanta, GA; "
"CHI","07","http://dx.doi.org/10.1145/1240624.1240651","""Jump and refine"" for rapid pointing on mobile phones","4 ","4","98","1,119","input devices and strategies; keystroke interaction; pointing task","4","81100326317, Martin Hachet, INRIA, Bordeaux, France; 81100366914, Joachim Pouderoux, LaBRI-INRIA, Bordeaux, France; 81100662055, Florence Tyndiuk, UTBM, Belfort - Montb&#233;liard, France; 81100383470, Pascal Guitton, LaBRI-INRIA, Bordeaux, France; "
"CHI","07","http://dx.doi.org/10.1145/1240624.1240653","Usability of voting systems: baseline data for paper, punch cards, and lever machines","4 ","3","56","776","dre; efficiency; subjective usability","10","81341488770, Michael D. Byrne, Rice University, Houston, TX; 81342495997, Kristen K. Greene, Rice University, Houston, TX; 81100122064, Sarah P. Everett, Rice University, Houston, TX; "
"CHI","07","http://dx.doi.org/10.1145/1240624.1240654","A game design methodology to incorporate social activist themes","11 ","5","88","1,172","activist games; design methods; game design","10","81100538614, Mary Flanagan, Hunter College, New York, NY; 81100104436, Helen Nissenbaum, New York University, New York, NY; "
"CHI","07","http://dx.doi.org/10.1145/1240624.1240656","Move to improve: promoting physical navigation to increase user performance with large displays","44 ","13","100","1,429","embodied interaction; large displays; physical navigation","10","81408591653, Robert Ball, Virginia Polytechnic Institute and State University, Blacksburg, VA; 81100142484, Chris North, Virginia Polytechnic Institute and State University, Blacksburg, VA; 81100288625, Doug A. Bowman, Virginia Polytechnic Institute and State University, Blacksburg, VA; "
"CHI","07","http://dx.doi.org/10.1145/1240624.1240657","Copy-and-paste between overlapping windows","10 ","3","53","851","copy-and-paste; human factors; overlapping windows; windowing systems","10","81319489300, Olivier Chapuis, LRI - Univ. Paris-Sud & CNRS and INRIA, Orsay, France; 81100029990, Nicolas Roussel, LRI - Univ. Paris-Sud & CNRS and INRIA, Orsay, France; "
"CHI","07","http://dx.doi.org/10.1145/1240624.1240658","Consistency, multiple monitors, and multiple windows","1 ","1","27","605","consistency; human factors; window management","4","81100006226, Dugald Ralph Hutchings, Bowling Green State University, Bowling Green, OH; 81100573160, John Stasko, Georgia Institute of Technology, Atlanta, GA; "
"CHI","07","http://dx.doi.org/10.1145/1240624.1240659","How pairs interact over a multimodal digital table","14 ","0","33","745","design; gestures; miscellaneous; speech","4","81100271603, Edward Tse, University of Calgary, Calgary, AB, Canada; 81100343583, Chia Shen, Mitsubishi Electric Research Laboratories, Cambridge, MA; 81100197069, Saul Greenberg, University of Calgary, Calgary, AB, Canada; 81100584798, Clifton Forlines, Mitsubishi Electric Research Laboratories, Cambridge, MA; "
"CHI","07","http://dx.doi.org/10.1145/1240624.1240661","An observational study on information flow during nurses' shift change","25 ","8","95","1,307","common information space; design; information assembly; information flow; observational study; shift change","10","81384594929, Charlotte Tang, University of Calgary, Calgary, AB, Canada; 81452616781, Sheelagh Carpendale, University of Calgary, Calgary, AB, Canada; "
"CHI","07","http://dx.doi.org/10.1145/1240624.1240662","Medical sensemaking with entity workspace","8 ","2","31","447","graphical user interfaces; human factors; quick click; sensemaking","4","81323488397, Dorrit Billman, Palo Alto Research Center: Inc., Palo Alto, CA; 81100084142, Eric A. Bier, Palo Alto Research Center: Inc., Palo Alto, CA; "
"CHI","07","http://dx.doi.org/10.1145/1240624.1240664","A cognitive constraint model of dual-task trade-offs in a highly dynamic driving task","7 ","3","106","1,168","driver distraction; human factors; multitasking; theory and methods","10","81328487836, Duncan P. Brumby, Drexel University, Philadelphia, PA; 81100489674, Andrew Howes, University of Manchester, Manchester, UK; 81100289294, Dario D. Salvucci, Drexel University, Philadelphia, PA; "
"CHI","07","http://dx.doi.org/10.1145/1240624.1240665","iPod distraction: effects of portable music-player use on driver performance","8 ","9","154","1,910","driver distraction; experimentation; human factors; human safety; ipod; performance","8","81100289294, Dario D. Salvucci, Drexel University, Philadelphia, PA; 81100421673, Daniel Markley, Drexel University, Philadelphia, PA; 81328491196, Mark Zuber, Drexel University, Philadelphia, PA; 81328487836, Duncan P. Brumby, Drexel University, Philadelphia, PA; "
"CHI","07","http://dx.doi.org/10.1145/1240624.1240666","InkSeine: <i>In Situ</i> search for active note taking","22 ","2","149","1,321","design; handwriting; ink; input devices and strategies; search","10","81100519448, Ken Hinckley, Microsoft Research, Redmond, WA; 81328491174, Shengdong Zhao, University of Toronto, Toronto, ON, Canada; 81100396865, Raman Sarin, Microsoft Research, Redmond, WA; 81100137268, Patrick Baudisch, Microsoft Research, Redmond, WA; 81100506242, Edward Cutrell, Microsoft Research, Redmond, WA; 81100465115, Michael Shilman, Microsoft Research, Redmond, WA; 81100255664, Desney Tan, Microsoft Research, Redmond, WA; "
"CHI","07","http://dx.doi.org/10.1145/1240624.1240668","Sharing a single expert among multiple partners","1 ","0","25","418","collaborative computing; experimentation; grounding; multi-party conversation; remote collaborative physical tasks; video-mediated communication","10","81311481846, Jeffrey Wong, Carnegie Mellon University, Pittsburgh, PA; 81100059735, Lui Min Oh, DSO National Laboratories, Singapore, Singapore; 81100177074, Jiazhi Ou, Carnegie Mellon University, Pittsburgh, PA; 81100481340, Carolyn P. Ros&#233;, Carnegie Mellon University, Pittsburgh, PA; 81548022688, Jie Yang, Carnegie Mellon University, Pittsburgh, PA; 81100583820, Susan R. Fussell, Carnegie Mellon University, Pittsburgh, PA; "
"CHI","07","http://dx.doi.org/10.1145/1240624.1240669","Dynamic detection of novice vs. skilled use without a task model","22 ","3","71","847","graphical user interfaces; performance; user/machine systems","10","81100325648, Amy Hurst, Carnegie Mellon, Pittsburgh, PA; 81328488846, Scott E. Hudson, Carnegie Mellon, Pittsburgh, PA; 81100650762, Jennifer Mankoff, Carnegie Mellon, Pittsburgh, PA; "
"CHI","07","http://dx.doi.org/10.1145/1240624.1240670","Approaches to web search and navigation for older computer novices","9 ","6","88","1,500","accessibility; human factors; interface layering; usability; web browser; web search","10","81100607591, Anna Dickinson, University of Dundee, Dundee, United Kingdom; 81320495105, Michael J. Smith, Fujitsu Services, Manchester, United Kingdom; 81100117616, John L. Arnott, University of Dundee, Dundee, United Kingdom; 81100393602, Alan F. Newell, University of Dundee, Dundee, United Kingdom; 81328488415, Robin L. Hill, University of Edinburgh, Edinburgh, United Kingdom; "
"CHI","07","http://dx.doi.org/10.1145/1240624.1240672","Designing a mobile user interface for automated species identification","7 ","11","118","1,367","botanical species identification; design; electronic field guide; graphical user interfaces; mobile computing","4","81313481954, Sean Michael White, Columbia University, New York, NY; 81328489652, Dominic Marino, Columbia University, New York, NY; 81100427474, Steven Feiner, Columbia University, New York, NY; "
"CHI","07","http://dx.doi.org/10.1145/1240624.1240673","BrickRoad: a light-weight tool for spontaneous design of location-enhanced applications","3 ","3","54","692","human factors; prototyping; ubiquitous computing; wizard of oz","4","81100526353, Alan L. Liu, University of Washington, Seattle, WA; 81350580013, Yang Li, University of Washington, Seattle, WA; "
"CHI","07","http://dx.doi.org/10.1145/1240624.1240674","Psychophysical elements of wearability","1 ","1","134","1,081","design; human factors; wearability; wearable technology","4","81309484542, Lucy E. Dunne, University College Dublin, Dublin, Ireland; 81100297638, Barry Smyth, University College Dublin, Dublin, Ireland; "
"CHI","07","http://dx.doi.org/10.1145/1240624.1240675","The tilt cursor: enhancing stimulus-response compatibility by providing 3d orientation cue of pen","12 ","3","106","1,066","cursor; human factors; orientation; stimulus-response compatibility","4","81100106876, Feng Tian, Chinese Academy of Sciences, Beijing, China; 81309481963, Xiang Ao, Chinese Academy of Sciences, Beijing, China; 81100220294, Hongan Wang, Chinese Academy of Sciences, Beijing, China and Nokia Research - Palo Alto, Palo Alto, CA; 81100609586, Vidya Setlur, Nokia Research - Palo Alto, Palo Alto, Palo Alto, CA; 81100172122, Guozhong Dai, Chinese Academy of Sciences, Beijing, China and Nokia Research - Palo Alto, Palo Alto, CA; "
"CHI","07","http://dx.doi.org/10.1145/1240624.1240676","How younger and older adults master the usage of hyperlinks in small screen devices","16 ","4","126","1,480","aging; cognitive user characteristics; ergonomics; human factors; measurement; navigation performance; qualitative user data analysis; user issues","10","81328491175, Martina Ziefle, RWTH Aachen University, Aachen, Germany; 81100252309, Ulrik Schroeder, RWTH Aachen University, Aachen, Germany; 81328490636, Judith Strenk, RWTH Aachen University, Aachen, Germany; 81447599269, Thomas Michel, RWTH Aachen University, Aachen, Germany; "
"CHI","07","http://dx.doi.org/10.1145/1240624.1240678","Modeling steering within above-the-surface interaction layers","11 ","3","46","592","3d; command layers; digital table; interaction styles","10","81328488736, Raghavendra S. Kattinakere, University of Saskatchewan, Saskatoon, SK, Canada; 81100477897, Tovi Grossman, University of Toronto, Toronto, ON, Canada; 81100277483, Sriram Subramanian, University of Saskatchewan, Saskatoon, SK, Canada; "
"CHI","07","http://dx.doi.org/10.1145/1240624.1240679","Quantifying degree of goal directedness in document navigation: application to the evaluation of the perspective-drag technique","6 ","3","41","465","document navigation; experimentation; goal-directed behavior; interaction techniques; perspective viewing","10","81100143867, Yves Guiard, University de la Mediterranee & CNRS, Marseilles, France; 81319491164, Yangzhou Du, University Paris-Sud & CNRS, INRIA, Orsay, France; 81319489300, Olivier Chapuis, University Paris-Sud & CNRS, INRIA, Orsay, France; "
"CHI","07","http://dx.doi.org/10.1145/1240624.1240680","PageLinker: integrating contextual bookmarks within a browser","6 ","1","33","647","biologists; browsers; evaluation/methodology; pagelinker; performance; user issues; web navigation","10","81328490759, Aur&#233;lien Tabard, INRIA and LRI - University Paris-Sud & CNRS, Orsay, France; 81100236706, Wendy Mackay, INRIA and LRI - University Paris-Sud & CNRS, Orsay, France; 81100029990, Nicolas Roussel, INRIA and LRI - University Paris-Sud & CNRS, Orsay, France; 81100163015, Catherine Letondal, Institut Pasteur, Paris, France; "
"CHI","07","http://dx.doi.org/10.1145/1240624.1240682","Give and take: a study of consumer photo-sharing culture and practice","70 ","51","290","2,466","consumer photography; domestic and leisure computing; miscellaneous","10","81328489429, Andrew D. Miller, Schematic, New York, NY; 81100595699, W. Keith Edwards, Georgia Tech, Atlanta, GA; "
"CHI","07","http://dx.doi.org/10.1145/1240624.1240683","Over-exposed?: privacy patterns and considerations in online and mobile photo sharing","56 ","10","106","2,120","context-aware; human factors; location-aware; photo sharing; privacy","10","81309491108, Shane Ahern, Yahoo! Research Berkeley, Berkeley, CA; 81350568241, Dean Eckles, Stanford University, Stanford, CA; 81423596141, Nathaniel S. Good, Yahoo! Research Berkeley, Berkeley, CA; 81328488677, Simon King, Yahoo! Research Berkeley, Berkeley, CA; 81100585927, Mor Naaman, Yahoo! Research Berkeley, Berkeley, CA; 81328489425, Rahul Nair, Yahoo! Research Berkeley, Berkeley, CA; "
"CHI","07","http://dx.doi.org/10.1145/1240624.1240684","EasyAlbum: an interactive photo annotation system based on face clustering and re-ranking","20 ","7","80","1,169","annotation; clustering; face recognition; graphical user interfaces; information filtering; prototyping","10","81455605332, Jingyu Cui, Tsinghua University, Beijing, China; 81314492312, Fang Wen, Microsoft Research Asia, Beijing, China; 81328491086, Rong Xiao, Microsoft Research Asia, Beijing, China; 81317501573, Yuandong Tian, ShangHai Jiaotong University, Shanghai, China; 81452597691, Xiaoou Tang, Microsoft Research Asia, Beijing, China; "
"CHI","07","http://dx.doi.org/10.1145/1240624.1240686","An exploration of web-based monitoring: implications for design","13 ","3","35","948","human factors; revisitation; task; theory; user issues","10","81100339801, Melanie Kellar, Dalhousie University, Halifax, NS, Canada; 81100083433, Carolyn Watters, Dalhousie University, Halifax, NS, Canada; 81100519232, Kori M. Inkpen, Dalhousie University, Halifax, NS, Canada; "
"CHI","07","http://dx.doi.org/10.1145/1240624.1240687","Investigating attractiveness in web user interfaces","23 ","38","157","3,065","aesthetics; design; judgement biases; theory and methods; websites","10","81328488619, Jan Hartmann, University of Manchester, Manchester, United Kingdom; 81100269401, Alistair Sutcliffe, University of Manchester, Manchester, United Kingdom; 81100647415, Antonella De Angeli, University of Manchester, Manchester, United Kingdom; "
"CHI","07","http://dx.doi.org/10.1145/1240624.1240688","The relationship between accessibility and usability of websites","40 ","61","249","3,098","accessibility; guidelines; human factors; theory and methods; user testing","10","81100022960, Helen Petrie, University of York, York, United Kingdom; 81328488969, Omar Kheir, University of York, York, United Kingdom; "
"CHI","07","http://dx.doi.org/10.1145/1240624.1240690","What are you looking for?: an eye-tracking study of information usage in web search","92 ","55","368","2,902","contextual snippets; eye tracking; miscellaneous; web search","10","81100506242, Edward Cutrell, Microsoft Research, Redmond, WA; 81543102456, Zhiwei Guan, University of Washington, Seattle, WA; "
"CHI","07","http://dx.doi.org/10.1145/1240624.1240691","An eye tracking study of the effect of target rank on web search","49 ","18","102","1,197","experimentation; miscellaneous; trust","4","81543102456, Zhiwei Guan, University of Washington, Seattle, WA; 81100506242, Edward Cutrell, Microsoft Research, Redmond, WA; "
"CHI","07","http://dx.doi.org/10.1145/1240624.1240692","EyePoint: practical pointing and selection using gaze and keyboard","41 ","11","126","1,080","design; eye tracking; human factors; pointing and selection","10","81328489040, Manu Kumar, Stanford University, HCI Group, Stanford, CA; 81100130120, Andreas Paepcke, Stanford University, HCI Group, Stanford, CA; 81100454567, Terry Winograd, Stanford University, HCI Group, Stanford, CA; "
"CHI","07","http://dx.doi.org/10.1145/1240624.1240693","A minimal model for predicting visual search in human-computer interaction","11 ","1","42","968","cognitive modeling; cognitive strategies; epic; experimentation; graphical user interfaces; human factors; screen design; theory; visual search","4","81100229966, Tim Halverson, University of Oregon, Eugene, OR; 81100426680, Anthony J. Hornof, University of Oregon, Eugene, OR; "
"CHI","07","http://dx.doi.org/10.1145/1240624.1240695","A familiar face(book): profile elements as signals in an online social network","82 ","54","572","7,112","collaborative computing; online social networks; signaling theory; web-based interaction","10","81320491642, Cliff A.C. Lampe, Michigan State University, East Lansing, MI; 81100185352, Nicole Ellison, Michigan State University, East Lansing, MI; 81100549611, Charles Steinfield, Michigan State University, East Lansing, MI; "
"CHI","07","http://dx.doi.org/10.1145/1240624.1240696","Constructing my online self: avatars that increase self-focused attention","12 ","8","115","1,411","avatars; self-awareness; theory","4","81311485195, Asimina Vasalou, Imperial College, London, United Kingdom; 81100339752, Adam N. Joinson, Open University, Milton Keynes, United Kingdom; 81340491827, Jeremy Pitt, Imperial College, London, United Kingdom; "
"CHI","07","http://dx.doi.org/10.1145/1240624.1240697","The truth about lying in online dating profiles","22 ","242","1,077","4,808","computer-mediated communication; experimentation; online dating; self-presentation","4","81100212035, Jeffrey T. Hancock, Cornell University, Ithaca, NY; 81328490425, Catalina Toma, Cornell University, Ithaca, NY; 81100185352, Nicole Ellison, Michigan State University, Lansing, MI; "
"CHI","07","http://dx.doi.org/10.1145/1240624.1240698","He says, she says: conflict and coordination in Wikipedia","110 ","49","337","2,996","collaboration; computer-supported collaborative work; conflict; measurement; user model; web-based interaction; web-based services; wikipedia","10","81350583094, Aniket Kittur, University of California, Los Angeles, Los Angeles, CA; 81100623883, Bongwon Suh, Palo Alto Research Center, Palo Alto, CA; 81328489834, Bryan A. Pendleton, Palo Alto Research Center, Palo Alto, CA; 81100330316, Ed H. Chi, Palo Alto Research Center, Palo Alto, CA; "
"CHI","07","http://dx.doi.org/10.1145/1240624.1240700","Modeling pointing at targets of arbitrary shapes","10 ","0","25","605","arbitrary shapes; graphical user interfaces; pointing","10","81100477897, Tovi Grossman, University of Toronto, Toronto, ON, Canada; 81536637456, Nicholas Kong, University of Toronto, Toronto, ON, Canada; 81100503904, Ravin Balakrishnan, University of Toronto, Toronto, ON, Canada; "
"CHI","07","http://dx.doi.org/10.1145/1240624.1240701","Perception of elementary graphical elements in tabletop and multi-surface environments","21 ","3","60","985","human factors; multi-display; tabletop","10","81100606762, Daniel Wigdor, Mitsubishi Electric Research Labs, Cambridge, MA and University of Toronto, Toronto, ON, Canada; 81100343583, Chia Shen, Mitsubishi Electric Research Labs, Cambridge, MA; 81100584798, Clifton Forlines, Mitsubishi Electric Research Labs, Cambridge, MA; 81100503904, Ravin Balakrishnan, University of Toronto, Toronto, ON, Canada; "
"CHI","07","http://dx.doi.org/10.1145/1240624.1240702","Exploring and reducing the effects of orientation on text readability in volumetric displays","4 ","0","47","607","collaborative computing; reading speed; volumetric displays","10","81100477897, Tovi Grossman, University of Toronto, Toronto, ON, Canada; 81100606762, Daniel Wigdor, University of Toronto, Toronto, ON, Canada; 81100503904, Ravin Balakrishnan, University of Toronto, Toronto, ON, Canada; "
"CHI","07","http://dx.doi.org/10.1145/1240624.1240704","Research through design as a method for interaction design research in HCI","120 ","113","997","6,045","design; design method; hci research; interaction design research; theory and methods","10","81406592256, John Zimmerman, Carnegie Mellon University, Pittsburgh, PA; 81100492013, Jodi Forlizzi, Carnegie Mellon University, Pittsburgh, PA; 81100302617, Shelley Evenson, Carnegie Mellon University, Pittsburgh, PA; "
"CHI","07","http://dx.doi.org/10.1145/1240624.1240705","Sustainable interaction design: invention & disposal, renewal & reuse","125 ","65","490","4,950","consumer products; design; human factors; markets; sustainability; theory","10","81100365314, Eli Blevis, Indiana University at Bloomington, Bloomington, IN; "
"CHI","07","http://dx.doi.org/10.1145/1240624.1240706","Computational composites","37 ","13","195","1,259","aesthetics; computational composites; general; material","10","81385600598, Anna Vallg&#229;rda, IT University: Copenhagen, Copenhagen, Denmark; 81100351120, Johan Redstr&#246;m, Interactive Institute, Stockholm, Sweden; "
"CHI","07","http://dx.doi.org/10.1145/1240624.1240708","Jogging the distance","25 ","2","56","776","community forums; evaluation/methodology; mobile phones","4","81311484769, Shannon O'Brien, CSIRO ICT Centre, Canberra, Australia; 81542332756, Florian ""Floyd"" Mueller, CSIRO ICT Centre, Canberra, Australia; "
"CHI","07","http://dx.doi.org/10.1145/1240624.1240710","Sabbath day home automation: ""it's like mixing technology and religion""","40 ","7","122","1,192","design; family life; miscellaneous; smart homes","10","81100327302, Allison Woodruff, Intel Research Berkeley, Berkeley, CA; 81350567614, Sally Augustin, Intel Digital Home Group, Hillsboro, OR; 81328488233, Brooke Foucault; "
"CHI","07","http://dx.doi.org/10.1145/1240624.1240711","Enhancing ubiquitous computing with user interpretation: field testing the home health horoscope","25 ","2","59","922","design; interpretation; ubiquitous computing","10","81100104022, William Gaver, Goldsmiths College, University of London, London, United Kingdom; 81100397464, Phoebe Sengers, Cornell University, Ithaca, NY; 81328488900, Tobie Kerridge, Goldsmiths College, University of London, London, United Kingdom; 81100005698, Joseph Kaye, Cornell University, Ithaca, NY; 81100260889, John Bowers, Goldsmiths College, University of London, London, United Kingdom; "
"CHI","07","http://dx.doi.org/10.1145/1240624.1240712","Home networking and HCI: what hath god wrought?","23 ","8","58","1,155","computer networking; home computing; human factors; management/maintenance; troubleshooting","10","81328490243, Erika Shehan, Georgia Institute of Technology, Atlanta, GA; 81100595699, W. Keith Edwards, Georgia Institute of Technology, Atlanta, GA; "
"CHI","07","http://dx.doi.org/10.1145/1240624.1240714","Let's go to the whiteboard: how and why software developers use drawings","45 ","7","162","1,788","computer-supported cooperative work; design; exploratory/field study","10","81328487693, Mauro Cherubini, &#201;cole Polytechnique F&#233;d&#233;rale de Lausanne (EPFL), Lausanne, Switzerland; 81100190815, Gina Venolia, Microsoft Research, Redmond, WA; 81350602833, Rob DeLine, Microsoft Research, Redmond, WA; 81100500360, Andrew J. Ko, Carnegie Mellon University, Pittsburgh, PA; "
"CHI","07","http://dx.doi.org/10.1145/1240624.1240715","Aligning development tools with the way programmers think about code changes","8 ","4","41","695","cognitive dimensions; human factors; transformations; visual languages","10","81100402373, Marat Boshernitsan, Agitar Software: Inc., Mountain View, CA; 81452606376, Susan L. Graham, University of California, Berkeley, Berkeley, CA; 81100612246, Marti A. Hearst, University of California, Berkeley, Berkeley, CA; "
"CHI","07","http://dx.doi.org/10.1145/1240624.1240716","Task and social visualization in software development: evaluation of a prototype","12 ","2","52","931","change tracking systems; computer-supported cooperative work; design; human factors; social visualization; task visualization","10","81332497475, Jason B. Ellis, IBM T.J. Watson Research Center, Yorktown Heights, NY; 81314495363, Shahtab Wahid, Virginia Tech, Blacksburg, VA; 81100064306, Catalina Danis, IBM T.J. Watson Research Center, Yorktown Heights, NY; 81100457150, Wendy A. Kellogg, IBM T.J. Watson Research Center, Yorktown Heights, NY; "
"CHI","07","http://dx.doi.org/10.1145/1240624.1240718","IGroup: presenting web image search results in semantic clusters","22 ","0","34","796","design; image search result clustering; search result clustering","10","81384600966, Shuo Wang, Microsoft Research Asia, Beijing, China; 81452604601, Feng Jing, Microsoft Research Asia, Beijing, China; 81328488592, Jibo He, Peking University, Beijing, China; 81542442556, Qixing Du, Tsinghua University, Beijing, China; 81408598560, Lei Zhang, Microsoft Research Asia, Beijing, China; "
"CHI","07","http://dx.doi.org/10.1145/1240624.1240719","Web page revisitation revisited: implications of a long-term click-stream study of browser usage","45 ","11","111","1,208","history; hypertext; recurrence rate; user issues; web browsing","10","81100420960, Hartmut Obendorf, University of Hamburg, Hamburg, Germany; 81100662073, Harald Weinreich, University of Hamburg, Hamburg, Germany; 81100336533, Eelco Herder, University of Hanover, Hanover, Germany; 81100132976, Matthias Mayer, University of Hamburg, Hamburg, Germany; "
"CHI","07","http://dx.doi.org/10.1145/1240624.1240720","Noticing notice: a large-scale experiment on the timing of software license agreements","15 ","3","42","582","end user license agreement; interaction styles; notice; privacy; regulation; spyware; timing","10","81423596141, Nathaniel S. Good, University of California, Berkeley, Berkeley, CA; 81100103310, Jens Grossklags, University of California, Berkeley, Berkeley, CA; 81100290096, Deirdre K. Mulligan, Boalt School of Law, UC Berkeley, Berkeley, CA; 81100049091, Joseph A. Konstan, University of Minnesota, Minneapolis, MN; "
"CHI","07","http://dx.doi.org/10.1145/1240624.1240722","Meta-analysis of correlations among usability measures","30 ","25","152","2,061","evaluation/methodology; human factors; measurement; subjective satisfaction; usability measures","10","81100047223, Kasper Hornb&#230;k, University of Copenhagen, Copenhagen, Denmark; 81100048163, Effie Lai-Chong Law, Eidgen&#246;ssische Technische Hochschule Z&#252;rich, Z&#252;rich, Switzerland; "
"CHI","07","http://dx.doi.org/10.1145/1240624.1240723","A predictive model of menu performance","53 ","16","150","1,663","adaptive behaviour; hick-hyman law; interaction styles; performance modelling","10","81100607754, Andy Cockburn, University of Canterbury, Christchurch, New Zealand; 81100275704, Carl Gutwin, University of Saskatchewan, Saskatoon, UNK, Canada; 81100197069, Saul Greenberg, University of Calgary, Calgary, Canada; "
"CHI","07","http://dx.doi.org/10.1145/1240624.1240724","Endpoint prediction using motion kinematics","15 ","7","87","793","cursor prediction; human factors; minimum jerk; motion","10","81315489747, Edward Lank, University of Waterloo, Waterloo, ON, Canada; 81407592627, Yi-Chun Nikko Cheng, San Francisco State University, San Francisco, CA; 81341495915, Jaime Ruiz, University of Waterloo, Waterloo, ON, Canada; "
"CHI","07","http://dx.doi.org/10.1145/1240624.1240726","Direct-touch vs. mouse input for tabletop displays","87 ","47","390","3,470","bimanual input; human factors; multiple mice","10","81100584798, Clifton Forlines, Mitsubishi Electric Research Labs, Cambridge, MA and University of Toronto, Toronto, ON, Canada; 81100606762, Daniel Wigdor, Mitsubishi Electric Research Labs, Cambridge, MA and University of Toronto, Toronto, ON, Canada; 81100343583, Chia Shen, Mitsubishi Electric Research Labs, Cambridge, MA; 81100503904, Ravin Balakrishnan, University of Toronto, Toronto, ON, Canada; "
"CHI","07","http://dx.doi.org/10.1145/1240624.1240727","Shift: a technique for operating pen-based interfaces using touch","119 ","29","266","2,254","human factors; interaction styles; mobile devices; precise target acquisition; touch-screens","10","81100054467, Daniel Vogel, University of Toronto, Toronto, ON, Canada; 81100137268, Patrick Baudisch, Microsoft Research, Redmond, WA; "
"CHI","07","http://dx.doi.org/10.1145/1240624.1240728","An alternative to push, press, and tap-tap-tap: gesturing on an isometric joystick for mobile phone text entry","12 ","6","69","1,089","design; experimentation; human factors; isometric joysticks; multitap; smartphones; text input","10","81100086173, Jacob O. Wobbrock, University of Washington, Seattle, WA; 81311482767, Duen Horng Chau, Carnegie Mellon University, Pittsburgh, PA; 81100013136, Brad A. Myers, Carnegie Mellon University, Pittsburgh, PA; "
"CHI","07","http://dx.doi.org/10.1145/1240624.1240730","Disruption and recovery of computing tasks: field study, analysis, and directions","53 ","16","204","1,434","attention; human factors; notifications; user interfaces","10","81343495796, Shamsi T. Iqbal, University of Illinois, Urbana, IL; 81100323543, Eric Horvitz, Microsoft Research, Redmond, WA; "
"CHI","07","http://dx.doi.org/10.1145/1240624.1240731","CAAD: an automatic task support system","23 ","8","77","821","activity; applications and expert systems; experimentation; task","10","81100272874, Tye Rattenbury, UC Berkeley, Berkeley, CA; 81100415489, John Canny, UC Berkeley, Berkeley, CA; "
"CHI","07","http://dx.doi.org/10.1145/1240624.1240732","Understanding and developing models for detecting and differentiating breakpoints during interactive tasks","19 ","9","112","1,038","attention; experimentation; human factors; interruption","10","81343495796, Shamsi T. Iqbal, University of Illinois, Urbana, IL; 81100615948, Brian P. Bailey, University of Illinois, Urbana, IL; "
"CHI","07","http://dx.doi.org/10.1145/1240624.1240734","Implicit coordination in firefighting practice: design implications for teaching fire emergency responders","11 ","7","49","657","design; emergency response; firefighting; implicit coordination","10","81309499161, Zachary O. Toups, Texas A&M University, College Station, TX; 81100203284, Andruid Kerne, Texas A&M University, College Station, TX; "
"CHI","07","http://dx.doi.org/10.1145/1240624.1240735","Back stage on the front lines: perspectives and performance in the combat information center","2 ","3","31","446","command; control and communication; self-presentation; tactical data systems","10","81100590142, Paul M. Aoki, Intel Research, Berkeley, CA; "
"CHI","07","http://dx.doi.org/10.1145/1240624.1240736","Citizen communications in crisis: anticipating a future of ICT-supported public participation","45 ","52","285","2,170","collaborative computing; computer-supported cooperative work; crisis; disasters; grassroots; nims; peer to peer; volunteerism","10","81100610626, Leysia Palen, University of Colorado, Boulder, Boulder, CO; 81320492590, Sophia B. Liu, University of Colorado, Boulder, Boulder, CO; "
"CHI","07","http://dx.doi.org/10.1145/1240624.1240738","Transfer scenarios: grounding innovation with marginal practices","30 ","11","115","1,315","design; grounded innovation; prototyping; transfer scenarios","10","81100194686, Sara Ljungblad, Viktoria Institute, Gothenburg, Sweden; 81100144729, Lars Erik Holmquist, Interaction Lab, Swedish Institute of Computer Science, Stockholm, Sweden; "
"CHI","07","http://dx.doi.org/10.1145/1240624.1240739","Work-centered design: a case study of a mixed-initiative scheduler","9 ","3","102","1,056","business process reengineering; design; miscellaneous; requirements analysis; top-level algorithm; user interfaces; work-centered","10","81100548093, Keith A. Butler, Microsoft Global Services Automation, Redmond, WA; 81343510298, Jiajie Zhang, University of Texas at Houston, Houston, TX; 81541025156, Chris Esposito, Boeing Math & Computing Technology, Bellevue, WA; 81100243296, Ali Bahrami, Boeing Math & Computing Technology, Bellevue, WA; 81332503572, Ron Hebron, Boeing Math & Computing Technology, Bellevue, WA; 81100254452, David Kieras, Univeristy of Michigan, Ann Arbor, MI; "
"CHI","07","http://dx.doi.org/10.1145/1240624.1240741","Pointing lenses: facilitating stylus input through visual-and motor-space magnification","26 ","4","63","818","design; graphical user interfaces; interaction styles; lenses; pressure widgets","10","81100092787, Gonzalo Ramos, University of Toronto, Toronto, ON, Canada; 81100607754, Andy Cockburn, University of Canterbury, Christchurch , New Zealand; 81100503904, Ravin Balakrishnan, University of Toronto, Toronto, ON, Canada; 81100644686, Michel Beaudouin-Lafon, Univ. Paris-Sud & CNRS, INRIA, Orsay, France; "
"CHI","07","http://dx.doi.org/10.1145/1240624.1240742","Comparing physical, automatic and manual map rotation for pedestrian navigation","15 ","9","63","879","automatic rotation; egocentric maps; human factors; mobile computing","10","81365590744, Will Seager, University College London, London, United Kingdom; 81100364378, Danae Stanton Fraser, University of Bath, Bath, United Kingdom; "
"CHI","07","http://dx.doi.org/10.1145/1240624.1240744","Senspectra: a computationally augmented physical modeling toolkit for sensing and visualization of structural strain","10 ","1","25","537","3d visualization; materiality; structural analysis","4","81100203662, Vincent LeClerc, Tangible Media Group, MIT Media Lab, Cambridge, MA; 81100008987, Amanda Parkes, Tangible Media Group, MIT Media Lab, Cambridge, MA; 81100363076, Hiroshi Ishii, Tangible Media Group, MIT Media Lab, Cambridge, MA; "
"CHI","07","http://dx.doi.org/10.1145/1240624.1240745","Tangible user interface for chemistry education: comparative evaluation and re-design","17 ","12","128","959","artificial, augmented, and virtual realities; chemistry; education; human factors; tangible user interface","4","81100571519, Morten Fjeld, Chalmers University of Technology, Gothenburg, Sweden; 81332499396, Jonas Fredriksson, Chalmers University of Technology, Gothenburg, Sweden; 81388593285, Martin Ejdestig, Chalmers University of Technology, Gothenburg, Sweden; 81388596514, Florin Duca, Chalmers University of Technology, Gothenburg, Sweden; 81388597730, Kristina B&#246;tschi, Zurich University, Zurich, Switzerland; 81100631559, Benedikt Voegtli; 81100439711, Patrick Juchli; "
"CHI","07","http://dx.doi.org/10.1145/1240624.1240746","Mechanical constraints as computational constraints in tabletop tangible interfaces","26 ","10","92","1,314","actuation; human factors; input devices and strategies; interactive surface; tangible interfaces","10","81100339352, James Patten, MIT Media Lab, Cambridge, MA; 81100363076, Hiroshi Ishii, MIT Media Lab, Cambridge, MA; "
"CHI","07","http://dx.doi.org/10.1145/1240624.1240747","Intimate interfaces in action: assessing the usability and subtlety of emg-based motionless gestures","12 ","8","78","974","electromyogram; human factors; intimate interface; motionless gestures; subtle interaction","10","81100088903, Enrico Costanza, EPFL, Lausanne, Switzerland; 81100662683, Samuel A. Inverso, ANU, Canberra, Australia; 81328487657, Rebecca Allen, UCLA, Los Angeles, CA; 81100086306, Pattie Maes, MIT, Cambridge, MA; "
"CHI","07","http://dx.doi.org/10.1145/1240624.1240749","Project massive: self-regulation and problematic use of online gaming","9 ","25","177","2,184","addiction; general; mmorpg; play motivation; social integration","10","81100119487, A. Fleming Seay, University of Texas, Austin, TX; 81328489038, Robert E. Kraut, Carnegie Mellon University, Pittsburgh, PA; "
"CHI","07","http://dx.doi.org/10.1145/1240624.1240750","The life and death of online gaming communities: a look at guilds in world of warcraft","38 ","42","238","3,015","collaborative computing; group dynamics; massively multiplayer online games; social networks","10","81100116901, Nicolas Ducheneaut, Palo Alto Research Center, Palo Alto, CA; 81319504922, Nicholas Yee, Stanford University, Palo Alto, CA; 81311483684, Eric Nickell, Palo Alto Research Center, Palo Alto, CA; 81406599272, Robert J. Moore, Palo Alto Research Center, Palo Alto, CA; "
"CHI","07","http://dx.doi.org/10.1145/1240624.1240751","Testing the technology: playing games with video conferencing","7 ","4","38","483","computer conferencing, teleconferencing, and videoconferencing; games; social interaction; video mediated communication","4","81328487513, Archer L. Batcheller, University of Michigan, Ann Arbor, MI; 81371594076, Brian Hilligoss, University of Michigan, Ann Arbor, MI; 81328489387, Kevin Nam, University of Michigan, Ann Arbor, MI; 81328489766, Emilee Rader, University of Michigan, Ann Arbor, MI; 81328490236, Marta Rey-Babarro, University of Michigan, Ann Arbor, MI; 81416595640, Xiaomu Zhou, University of Michigan, Ann Arbor, MI; "
"CHI","07","http://dx.doi.org/10.1145/1240624.1240752","Using heart rate to control an interactive game","23 ","10","93","1,047","evaluation/methodology; heart rate interaction; interaction styles; prototyping","4","81328489808, Ville Nenonen, Helsinki University of Technology, Espoo, Finland; 81328489097, Aleksi Lindblad, Helsinki University of Technology, Espoo, Finland; 81328488571, Ville H&#228;kkinen, Helsinki University of Technology, Espoo, Finland; 81328489329, Toni Laitinen, Helsinki University of Technology, Espoo, Finland; 81328488952, Mikko Jouhtio, Helsinki University of Technology, Espoo, Finland; 81100307069, Perttu H&#228;m&#228;l&#228;inen, Helsinki University of Technology, Espoo, Finland; "
"CHI","07","http://dx.doi.org/10.1145/1240624.1240754","Consuming video on mobile devices","55 ","15","166","2,215","diary study; interviews; mobile tv; mobility","10","81452615958, Kenton O'Hara, Hewlett-Packard Labs, Bristol, United Kingdom; 81328489374, April Slayden Mitchell, Hewlett-Packard Labs, Palo Alto, CA; 81100243361, Alex Vorbau, Hewlett-Packard Labs, Palo Alto, CA; "
"CHI","07","http://dx.doi.org/10.1145/1240624.1240755","Effects of audio and visual surrogates for making sense of digital video","12 ","3","40","697","design; human factors; multimedia information systems","10","81328490763, Yaxiao Song, University of North Carolina at Chapel Hill, Chapel Hill, NC; 81100052406, Gary Marchionini, University of North Carolina at Chapel Hill, Chapel Hill, NC; "
"CHI","07","http://dx.doi.org/10.1145/1240624.1240756","Watching together: integrating text chat with video","30 ","11","136","1,338","chat; friends; social tv; synchronous interaction","10","81311482644, Justin D. Weisz, Carnegie Mellon University, Pittsburgh, PA; 81100476487, Sara Kiesler, Carnegie Mellon University, Pittsburgh, PA; 81406596512, Hui Zhang, Carnegie Mellon University, Pittsburgh, PA; 81323495408, Yuqing Ren, Carnegie Mellon University, Pittsburgh, PA; 81328489038, Robert E. Kraut, Carnegie Mellon University, Pittsburgh, PA; 81100049091, Joseph A. Konstan, University of Minnesota, Minneapolis, MN; "
"CHI","07","http://dx.doi.org/10.1145/1240624.1240758","Pictures at the ATM: exploring the usability of multiple graphical passwords","24 ","5","85","1,291","atms; authentication mechanisms; graphical user interfaces; interaction styles; security; user authentication","8","81350572262, Wendy Moncur, Aberdeen University, Aberdeen, United Kingdom; 81418598724, Gr&#233;gory Lepl&#226;tre, Napier University, Edinburgh, United Kingdom; "
"CHI","07","http://dx.doi.org/10.1145/1240624.1240759","Password sharing: implications for security design based on social practice","19 ","8","68","1,026","australia; human factors; security; sharing passwords; social issues","10","81327491671, Supriya Singh, RMIT University, Melbourne, Australia; 81324488304, Anuja Cabraal, RMIT University, Melbourne, Australia; 81328488202, Catherine Demosthenous, Griffith University, Brisbane, Australia; 81328487555, Gunela Astbrink; 81328488001, Michele Furlong; "
"CHI","07","http://dx.doi.org/10.1145/1240624.1240760","Protecting people from phishing: the design and evaluation of an embedded training email system","20 ","18","131","2,068","email; human factors; security and protection; usable privacy and security; user/machine systems","10","81328489236, Ponnurangam Kumaraguru, Carnegie Mellon University, Pittsburgh, PA; 81339524343, Yong Rhee, Carnegie Mellon University, Pittsburgh, PA; 81100485879, Alessandro Acquisti, Carnegie Mellon University, Pittsburgh, PA; 81100472223, Lorrie Faith Cranor, Carnegie Mellon University, Pittsburgh, PA; 81408598366, Jason Hong, Carnegie Mellon University, Pittsburgh, PA; 81328490042, Elizabeth Nunge, Carnegie Mellon University, Pittsburgh, PA; "
"CHI","07","http://dx.doi.org/10.1145/1240624.1240762","Studying antecedents of emotional experiences in interactive contexts","18 ","14","125","1,051","aesthetics; evaluation/methodology; physiological methods; user experience","4","81100622743, Sascha Mahlke, Berlin University of Technoology, Berlin, Germany; 81100477101, Manfred Th&#252;ring, Berlin University of Technoology, Berlin, Germany; "
"CHI","07","http://dx.doi.org/10.1145/1240624.1240763","Patterns of empathy in online communication","14 ","15","119","1,463","computer-mediated communication; empathy; miscellaneous; online community; social issues","10","81328489771, Ulrike Pfeil, City University, London, United Kingdom; 81100017588, Panayiotis Zaphiris, City University, London, United Kingdom; "
"CHI","07","http://dx.doi.org/10.1145/1240624.1240764","Expressing emotion in text-based communication","21 ","41","234","1,884","affect; emotion; linguistic; psychology","4","81100212035, Jeffrey T. Hancock, Cornell University, Ithaca, NY; 81328489055, Christopher Landrigan, Cornell University, Ithaca, NY; 81328490464, Courtney Silver, Cornell University, Ithaca, NY; "
"CHI","07","http://dx.doi.org/10.1145/1240624.1240765","Exploring affective design for physical controls","9 ","6","59","1,097","affect; design process; experimentation; haptic i/o; knob; rotary fitts-like task","10","81100548789, Colin Swindells, University of British Columbia, Vancouver, BC, Canada; 81100608981, Karon E. MacLean, University of British Columbia, Vancouver, BC, Canada; 81100170154, Kellogg S. Booth, University of British Columbia, Vancouver, BC, Canada; 81100199034, Michael J. Meitner, University of British Columbia, Vancouver, BC, Canada; "
"CHI","07","http://dx.doi.org/10.1145/1240624.1240767","Koala: capture, share, automate, personalize business processes on the web","60 ","6","69","1,034","automation; human factors; interactive environments; programming by demonstration","4","81336491037, Greg Little, MIT CSAIL, Cambridge, MA; 81100206193, Tessa A. Lau, IBM Almaden Research Center, San Jose, CA; 81100562008, Allen Cypher, IBM Almaden Research Center, San Jose, CA; 81471640432, James Lin, IBM Almaden Research Center, San Jose, CA; 81100560153, Eben M. Haber, IBM Almaden Research Center, San Jose, CA; 81100204008, Eser Kandogan, IBM Almaden Research Center, San Jose, CA; "
"CHI","07","http://dx.doi.org/10.1145/1240624.1240768","Understanding memory triggers for task tracking","9 ","1","25","481","field study; information worker; status reports","4","81332491415, A.J. Bernheim Brush, Microsoft Research, Redmond, WA; 81100591949, Brian R. Meyers, Microsoft Research, Redmond, WA; 81100255664, Desney S. Tan, Microsoft Research, Redmond, WA; 81100280834, Mary Czerwinski, Microsoft Research, Redmond, WA; "
"CHI","07","http://dx.doi.org/10.1145/1240624.1240769","Exploring patterns of social commonality among file directories at work","9 ","1","27","639","cscw; file management; miscellaneous; social recommendation","10","81405592014, John C. Tang, IBM Research, San Jose, CA; 81100142159, Clemens Drews, IBM Research, San Jose, CA; 81100077448, Mark Smith, IBM Research, San Jose, CA; 81350591670, Fei Wu, University of Washington, Seattle, WA; 81100265477, Alison Sue, IBM Research, San Jose, CA; 81100206193, Tessa Lau, IBM Research, San Jose, CA; "
"CHI","07","http://dx.doi.org/10.1145/1240624.1240770","A study of out-of-turn interaction in menu-based, IVR, voicemail systems","13 ","3","35","638","automated telephone services; design; human factors; interactive voice-response systems; mixed-initiative interaction; performance; usability; voice i/o","10","81100027863, Saverio Perugini, University of Dayton, Dayton, OH; 81328487498, Taylor J. Anderson, University of Dayton, Dayton, OH; 81328489479, William F. Moroney, University of Dayton, Dayton, OH; "
"CHI","07","http://dx.doi.org/10.1145/1240624.1240772","Why we tag: motivations for annotation in mobile and online media","228 ","66","444","4,107","annotation; collection organization; digital photographs; incentives; miscellaneous; photo sharing","10","81100499551, Morgan Ames, Stanford University, Stanford, CA; 81100585927, Mor Naaman, Yahoo! Research Berkeley, Berkeley, CA; "
"CHI","07","http://dx.doi.org/10.1145/1240624.1240773","Selection-based note-taking applications","5 ","7","61","815","annotation; design; experimentation; miscellaneous; note-taking","10","81311480901, Aaron Bauer, Carnegie Mellon University, Pittsburgh, PA; 81100484653, Kenneth R. Koedinger, Carnegie Mellon University, Pittsburgh, PA; "
"CHI","07","http://dx.doi.org/10.1145/1240624.1240774","Mobile interaction with visual and RFID tags: a field study on user perceptions","14 ","9","57","1,339","human factors; mobile interaction; user studies","4","81351603904, Kaj M&#228;kel&#228;, Nokia Research Center, Helsinki, Finland; 81328487483, Sara Belt, Nokia Multimedia, Oulu, Finland; 81328488430, Dan Greenblatt, Georgia Inst. of Technology, Altanta, GA; 81100417488, Jonna H&#228;kkil&#228;, Nokia Research Center, Helsinki, Finland; "
"CHI","07","http://dx.doi.org/10.1145/1240624.1240775","Getting our head in the clouds: toward evaluation studies of tagclouds","71 ","20","155","2,251","design; folksonomy; miscellaneous; tagcloud; visualization","4","81328490097, A. W. Rivadeneira, University of Maryland, College Park, MD; 81100266978, Daniel M. Gruen, IBM Research, Cambridge, MA; 81332517372, Michael J. Muller, IBM Research, Cambridge, MA; 81100086599, David R. Millen, IBM Research, Cambridge, MA; "
"CHI","07","http://dx.doi.org/10.1145/1240624.1240777","Supporting multi-point interaction in visual workspaces","8 ","4","43","793","fisheye views; interaction styles; visual workspaces","10","81100596912, Garth Shoemaker, University of Saskatchewan, Saskatoon, SK, Canada; 81100275704, Carl Gutwin; "
"CHI","07","http://dx.doi.org/10.1145/1240624.1240778","Multimodal redundancy across handwriting and speech during computer mediated human-human interactions","9 ","0","34","590","experimentation; input devices and strategies; measurement; natural language","10","81100460794, Edward C. Kaiser, Adapx, Seattle, WA; 81100242831, Paulo Barthelmess, Adapx, Seattle, WA; 81328488291, Candice Erdmann, Adapx, Seattle, WA; 81100149852, Phil Cohen, Adapx, Seattle, WA; "
"CHI","07","http://dx.doi.org/10.1145/1240624.1240780","An empirical study of the use of visually enhanced voip audio conferencing: the case of IEAC","3 ","1","26","499","audio conferencing; conference call; evaluation/methodology; graphical user interfaces; screen design; social translucence; telephony; voip","10","81372591590, Xianghua Ding, UC Irvine, Irvine, CA; 81100235869, Thomas Erickson, IBM T. J. Watson Research Center, Yorktown Heighs, NY; 81100457150, Wendy A. Kellogg, IBM T. J. Watson Research Center, Yorktown Heighs, NY; 81100154679, Stephen Levy, IBM T. J. Watson Research Center, Yorktown Heighs, NY; 81100285123, James E. Christensen, IBM T. J. Watson Research Center, Yorktown Heighs, NY; 81100635849, Jeremy Sussman, IBM T. J. Watson Research Center, Yorktown Heighs, NY; 81100334692, Tracee Vetting Wolf, IBM T. J. Watson Research Center, Yorktown Heighs, NY; 81100291403, William E. Bennett, IBM T. J. Watson Research Center, Yorktown Heighs, NY; "
"CHI","07","http://dx.doi.org/10.1145/1240624.1240781","Voyagers and voyeurs: supporting asynchronous collaborative information visualization","41 ","12","123","1,183","annotation; bookmarks; design; groupware; information visualization; user interfaces","10","81100465553, Jeffrey Heer, University of California, Berkeley, Berkeley, CA; 81100539968, Fernanda B. Vi&#233;gas, IBM Visual Communication Lab, Cambridge, MA; 81100331534, Martin Wattenberg, IBM Visual Communication Lab, Cambridge, MA; "
"CHI","07","http://dx.doi.org/10.1145/1240624.1240782","Turn it &lt;u&gt;this&lt;/u&gt; way: grounding collaborative action with remote gestures","21 ","6","62","799","computer conferencing, teleconferencing, and videoconferencing; conversational grounding; human factors; overlaps","10","81100166914, David Kirk, University of Nottingham, Nottingham, United Kingdom; 81100347821, Tom Rodden, University of Nottingham, Nottingham, United Kingdom; 81100364378, Dana&#235; Stanton Fraser, University of Bath, Bath, United Kingdom; "
"CHI","07","http://dx.doi.org/10.1145/1240624.1240784","The validity of a virtual human experience for interpersonal skills education","11 ","34","100","933","evaluation/methodology; human factors; medicine; validation; virtual characters; virtual reality","10","81100065353, Kyle Johnsen, University of Florida, Gainesville, FL; 81100090223, Andrew Raij, University of Florida, Gainesville, FL; 81100662541, Amy Stevens, University of Florida, Gainesville, FL; 81320492397, D. Scott Lind, Medical College of Georgia, Augusta, GA; 81100447782, Benjamin Lok, University of Florida, Gainesville, FL; "
"CHI","07","http://dx.doi.org/10.1145/1240624.1240785","Modeling and understanding students' off-task behavior in intelligent tutoring systems","24 ","4","87","1,096","human factors; miscellaneous; motivation; user attitudes","10","81436593472, Ryan S.J.d. Baker, University of Nottingham, Nottingham, United Kingdom; "
"CHI","07","http://dx.doi.org/10.1145/1240624.1240786","Improvisation principles and techniques for design","3 ","7","79","701","collaboration; design; group and organization interfaces; management","4","81328488417, Elizabeth Gerber, Stanford University, Stanford, CA; "
"CHI","07","http://dx.doi.org/10.1145/1240624.1240787","Supporting multidisciplinary collaboration: requirements from novel HCI education","6 ","5","48","603","design; design tools; fine arts; low fidelity prototyping; prototyping; theory","4","81100324367, Piotr D. Adamczyk, University of Illinois at Urbana-Champaign, Urbana, IL; 81100388948, Michael B. Twidale, University of Illinois at Urbana-Champaign, Urbana, IL; "
"CHI","07","http://dx.doi.org/10.1145/1240624.1240789","How HCI interprets the probes","64 ","41","412","2,997","cultural probes; probes; theory","10","81100556191, Kirsten Boehner, Cornell University, Ithaca, NY; 81328491066, Janet Vertesi, Cornell University, Ithaca, NY; 81100397464, Phoebe Sengers, Cornell University, Ithaca, NY; 81100521529, Paul Dourish, U. California, Irvine, Irvine, CA; "
"CHI","07","http://dx.doi.org/10.1145/1240624.1240790","Social dynamics of early stage co-design in developing regions","18 ","4","45","948","design; digital divide; ict4d; social issues","10","81100153501, Divya Ramachandran, University of California: Berkeley, Berkeley, CA; 81100222950, Matthew Kam, University of California: Berkeley, Berkeley, CA; 81328487987, Jane Chiu, Google Inc., Santa Monica, CA; 81100415489, John Canny, University of California: Berkeley, Berkeley, CA; 81328488003, James F. Frankel, Frankel and Associates: Inc., Lexington, MA; "
"CHI","07","http://dx.doi.org/10.1145/1240624.1240791","Localized iterative design for language learning in underdeveloped regions: the PACE framework","17 ","6","50","880","content development; developing world; human factors; literacy; miscellaneous; third world","10","81100222950, Matthew Kam, University of California: Berkeley, Berkeley, CA; 81100153501, Divya Ramachandran, University of California: Berkeley, Berkeley, CA; 81328488221, Varun Devanathan, University of California: Berkeley, Berkeley, CA; 81328490418, Anuj Tewari, Dhirubhai Ambani Institute of Information and Communication Technology, Gandhinagar, India; 81100415489, John Canny, University of California: Berkeley, Berkeley, CA; "
"CHI","07","http://dx.doi.org/10.1145/1240624.1240793","iStuff mobile: rapidly prototyping new mobile phone interfaces for ubiquitous computing","21 ","25","105","1,664","cell phone; design; interaction styles; prototyping; rapid prototyping; user interfaces; visual programming","10","81405596165, Rafael Ballagas, RWTH Aachen University, Aachen, Germany; 81546610856, Faraz Memon, RWTH Aachen University, Aachen, Germany; 81384599525, Rene Reiners, RWTH Aachen University, Aachen, Germany; 81100443423, Jan Borchers, RWTH Aachen University, Aachen, Germany; "
"CHI","07","http://dx.doi.org/10.1145/1240624.1240794","Appropriation of a MMS-based comic creator: from system functionalities to resources for action","25 ","1","26","513","appropriation; evolving use; interpersonal communication; resources; theory","10","81100551588, Antti Salovaara, Helsinki Institute for Information Technology HIIT, Helsinki, Finland; "
"CHI","07","http://dx.doi.org/10.1145/1240624.1240795","Mobile kits and laptop trays: managing multiple devices in mobile information work","27 ","6","76","857","design; miscellaneous; multiple devices; synchronization","10","81100333050, Antti Oulasvirta, Helsinki Institute for Information Technology (HIIT), Helsinki, Finland; 81328490752, Lauri Sumari, Helsinki Institute for Information Technology (HIIT), Helsinki, Finland; "
"CHI","07","http://dx.doi.org/10.1145/1240624.1240797","Command strokes with and without preview: using pen gestures on keyboard for command selection","18 ","5","73","1,052","algorithms; design; human factors; interaction styles; keyboard shortcuts; shorthand; theory and methods","10","81100362804, Per Ola Kristensson, Link&#246;pings universitet, Link&#246;ping, Sweden; 81408591988, Shumin Zhai, IBM Almaden Research Center, San Jose, CA; "
"CHI","07","http://dx.doi.org/10.1145/1240624.1240798","Shallow-depth 3d interaction: design and evaluation of one-, two- and three-touch techniques","61 ","19","182","2,113","design; human factors; interaction styles; shallow-depth 3d; translation","10","81100211996, Mark Hancock, University of Calgary, Calgary, AB, Canada; 81452616781, Sheelagh Carpendale, University of Calgary, Calgary, AB, Canada; 81100607754, Andy Cockburn, University of Canterbury, Christchurch, New Zealand; "
"CHI","07","http://dx.doi.org/10.1145/1240624.1240799","Affordances for manipulation of physical versus digital media on interactive surfaces","33 ","12","121","1,753","affordances; digital; interface design; physical; user interfaces","10","81331505035, Lucia Terrenghi, LMU University of Munich, Munich, Germany; 81100166914, David Kirk, University of Nottingham, Nottingham, United Kingdom; 81100309669, Abigail Sellen, Microsoft Research, Cambridge, United Kingdom; 81328488768, Shahram Izadi, Microsoft Research, Cambridge, United Kingdom; "
"CHI","07","http://dx.doi.org/10.1145/1240624.1240801","Effects of presenting geographic context on tracking activity between cameras","6 ","5","38","554","activity tracking; design; human factors; security cameras; video","10","81100542604, Andreas Girgensohn, FX Palo Alto Laboratory, Palo Alto, CA; 81100155993, Frank Shipman, Texas A&M University, College Station, TX; 81100229177, Thea Turner, FX Palo Alto Laboratory, Palo Alto, CA; 81100286070, Lynn Wilcox, FX Palo Alto Laboratory, Palo Alto, CA; "
"CHI","07","http://dx.doi.org/10.1145/1240624.1240802","Dynamic shared visual spaces: experimenting with automatic camera control in a remote repair task","11 ","2","33","415","camera control; computer-supported cooperative work; empirical studies; motion tracking; video mediated communication","10","81100330306, Abhishek Ranjan, University of Toronto, Toronto, ON, Canada; 81100651315, Jeremy P. Birnholtz, University of Toronto, Toronto, ON, Canada; 81100503904, Ravin Balakrishnan, University of Toronto, Toronto, ON, Canada; "
"CHI","07","http://dx.doi.org/10.1145/1240624.1240803","""Look!"": using the gaze direction of embodied agents","0 ","0","23","424","computer vision; gaze direction; interaction styles","4","81100044484, Johann Schrammel, CURE - Center for Usability Research & Engineering, Vienna, Austria; 81318488802, Arjan Geven, CURE - Center for Usability Research & Engineering, Vienna, Austria; 81100509383, Reinhard Sefelin, CURE - Center for Usability Research & Engineering, Vienna, Austria; 81100481664, Manfred Tscheligi, CURE - Center for Usability Research & Engineering, Vienna, Austria and University of Salzburg, Salzburg, Austria; "
"CHI","07","http://dx.doi.org/10.1145/1240624.1240804","Museum guide robot based on sociological interaction analysis","15 ","4","41","625","computer vision; experimentation; human factors; nonverbal behavior","4","81100082332, Yoshinori Kuno, Saitama University, Saitama, Japan; 81328490317, Kazuhisa Sadazuka, Saitama University, Saitama, Japan; 81328488988, Michie Kawashima, Saitama University, Saitama, Japan; 81100620653, Keiichi Yamazaki, Saitama University, Saitama, Japan; 81100620449, Akiko Yamazaki, Future University-Hakodate, Hakodate, Japan; 81100072975, Hideaki Kuzuoka, University of Tsukuba, Tsukuba, Japan; "
"CHI","07","http://dx.doi.org/10.1145/1240624.1240806","Bubbling menus: a selective mechanism for accessing hierarchical drop-down menus","5 ","6","56","1,040","adaptive/-able user interfaces; customization; experimentation; human factors","10","81100306817, Theophanis Tsandilas, University of Toronto, Toronto, ON, Canada; 81311483103, m. c. schraefel, University of Southampton, Southampton, United Kingdom; "

"CHI","07","http://dx.doi.org/10.1145/1240624.1240808","Pointing and beyond: an operationalization and preliminary evaluation of multi-scale searching","12 ","4","51","648","controlled experiment; focus + context; overview + detail; user interfaces","10","81100222004, Emmanuel Pietriga, INRIA, Orsay, France and LRI - Univ. Paris-Sud & CNRS, Orsay, France; 81311484266, Caroline Appert, LRI - Univ. Paris-Sud & CNRS, Orsay, France and INRIA, Orsay, France; 81100644686, Michel Beaudouin-Lafon, LRI - Univ. Paris-Sud & CNRS, Orsay, France and INRIA, Orsay, France; "
"CHI","07","http://dx.doi.org/10.1145/1240624.1240810","Social practices in location-based collecting","12 ","3","45","810","2d barcodes; human factors; miscellaneous; situated displays; zoo","10","81452615958, Kenton O'Hara, Hewlett-Packard Labs, Bristol, United Kingdom; 81100650307, Tim Kindberg, Hewlett-Packard Labs, Bristol, United Kingdom; 81344491064, Maxine Glancy, BBC, London, United Kingdom; 81328487482, Luciana Baptista, BBC, London, United Kingdom; 81328490712, Byju Sukumaran, BBC, London, United Kingdom; 81328488673, Gil Kahana, BBC, London, United Kingdom; 81328490325, Julie Rowbotham, BBC, London, United Kingdom; "
"CHI","07","http://dx.doi.org/10.1145/1240624.1240811","Capturing, sharing, and using local place information","17 ","2","40","1,223","design; human factors; local search; location-based reminder; miscellaneous","10","81100575572, Pamela J. Ludford, University of Minnesota, Minneapolis, MN; 81328489923, Reid Priedhorsky, University of Minnesota, Minneapolis, MN; 81328490304, Ken Reily, University of Minnesota, Minneapolis, MN; 81100276946, Loren Terveen, University of Minnesota, Minneapolis, MN; "
"CHI","07","http://dx.doi.org/10.1145/1240624.1240812","Show me the way to Monte Carlo: density-based trajectory navigation","17 ","1","35","532","audio; design; feedback; information interfaces and presentation; navigation; tracking","4","81100568725, Steven Strachan, Hamilton Institute, Maynooth, Ireland; 81100169940, John Williamson, University of Glasgow, Glasgow, Scotland, UK; 81100572841, Roderick Murray-Smith, Hamilton Institute, Maynooth, Ireland and University of Glasgow, Glasgow, Scotland UK; "
"CHI","07","http://dx.doi.org/10.1145/1240624.1240813","Mapmover: a case study of design-oriented research into collective expression and constructed publics","7 ","3","23","417","collaborative computing; constructed publics; design","4","81100258547, Carl DiSalvo, Carngegie Mellon University, Pittsburgh, PA; 81328489601, Jeff Maki, Carngegie Mellon University, Pittsburgh, PA; 81547453256, Nathan Martin, DeepLocal, Pittsburgh, PA; "
"CHI","07","http://dx.doi.org/10.1145/1240624.1240815","Follow the reader: filtering comments on slashdot","13 ","6","57","744","customization; miscellaneous; rating systems","10","81320491642, Cliff A.C. Lampe, Michigan State University, East Lansing, MI; 81311485972, Erik Johnston, Michigan State University, East Lansing, MI; 81100225915, Paul Resnick, Michigan State University, East Lansing, MI; "
"CHI","07","http://dx.doi.org/10.1145/1240624.1240816","Recent shortcuts: using recent interactions to support shared activities","8 ","6","35","696","computer-supported cooperative work; empirical study; multi-device interaction; recent documents; user-centered design","10","81405592014, John C. Tang, IBM Research, San Jose, CA; 81471640432, James Lin, IBM Research, San Jose, CA; 81100303065, Jeffrey Pierce, IBM Research, San Jose, CA; 81100318557, Steve Whittaker, The University of Sheffield, Sheffield, United Kingdom; 81100142159, Clemens Drews, IBM Research, San Jose, CA; "
"CHI","07","http://dx.doi.org/10.1145/1240624.1240817","Comedia: mobile group media for active spectatorship","18 ","13","49","655","awareness systems; design; groups; large-scale events; spectatorship","10","81100644548, Giulio Jacucci, Helsinki University of Technology and University of Helsinki, Helsinki, Finland; 81100333050, Antti Oulasvirta, Helsinki University of Technology and University of Helsinki, Helsinki, Finland; 81100391905, Tommi Ilmonen, Helsinki University of Technology and University of Helsinki, Helsinki, Finland; 81350580664, John Evans, Helsinki University of Technology and University of Helsinki, Helsinki, Finland; 81100551588, Antti Salovaara, Helsinki University of Technology and University of Helsinki, Helsinki, Finland; "
"CHI","07","http://dx.doi.org/10.1145/1240624.1240819","Demonstrating the viability of automatically generated user interfaces","11 ","0","37","809","automatic interface generation; design; graphical user interfaces; human factors; mobile phone; performance; personal universal controller","10","81100204766, Jeffrey Nichols, IBM Almaden Research Center, San Jose, CA; 81311482767, Duen Horng Chau, Carnegie Mellon University, Pittsburgh, PA; 81100013136, Brad A. Myers, Carnegie Mellon University, Pittsburgh, PA; "
"CHI","07","http://dx.doi.org/10.1145/1240624.1240820","The role of choice and customization on users' interaction with embodied conversational agents: effects on perception and performance","3 ","3","26","497","controlled experiment; design; empirical evaluation; interface assistants; qualitative analysis","10","81100293220, Jun Xiao, HP Lab, Palo Alto, CA; 81100573160, John Stasko, Georgia Inst. of Technology, Atlanta, GA; 81100165314, Richard Catrambone, Georgia Inst. of Technology, Atlanta, GA; "
"CHI","07","http://dx.doi.org/10.1145/1240624.1240822","Seconds matter: improving distributed coordination bytracking and visualizing display trajectories","3 ","4","37","529","design; experimentation; human factors; off-screen tracking","10","81100364452, Mike Fraser, University of Bristol, Bristol, United Kingdom; 81328489494, Michael R. McCarthy, University of Bristol, Bristol, United Kingdom; 81328490172, Muneeb Shaukat, University of Bristol, Bristol, United Kingdom; 81328490465, Phillip Smith, University of Bristol, Bristol, United Kingdom; "
"CHI","07","http://dx.doi.org/10.1145/1240624.1240823","FASTDash: a visual dashboard for fostering awareness in software teams","59 ","14","135","1,186","awareness; collaborative programming; field study; large display","10","81100607745, Jacob T. Biehl, University of Illinois, Urbana, IL; 81100280834, Mary Czerwinski, Microsoft Research, Redmond, WA; 81351602807, Greg Smith, Microsoft Research, Redmond, WA; 81452612822, George G. Robertson, Microsoft Research, Redmond, WA; "
"CHI","07","http://dx.doi.org/10.1145/1240624.1240824","A study of emergency response work: patterns of mobile phone interaction","21 ","17","120","1,251","collaboration; enacted sensemaking; group and organization interfaces; mobile phones","10","81311484289, Jonas Landgren, Viktoria Institute, G&#246;teborg, Sweden; 81100626382, Urban Nulden, Viktoria Institute, G&#246;teborg, Sweden; "
"CHI","07","http://dx.doi.org/10.1145/1240624.1240826","ExperiScope: an analysis tool for interaction data","5 ","2","39","567","data analysis tool; evaluation/methodology; experiscope; interaction design","10","81100301845, Fran&#231;ois Guimbreti&#233;re, University of Maryland, College Park, MD; 81350581254, Morgan Dixon, University of Maryland, College Park, MD; 81100519448, Ken Hinckley, Microsoft Research, Redmond, WA; "
"CHI","07","http://dx.doi.org/10.1145/1240624.1240827","Context & usability testing: user-modeled information presentation in easy and difficult driving conditions","4 ","3","22","499","applications and expert systems; design; experimentation; information presentation; natural language; spoken dialogue system; user modeling","4","81100255358, Jiang Hu, Stanford University, Stanford, CA; 81328491101, Andi Winterboer, University of Edinburgh, Edinburgh, United Kingdom; 81100153283, Clifford I. Nass, Stanford University, Stanford, CA; 81100045785, Johanna D. Moore, University of Edinburgh, Edinburgh, United Kingdom; 81328488805, Rebecca Illowsky, Stanford University, Stanford, CA; "
"CHI","07","http://dx.doi.org/10.1145/1240624.1240828","Tracking the interaction of users with AJAX applications for usability testing","7 ","8","75","1,591","ajax application interaction logging; experimentation; human factors; mouse tracking; testing and debugging; website usability evaluation","4","81314481260, Richard Atterer, University of Munich, Munich, Germany; 81100588072, Albrecht Schmidt, University of Bonn, Bonn, Germany; "
"CHI","07","http://dx.doi.org/10.1145/1240624.1240830","Grow and know: understanding record-keeping needs for tracking the development of young children","25 ","7","75","931","children; developmental delay; human factors; social issues","10","81319495216, Julie A. Kientz, Georgia Institute of Technology, Atlanta, GA; 81100177483, Rosa I. Arriaga, Georgia Institute of Technology, Atlanta, GA; 81328487724, Marshini Chetty, Georgia Institute of Technology, Atlanta, GA; 81100592620, Gillian R. Hayes, Georgia Institute of Technology, Atlanta, GA; 81328490238, Jahmeilah Richardson, Georgia Institute of Technology, Atlanta, GA; 81100490064, Shwetak N. Patel, Georgia Institute of Technology, Atlanta, GA; 81100251687, Gregory D. Abowd, Georgia Institute of Technology, Atlanta, GA; "
"CHI","07","http://dx.doi.org/10.1145/1240624.1240831","Sharing motion information with close family and friends","23 ","4","50","805","awareness; miscellaneous; motion detection","10","81311482466, Frank R. Bentley, Motorola Labs, Schaumburg, IL; 81311483921, Crysta J. Metcalf, Motorola Labs, Schaumburg, IL; "
"CHI","07","http://dx.doi.org/10.1145/1240624.1240832","Comicboarding: using comics as proxies for participatory design with children","19 ","14","76","685","children; evaluation/methodology; methodology","4","81100082877, Neema Moraveji, Microsoft Research Asia, Beijing, China; 81328489035, Jason Li, Brown University, Providence, RI; 81328488193, Jiarong Ding, University of Michigan, Ann Arbor, MI; 81328489863, Patrick O'Kelley, Microsoft Corporation, Redmond, WA; 81328491002, Suze Woolf, Microsoft Corporation, Redmond, WA; "
"CHI","07","http://dx.doi.org/10.1145/1240624.1240834","Pressure marks","25 ","3","51","721","design; experimentation; human factors; input devices and strategies; interaction techniques; pressure widgets","10","81100092787, Gonzalo A. Ramos, University of Toronto, Toronto, ON, Canada; 81100503904, Ravin Balakrishnan, University of Toronto, Toronto, Canada; "
"CHI","07","http://dx.doi.org/10.1145/1240624.1240835","Augmenting the mouse with pressure sensitive input","27 ","7","50","960","design; input device; interaction technique; pressure-based interaction","10","81314481613, Jared Cechanowicz, University of Saskatchewan, Saskatoon, SK, Canada; 81100459517, Pourang Irani, University of Manitoba, Winnipeg, MAN, Canada; 81100277483, Sriram Subramanian, University of Saskatchewan, Saskatoon, SK, Canada; "
"CHI","07","http://dx.doi.org/10.1145/1240624.1240836","Earpod: eyes-free menu selection using touch input and reactive audio feedback","49 ","18","165","1,409","auditory menu; human factors","10","81328491174, Shengdong Zhao, University of Toronto, Toronto, ON, Canada; 81502723138, Pierre Dragicevic, University of Toronto, Toronto, ON, Canada; 81100112821, Mark Chignell, University of Toronto, Toronto, ON, Canada; 81100503904, Ravin Balakrishnan, University of Toronto, Toronto, ON, Canada; 81100137268, Patrick Baudisch, Microsoft Research, Redmond, WA; "
"CHI","07","http://dx.doi.org/10.1145/1240624.1240838","What happened to remote usability testing?: an empirical study of three methods","20 ","34","274","3,304","empirical study; graphical user interfaces; object-oriented design methods; theory and methods; user interfaces","10","81328487632, Morten Sieker Andreasen, Aalborg University: Department of Computer Science, Aalborg, Denmark; 81328490008, Henrik Villemann Nielsen, Danske Bank Group, Brabrand, Denmark; 81328490145, Simon Ormholt Schr&#248;der, Aalborg University: Department of Computer Science, Aalborg, Denmark; 81100482974, Jan Stage; "
"CHI","07","http://dx.doi.org/10.1145/1240624.1240839","Usability testing: what have we overlooked?","17 ","19","193","2,999","evaluation/methodology; metrics; performance; usability testing","10","81100447814, Gitte Lindgaard, Carleton Univerisity, Ottawa, Canada; 81328487984, Jarinee Chattratichart, Kingston University, Surrey, United Kingdom; "
"CHI","07","http://dx.doi.org/10.1145/1240624.1240840","Touchstone: exploratory design of experiments","10 ","2","48","916","benchmarking; evaluation/methodology; experimental design; human factors; interaction techniques; user interfaces","10","81100236706, Wendy E. Mackay, INRIA, Orsay, France; 81311484266, Caroline Appert, Univ. Paris-Sud, Orsay, France; 81100644686, Michel Beaudouin-Lafon, Univ. Paris-Sud, Orsay, France; 81319489300, Olivier Chapuis, CNRS & Univ. Paris-Sud, Orsay, France; 81319491164, Yangzhou Du, Univ. Paris-Sud, Orsay, France; 81100194446, Jean-Daniel Fekete, INRIA, Orsay, France; 81100143867, Yves Guiard, CNRS & Univ. Mediterranee, Marseille, France; "
"CHI","07","http://dx.doi.org/10.1145/1240624.1240842","Making mashups with marmite: towards end-user programming for the web","82 ","30","144","1,904","end-user programming; mashup; spreadsheet","10","81311481846, Jeffrey Wong, Carnegie Mellon University, Pittsburgh, PA; 81408598366, Jason I. Hong, Carnegie Mellon University, Pittsburgh, PA; "
"CHI","07","http://dx.doi.org/10.1145/1240624.1240843","Vio: a mixed-initiative approach to learning and automating procedural update tasks","6 ","1","29","404","agents; experimentation; interaction styles; mixed initiative","10","81406592256, John Zimmerman, Carnegie Mellon University, Pittsburgh, PA; 81309501235, Anthony Tomasic, Carnegie Mellon University, Pittsburgh, PA; 81309504959, Isaac Simmons, Carnegie Mellon University, Pittsburgh, PA; 81328488342, Ian Hargraves, Carnegie Mellon University, Pittsburgh, PA; 81100618899, Ken Mohnkern, Carnegie Mellon University, Pittsburgh, PA; 81343490899, Jason Cornwell, Carnegie Mellon University, Pittsburgh, PA; 81406593897, Robert Martin McGuire, Carnegie Mellon University, Pittsburgh, PA; "
"CHI","07","http://dx.doi.org/10.1145/1240624.1240844","Storytelling alice motivates middle school girls to learn computer programming","70 ","41","241","1,998","alice; computer science education; gender; measurement; motivation; programming environments","10","81100607695, Caitlin Kelleher, Carnegie Mellon University, Pittsburgh, PA; 81100493478, Randy Pausch, Carnegie Mellon University, Pittsburgh, PA; 81100476487, Sara Kiesler, Carnegie Mellon University, Pittsburgh, PA; "
"CHI","07","http://dx.doi.org/10.1145/1240624.1240846","Multiview: improving trust in group video conferencing through spatial faithfulness","29 ","12","125","1,351","cmc; computer-supported cooperative work; design; eye contact; prisoner's dilemma; spatial faithfulness; video conferencing","10","81410594440, David T. Nguyen, University of California, Berkeley, CA; 81100415489, John Canny, University of California, Berkeley, CA; "
"CHI","07","http://dx.doi.org/10.1145/1240624.1240847","Presence and engagement in an interactive drama","28 ","6","66","879","artificial, augmented, and virtual realities; engagement; interactive drama; qualitative study","10","81100380835, Steven Dow, Georgia Institute of Technology, Atlanta, GA; 81332515187, Manish Mehta, Georgia Institute of Technology, Atlanta, GA; 81328488651, Ellie Harmon, Georgia Institute of Technology, Atlanta, GA; 81100099162, Blair MacIntyre, Georgia Institute of Technology, Atlanta, GA; 81100130074, Michael Mateas, University of California: Santa Cruz, Santa Cruz, CA; "
"CHI","07","http://dx.doi.org/10.1145/1240624.1240848","Engaging constable: revealing art with new technology","12 ","4","50","751","design; gestural interface; social interaction; user interfaces","10","81100561154, Dirk vom Lehn, King's College London, London, United Kingdom; 81100637335, Jon Hindmarsh, King's College London, London, United Kingdom; 81100229533, Paul Luff, King's College London, London, United Kingdom; 81100164455, Christian Heath, King's College London, London, United Kingdom; "
"CHI","07","http://dx.doi.org/10.1145/1240624.1240850","Modeling human performance of pen stroke gestures","25 ","12","86","1,017","experimental study; pen stroke gestures; theory and methods","10","81100130420, Xiang Cao, University of Toronto, Toronto, ON, Canada; 81408591988, Shumin Zhai, IBM Almaden Research Center, San Jose, CA; "
"CHI","07","http://dx.doi.org/10.1145/1240624.1240851","Keystroke-level model for advanced mobile phone interaction","26 ","11","248","2,301","design decisions; experimentation; human factors; keystroke-level model; mobile phone interaction; user performance","10","81331494513, Paul Holleis, University of Munich, Munich, Germany; 81328490003, Friederike Otto, University of Munich, Munich, Germany; 81100395854, Heinrich Hussmann, University of Munich, Munich, Germany; 81100588072, Albrecht Schmidt, University of Bonn, Munich, Germany; "
"CHI","07","http://dx.doi.org/10.1145/1240624.1240852","An extended keystroke level model (KLM) for predicting the visual demand of in-vehicle information systems","4 ","3","61","700","design; hci; in-vehicle information systems; measurement; occlusion","10","81328489865, Michael Pettitt, University of Nottingham, Nottingham, United Kingdom; 81100337179, Gary Burnett, University of Nottingham, Nottingham, United Kingdom; 81328490706, Alan Stevens; "
"CHI","07","http://dx.doi.org/10.1145/1240624.1240854","Towards developing assistive haptic feedback for visually impaired internet users","11 ","11","87","1,129","blind; design methodology; haptic i/o; participatory design; web accessibility","10","81100464526, Ravi Kuber, Queen's University Belfast, Belfast, United Kingdom; 81100471589, Wai Yu, Queen's University Belfast, Belfast, United Kingdom; 81100125465, Graham McAllister, Queen's University Belfast, Belfast, United Kingdom; "
"CHI","07","http://dx.doi.org/10.1145/1240624.1240855","An interface to support color blind computer users","10 ","13","94","1,003","adaptive technology; color blindness; graphical user interfaces; interface support","4","81319493926, Luke Jefferson, University of East Anglia, Norwich, United Kingdom; 81100589567, Richard Harvey, University of East Anglia, Norwich, United Kingdom; "
"CHI","07","http://dx.doi.org/10.1145/1240624.1240856","An adaptive & adaptable approach to enhance web graphics accessibility for visually impaired people","1 ","6","48","626","adaptable; context information; graphics; visually impaired","4","81328490739, Chui Chui Tan, Queen's University Belfast, Belfast, United Kingdom; 81100471589, Wai Yu, Queen's University Belfast, Belfast, United Kingdom; 81100125465, Graham McAllister, Queen's University Belfast, Belfast, United Kingdom; "
"CHI","07","http://dx.doi.org/10.1145/1240624.1240858","Modeling the impact of shared visual information on collaborative reference","8 ","2","27","573","collaborative computing; computer-supported cooperative work; human factors; modeling; shared visual information","10","81100246470, Darren Gergle, Northwestern University, Evanston, IL; 81100481340, Carolyn P. Rose, Carnegie Mellon University, Pittsburgh, PA; 81328489038, Robert E. Kraut, Carnegie Mellon University, Pittsburgh, PA; "
"CHI","07","http://dx.doi.org/10.1145/1240624.1240859","Similarity is more important than expertise: accent effects in speech interfaces","4 ","2","25","399","cross-cultural communication; speech based systems; voice i/o","4","81100366001, Nils Dahlb&#228;ck, Link&#246;ping University, Link&#246;ping, Sweden; 81100212554, QianYing Wang, Stanford University, Stanford, CA; 81100153283, Clifford Nass, Stanford University, Stanford, CA; 81328487685, Jenny Alwin, Link&#246;ping University, Link&#246;ping, Sweden; "
"CHI","07","http://dx.doi.org/10.1145/1240624.1240860","Provoking sociability","5 ","2","44","557","cmc; emotion; human factors; sociability","4","81328488233, Brooke Foucault, Northwestern University, Evanston, IL; 81100393102, Helena M. Mentis, Pennsylvania State University, University Park, PA; 81100397464, Phoebe Sengers, Cornell University, Ithaca, NY; 81328490846, Devon Welles, Intel, Hillsboro, OR; "
"CHI","07","http://dx.doi.org/10.1145/1240624.1240861","Social responses to virtual humans: implications for future interface design","16 ","9","55","1,358","avatars; experimental studies; human-computer interaction; multimedia information systems; social influence; user interfaces","10","81100524931, Catherine Amine Zanbaka, University of North Carolina at Charlotte, Charlotte, NC; 81100439259, Amy Catherine Ulinski, University of North Carolina at Charlotte, Charlotte, NC; 81311484667, Paula Goolkasian, University of North Carolina at Charlotte, Charlotte, NC; 81100023789, Larry F. Hodges, University of North Carolina at Charlotte, Charlotte, NC; "
"CHI","07","http://dx.doi.org/10.1145/1240624.1240863","Hard lessons: effort-inducing interfaces benefit spatial learning","11 ","1","54","823","education; human factors; learning; skill acquisition; text entry","10","81100607754, Andy Cockburn, University of Canterbury, Christchurch, New Zealand; 81100362804, Per Ola Kristensson, Likopings Universitet, Linkoping, Sweden; 81328487668, Jason Alexander, University of Canterbury, Christchurch, New Zealand; 81408591988, Shumin Zhai, IBM Almaden Research Center, San Jose, CA; "
"CHI","07","http://dx.doi.org/10.1145/1240624.1240864","Multiple mice for retention tasks in disadvantaged schools","36 ","7","58","793","design; education; human factors; interaction styles; shared computers","10","81314484899, Udai Singh Pawar, Microsoft Research India, Bangalore, India; 81100249207, Joyojeet Pal, University of California at Berkeley, Berkeley, CA; 81328488530, Rahul Gupta, Microsoft Research India, Bangalore, India; 81100410420, Kentaro Toyama, Microsoft Research India, Bangalore, India; "
"CHI","07","http://dx.doi.org/10.1145/1240624.1240865","Strategies for accelerating on-line learning of hotkeys","33 ","12","69","641","graphical user interfaces; human factors","10","81100477897, Tovi Grossman, University of Toronto, Toronto, ON, Canada; 81502723138, Pierre Dragicevic, University of Toronto, Toronto, ON, Canada; 81100503904, Ravin Balakrishnan, University of Toronto, Toronto, ON, Canada; "































