"conference","year","doi","title","citationCount","download6weeks","download12months","downloadAll","keywords","pageNumber","authors"
"CHI","05","http://dx.doi.org/10.1145/1054972.1054974","Collective efficacy as a measure of community","15 ","10","68","1,130","collective efficacy; community informatics; evaluation; human factors; organizational impacts","10","81350576124, John M. Carroll, The Pennsylvania State University, University Park, PA; 81335496622, Mary Beth Rosson, The Pennsylvania State University, University Park, PA; 81342517609, Jingying Zhou, The Pennsylvania State University, University Park, PA; "
"CHI","05","http://dx.doi.org/10.1145/1054972.1054975","How oversight improves member-maintained communities","28 ","4","51","1,452","collaborative computing; contribution; online communities; participation","10","81100288358, Dan Cosley, University of Minnesota, Minneapolis, MN; 81100071523, Dan Frankowski, University of Minnesota, Minneapolis, MN; 81100476487, Sara Kiesler, Carnegie Mellon University, Pittsburgh, PA; 81100276946, Loren Terveen, University of Minnesota, Minneapolis, MN; 81100096968, John Riedl, University of Minnesota, Minneapolis, MN; "
"CHI","05","http://dx.doi.org/10.1145/1054972.1054976","Grounding needs: achieving common ground via lightweight chat in large, distributed, ad-hoc groups","9 ","6","47","1,149","chat; common ground; cyberscience; group and organization interfaces","10","81100651315, Jeremy P. Birnholtz, University of Michigan, Ann Arbor, MI; 81100269378, Thomas A. Finholt, University of Michigan, Ann Arbor, MI; 81100200032, Daniel B. Horn, U. S. Army Research Institute, Arlington, VA; 81392591402, Sung Joo Bae, Massachusetts Institute of Technology, Cambridge, MA; "
"CHI","05","http://dx.doi.org/10.1145/1054972.1054978","Tool for accurately predicting website navigation problems, non-problems, problem severity, and effectiveness of repairs","33 ","20","132","2,537","architectures; cognitive walkthrough for the web; cww; evaluation/methodology; heading labels; human factors; information scent; link labels; measurement; performance; theory; theory and methods; usability problems; user model; verification","10","81100037866, Marilyn Hughes Blackmon, University of Colorado at Boulder, Boulder, Colorado; 81100005173, Muneo Kitajima, National Institute of Advanced Industrial Science and Technology (AIST), Ibaraki, Japan; 81100564360, Peter G. Polson, University of Colorado at Boulder, Boulder, Colorado; "
"CHI","05","http://dx.doi.org/10.1145/1054972.1054979","Is your web page accessible?: a comparative study of methods for assessing web page accessibility for the blind","38 ","13","137","2,924","assistive technologies; disability; evaluation/methodology; web accessibility","10","81100650762, Jennifer Mankoff, CMU, Pittsburgh, PA; 81100253314, Holly Fait, UC Berkeley, Berkeley, CA; 81100264872, Tu Tran; "
"CHI","05","http://dx.doi.org/10.1145/1054972.1054980","A comparison of LSA, wordNet and PMI-IR for predicting user click behavior","8 ","0","46","1,091","computational linguistics; evaluation/methodology; graphical user interfaces; human information processing; lsa; pmi; semantic relatedness; value of information; wordnet","10","81392593767, Ishwinder Kaur, University of Oregon, Eugene, OR; 81100426680, Anthony J. Hornof, University of Oregon, Eugene, OR; "
"CHI","05","http://dx.doi.org/10.1145/1054972.1054982","Modeling and improving selection in cascading pull-down menus using Fitts' law, the steering law and force fields","41 ","12","76","1,692","ascading pull-down menus; force fields; input devices; interaction styles; selection; theory and methods","10","81100415845, David Ahlstr&#246;m, University of Klagenfurt, Klagenfurt, Austria; "
"CHI","05","http://dx.doi.org/10.1145/1054972.1054983","Tuning and testing scrolling interfaces that automatically zoom","28 ","5","53","1,307","automatic zooming; human factors; scrolling; visual flow","10","81100607754, Andy Cockburn, University of Canterbury, Christchurch, New Zealand; 81100570565, Joshua Savage, University of Canterbury, Christchurch, New Zealand; 81100272682, Andrew Wallace; "
"CHI","05","http://dx.doi.org/10.1145/1054972.1054985","Location disclosure to social relations: why, when, & what people want to share","150 ","30","274","3,120","computer-supported cooperative work; evaluation/methodology; location-enhanced computing; privacy classification; ubiquitous computing","10","81100459425, Sunny Consolvo, Intel Research Seattle, Seattle, WA; 81452608837, Ian E. Smith, Intel Research Seattle, Seattle, WA; 81100545675, Tara Matthews, Intel Research Seattle, Seattle, WA; 81100478916, Anthony LaMarca, Intel Research Seattle, Seattle, WA; 81100413072, Jason Tabert, Intel Research Seattle, Seattle, WA; 81416600019, Pauline Powledge, Intel Research Seattle, Seattle, WA; "
"CHI","05","http://dx.doi.org/10.1145/1054972.1054986","Privacy and proportionality: adapting legal evaluation techniques to inform design in ubiquitous computing","20 ","6","74","1,660","data protection; design tools and techniques; privacy; proportionality; social issues","10","81100415680, Giovanni Iachello, Georgia Institute of Technology; 81100251687, Gregory D. Abowd, Georgia Institute of Technology; "
"CHI","05","http://dx.doi.org/10.1145/1054972.1054987","Who gets to know what when: configuring privacy permissions in an awareness application","46 ","7","72","1,683","awareness; contextual communication; information disclosure; permission structures","10","81100485151, Sameer Patil, University of California, Irvine, CA; 81452599499, Jennifer Lai, IBM T. J. Watson Research Center, Hawthorne, NY; "
"CHI","05","http://dx.doi.org/10.1145/1054972.1054989","Saving and using encountered information: implications for electronic periodicals","15 ","2","46","1,241","clipping; digital libraries; electronic publications; reading","10","81100281009, Catherine C. Marshall, Microsoft Corporation, Redmond, WA; 81100274421, Sara Bly; "
"CHI","05","http://dx.doi.org/10.1145/1054972.1054990","Documents at Hand: Learning from Paper to Improve Digital Technologies","25 ","5","84","2,019","document management; ethnography; paper","10","81100543139, Olha Bondarenko, Eindhoven University of Technology, Eindhoven, The Netherlands; 81320490798, Ruud Janssen, Oc&#233; Technologies B.V., Venlo, The Netherlands; "
"CHI","05","http://dx.doi.org/10.1145/1054972.1054991","Findex: search result categories help users when document ranking fails","36 ","12","55","1,203","categorization; clustering; search user interfaces; user interfaces","10","81100039309, Mika K&#228;ki, University of Tampere, Finland; "
"CHI","05","http://dx.doi.org/10.1145/1054972.1054993","Use of eye movements as feedforward training for a synthetic aircraft inspection task","8 ","6","60","1,020","eye tracking; human factors; virtual reality","9","81100177881, Sajay Sadasivan, Clemson University, Clemson, SC; 81100210715, Joel S. Greenstein, Clemson University, Clemson, SC; 81100279634, Anand K. Gramopadhye, Clemson University, Clemson, SC; 81100175263, Andrew T. Duchowski, Clemson University, Clemson, SC; "
"CHI","05","http://dx.doi.org/10.1145/1054972.1054994","EyeWindows: evaluation of eye-controlled zooming windows for focus selection","28 ","9","74","1,450","alternative input; eye tracking","10","81100268044, David Fono, Queen's University, Kingston, Canada; 81100497077, Roel Vertegaal, Queen's University, Kingston, Canada; "
"CHI","05","http://dx.doi.org/10.1145/1054972.1054995","EyeDraw: enabling children with severe motor impairments to draw with their eyes","22 ","12","64","986","art; design; eye tracking; input devices; interaction styles; universal access","10","81100426680, Anthony J. Hornof, University of Oregon, Eugene, OR; 81100369055, Anna Cavender, University of Washington, Seattle, WA; "
"CHI","05","http://dx.doi.org/10.1145/1054972.1054997","Six themes of the communicative appropriation of photographic images","18 ","4","44","1,406","collaborative computing; computer-mediated communication; instant messaging; visual communication","10","81100147309, Amy Voida, Georgia Institute of Technology, Atlanta, GA; 81100331104, Elizabeth D. Mynatt, Georgia Institute of Technology, Atlanta, GA; "
"CHI","05","http://dx.doi.org/10.1145/1054972.1054998","Making space for stories: ambiguity in the design of personal communication systems","61 ","11","109","1,756","ambiguity; face-work; mediated communication","10","81100590142, Paul M. Aoki, Palo Alto Research Center, Palo Alto, CA; 81100327302, Allison Woodruff, Intel Research Berkeley, Berkeley, CA; "
"CHI","05","http://dx.doi.org/10.1145/1054972.1054999","Listening in: practices surrounding iTunes music sharing","58 ","30","217","3,515","collaborative computing; itunes; performing arts","10","81100147309, Amy Voida, Georgia Institute of Technology, Atlanta, GA; 81328488487, Rebecca E. Grinter, Georgia Institute of Technology, Atlanta, GA; 81100116901, Nicolas Ducheneaut, Palo Alto Research Center, Palo Alto, CA; 81100595699, W. Keith Edwards, Georgia Institute of Technology, Atlanta, GA; 81406594629, Mark W. Newman, Palo Alto Research Center, Palo Alto, CA; "
"CHI","05","http://dx.doi.org/10.1145/1054972.1055001","AppLens and launchTile: two designs for one-handed thumb use on small devices","41 ","8","111","2,086","gestures; interaction styles; mobile devices; one-handed; screen design; user interfaces","10","81100168208, Amy K. Karlson, University of Maryland, College Park, MD; 81100083927, Benjamin B. Bederson, University of Maryland, College Park, MD; 81100631185, John SanGiovanni, Microsoft Research, Redmond, WA; "
"CHI","05","http://dx.doi.org/10.1145/1054972.1055002","Alphabetically constrained keypad designs for text entry on mobile devices","18 ","4","45","1,744","mobile device user interface design; predictive keypad text entry","10","81100009780, Jun Gong, Northeastern University, Boston, MA; 81100048540, Peter Tarasewich, Northeastern University, Boston, MA; "
"CHI","05","http://dx.doi.org/10.1145/1054972.1055004","Conversing with the user based on eye-gaze patterns","46 ","7","94","1,252","dialogue systems; input devices and strategies; multimodal interaction","10","81100507433, Pernilla Qvarfordt, Link&#246;pings universitet, Link&#246;ping, Sweden; 81408591988, Shumin Zhai, IBM Almaden Research Center, San Jose, California; "
"CHI","05","http://dx.doi.org/10.1145/1054972.1055005","Effects of task properties, partner actions, and message content on eye gaze patterns in a collaborative task","10 ","10","41","771","collaborative computing; computer-supported; conversational analysis; experimentation; gesture; video conferencing","10","81100177074, Jiazhi Ou, Carnegie Mellon University, Pittsburgh, PA; 81100059735, Lui Min Oh, Carnegie Mellon University, Pittsburgh, PA; 81548022688, Jie Yang, Carnegie Mellon University, Pittsburgh, PA; 81100583820, Susan R. Fussell, Carnegie Mellon University, Pittsburgh, PA; "
"CHI","05","http://dx.doi.org/10.1145/1054972.1055006","Individual differences in multimodal integration patterns: what are they and why do they exist?","18 ","0","37","785","commands; disfluencies; evaluation/methodology; individual differences; interaction styles; natural language; simultaneous or sequential input; voice i/o","9","81100656112, Sharon Oviatt, Oregon Health & Science University, Beaverton, OR; 81100062088, Rebecca Lunsford, Oregon Health & Science University, Beaverton, OR; 81100413045, Rachel Coulston, Oregon Health & Science University, Beaverton, OR; "
"CHI","05","http://dx.doi.org/10.1145/1054972.1055008","tranSticks: physically manipulatable virtual connections","9 ","0","30","833","connection control; interaction techniques","10","81100046144, Yuji Ayatsuka, Sony Computer Science Laboratories, Inc., Tokyo, Japan; 81100008564, Jun Rekimoto, Sony Computer Science Laboratories, Inc., Tokyo, Japan; "
"CHI","05","http://dx.doi.org/10.1145/1054972.1055009","Discrete acceleration and personalised tiling as brain?body interface paradigms for neurorehabilitation","6 ","2","31","757","accessibility; brain-body interfaces; input devices; neurorehabiliation","10","81100517821, Paul Gnanayutham, University of Portsmouth, Portsmouth, United Kingdom; 81100198998, Chris Bloor, University of Sunderland, Sunderland, United Kingdom; 81100175348, Gilbert Cockton, University of Sunderland, Sunderland, United Kingdom; "
"CHI","05","http://dx.doi.org/10.1145/1054972.1055010","Effectiveness of directional vibrotactile cuing on a building-clearing task","17 ","5","40","829","haptic i/o; interaction techniques; user study; virtual reality","10","81100438849, Robert W. Lindeman, The George Washington University, Washington, DC; 81100481379, John L. Sibert, The George Washington University, Washington, DC; 81100366933, Erick Mendez-Mendez, The George Washington University, Washington, DC; 81543071456, Sachin Patil, The George Washington University, Washington, DC; 81100097264, Daniel Phifer, The George Washington University, Washington, DC; "
"CHI","05","http://dx.doi.org/10.1145/1054972.1055012","The bubble cursor: enhancing target acquisition by dynamic resizing of the cursor's activation area","128 ","20","177","2,603","area cursor; fitts' law; target acquisition","10","81100477897, Tovi Grossman, University of Toronto, Canada; 81100503904, Ravin Balakrishnan, University of Toronto, Canada; "
"CHI","05","http://dx.doi.org/10.1145/1054972.1055013","Comparing cursor orientations for mouse, pointer, and pen interaction","7 ","6","64","1,363","cursors; human factors; input devices and strategies; measurement; pens; small screens; theory","10","81100002187, Barry A. Po, University of British Columbia, Vancouver, B.C., Canada; 81100550016, Brian D. Fisher, University of British Columbia, Vancouver, B.C., Canada; 81100170154, Kellogg S. Booth, University of British Columbia, Vancouver, B.C., Canada; "
"CHI","05","http://dx.doi.org/10.1145/1054972.1055014","Snap-and-go: helping users align objects without the modality of traditional snapping","20 ","6","57","1,067","alignment; mouse input; snap-dragging","10","81100137268, Patrick Baudisch, Microsoft Research, Redmond, WA; 81100506242, Edward Cutrell, Microsoft Research, Redmond, WA; 81100519448, Ken Hinckley, Microsoft Research, Redmond, WA; 81100396031, Adam Eversole, Microsoft Research, Redmond, WA; "
"CHI","05","http://dx.doi.org/10.1145/1054972.1055016","Towards an index of opportunity: understanding changes in mental workload during task execution","28 ","13","83","1,123","attention; evaluation/methodology; human factors; measurement; task models","10","81343495796, Shamsi T. Iqbal, University of Illinois, Urbana, IL; 81100324367, Piotr D. Adamczyk, University of Illinois, Urbana, IL; 81100580845, Xianjun Sam Zheng, University of Illinois, Urbana, IL; 81100615948, Brian P. Bailey, University of Illinois, Urbana, IL; "
"CHI","05","http://dx.doi.org/10.1145/1054972.1055017","No task left behind?: examining the nature of fragmented work","72 ","21","188","1,684","attention management; information overload; multi-tasking; time management","10","81100279599, Gloria Mark, University of California, Irvine, CA; 81100613506, Victor M. Gonzalez, University of California, Irvine, CA; 81320490126, Justin Harris, University of California, Irvine, CA; "
"CHI","05","http://dx.doi.org/10.1145/1054972.1055018","Examining task engagement in sensor-based statistical models of human interruptibility","28 ","13","72","999","context-aware computing; interruptibility; managing human attention; situationally appropriate interaction; user/machine systems","10","81100142271, James Fogarty, Carnegie Mellon University, Pittsburgh, PA; 81100500360, Andrew J. Ko, Carnegie Mellon University, Pittsburgh, PA; 81100540612, Htet Htet Aung, Carnegie Mellon University, Pittsburgh, PA; 81100340293, Elspeth Golden, Carnegie Mellon University, Pittsburgh, PA; 81100640633, Karen P. Tang, Carnegie Mellon University, Pittsburgh, PA; 81328488846, Scott E. Hudson, Carnegie Mellon University, Pittsburgh, PA; "
"CHI","05","http://dx.doi.org/10.1145/1054972.1055020","Urban probes: encountering our emerging urban atmospheres","37 ","11","93","1,640","cultural probes; d&#233;tournement; trash; urban computing","10","81100513321, Eric Paulos, Intel Research, Berkeley, CA; 81363590769, Tom Jenkins, The Royal College of Art, London, UK; "
"CHI","05","http://dx.doi.org/10.1145/1054972.1055021","DeDe: design and evaluation of a context-enhanced mobile messaging system","21 ","1","44","1,144","context; field trial; location-based messaging; microcomputers; wireless communication","10","81318489912, Younghee Jung, Nokia Corporation, Finland; 81100558662, Per Persson, Nokia Corporation, Finland; 81100402263, Jan Blom, Nokia Research Center, Finland; "
"CHI","05","http://dx.doi.org/10.1145/1054972.1055023","The vacuum: facilitating the manipulation of distant objects","48 ","12","96","1,021","distance reaching; interaction styles","10","81100387188, Anastasia Bezerianos, University of Toronto, Canada; 81100503904, Ravin Balakrishnan, University of Toronto, Canada; "
"CHI","05","http://dx.doi.org/10.1145/1054972.1055024","A comparison of techniques for multi-display reaching","43 ","10","153","1,699","co-located collaboration; interaction styles; tabletop interaction; ubiquitous computing","10","81100377766, Miguel A. Nacenta, University of Saskatchewan, Saskatoon, SK, Canada; 81361598222, Dzmitry Aliakseyeu, Eindhoven University of Technology, Eindhoven, The Netherlands; 81100277483, Sriram Subramanian, University of Saskatchewan, Saskatoon, SK, Canada; 81100275704, Carl Gutwin, University of Saskatchewan, Saskatoon, SK, Canada; "
"CHI","05","http://dx.doi.org/10.1145/1054972.1055025","Extensible input handling in the subArctic toolkit","11 ","2","41","707","event handling; interaction techniques; user interfaces","10","81328488846, Scott E. Hudson, Carnegie Mellon University, Pittsburgh, PA; 81100650762, Jennifer Mankoff, Carnegie Mellon University, Pittsburgh, PA; 81452608837, Ian Smith, Intel Research, Seattle, Seattle, WA; "
"CHI","05","http://dx.doi.org/10.1145/1054972.1055027","Comparing usability problems and redesign proposals as input to practical systems development","17 ","5","50","2,730","empirical study; redesign; usability evaluation; user interfaces","10","81100047223, Kasper Hornb&#230;k, University of Copenhagen, Copenhagen, Denmark; 81100265136, Erik Fr&#248;kj&#230;r, University of Copenhagen, Copenhagen, Denmark; "
"CHI","05","http://dx.doi.org/10.1145/1054972.1055028","A method to standardize usability metrics into a single score","35 ","27","294","4,519","benchmarking; measurement; six sigma; standardization","9","81100263219, Jeff Sauro; 81100031934, Erika Kindlund; "
"CHI","05","http://dx.doi.org/10.1145/1054972.1055029","Supporting efficient development of cognitive models at multiple skill levels: exploring recent advances in constraint-based modeling","7 ","2","25","915","human factors; tools for usability evaluationm","10","81100374934, Irene Tollinger, NASA Ames Research Center, Moffett Field, CA; 81100350115, Richard L. Lewis, University of Michigan, Ann Arbor, MI; 81100329457, Michael McCurdy, NASA Ames Research Center, Moffett Field, CA; 81100374936, Preston Tollinger, NASA Ames Research Center, Moffett Field, CA; 81100219909, Alonso Vera, NASA Ames Research Center, Moffett Field, CA; 81100489674, Andrew Howes, Cardiff University, Cardiff, UK; 81100023369, Laura Pelton, NASA Ames Research Center, Moffett Field, CA; "
"CHI","05","http://dx.doi.org/10.1145/1054972.1055031","prefuse: a toolkit for interactive information visualization","145 ","30","340","3,141","2d graphics; graphs; interaction; navigation; trees","10","81100465553, Jeffrey Heer, University of California, Berkeley, Berkeley, CA; 81406592524, Stuart K. Card, Palo Alto Research Center, Palo Alto, CA; 81100103519, James A. Landay, University of Washington, Seattle, WA; "
"CHI","05","http://dx.doi.org/10.1145/1054972.1055032","Visualization of mappings between schemas","27 ","2","51","1,120","hierarchy visualization; miscellaneous; visualization; xslt","9","81452612822, George G. Robertson, Microsoft Research, Redmond, WA; 81100280834, Mary P. Czerwinski, Microsoft Research, Redmond, WA; 81100142948, John E. Churchill, Microsoft Research, Redmond, WA; "
"CHI","05","http://dx.doi.org/10.1145/1054972.1055033","Improving aviation safety with information visualization: a flight simulation study","3 ","10","75","1,544","airflow hazards; augmented reality; helicopters; information visualization; user-centered design","10","81100094107, Cecilia R. Aragon, University of California, Berkeley and NASA Ames Research Center, Berkeley, CA; 81100612246, Marti A. Hearst, University of California, Berkeley, Berkeley, CA; "
"CHI","05","http://dx.doi.org/10.1145/1054972.1055035","Design and analysis of delimiters for selection-action pen gesture phrases in scriboli","71 ","7","98","1,295","delimiters; marking; tablets","10","81100519448, Ken Hinckley, Microsoft Research, Redmond, WA; 81100137268, Patrick Baudisch, Microsoft Research, Redmond, WA; 81100092787, Gonzalo Ramos, Microsoft Research, Redmond, WA; 81100301845, Francois Guimbretiere, Microsoft Research, Redmond, WA; "
"CHI","05","http://dx.doi.org/10.1145/1054972.1055036","Experimental analysis of mode switching techniques in pen-based user interfaces","68 ","5","159","1,501","design; gestures; ink; interaction techniques; mode switching; performance","10","81350580013, Yang Li, University of California, Berkeley, Berkeley, CA; 81100519448, Ken Hinckley, Microsoft Research, Redmond, WA; 81543102456, Zhiwei Guan, University of Washington, Seattle, WA; 81100103519, James A. Landay, University of Washington, Seattle, WA and Intel Research Seattle, Seattle, WA; "
"CHI","05","http://dx.doi.org/10.1145/1054972.1055038","Mediating intimacy: designing technologies to support strong-tie relationships","85 ","32","232","3,356","cultural probes; group and organization interfaces; intimate technology; tactile interfaces","10","81100490463, Frank Vetere, The University of Melbourne, Australia; 81100536739, Martin R. Gibbs, The University of Melbourne, Australia; 81100515636, Jesper Kjeldskov, Aalborg University, Denmark; 81100328802, Steve Howard, The University of Melbourne, Australia; 81100260236, Florian 'Floyd' Mueller, The University of Melbourne, Australia; 81100224964, Sonja Pedell, The University of Melbourne, Australia; 81100223171, Karen Mecoles, The University of Melbourne, Australia; 81100581975, Marcus Bunyan, Charles Sturt University, Australia; "
"CHI","05","http://dx.doi.org/10.1145/1054972.1055039","Toward subtle intimate interfaces for mobile devices using an EMG controller","20 ","7","80","1,239","electromyogram; intimate interface; social acceptance; user-centered design","9","81100088903, Enrico Costanza, Liminal Devices, Dublin, Ireland and MIT Media Lab, Cambridge, MA; 81100662683, Samuel A. Inverso; 81328487657, Rebecca Allen; "
"CHI","05","http://dx.doi.org/10.1145/1054972.1055040","Emotions and heart rate while sitting on a chair","40 ","18","165","2,295","affective computing; human-computer interaction; physiological user interfaces; wireless monitoring","9","81384603768, Jenni Anttonen, University of Tampere, Tampere, Finland; 81339531194, Veikko Surakka, University of Tampere, Tampere, Finland and Tampere University Hospital, Tampere, Finland; "
"CHI","05","http://dx.doi.org/10.1145/1054972.1055042","A visual recipe book for persons with language impairments","13 ","2","38","877","aphasia; assistive technology; multi-modal interfaces","10","81539945456, Kimberly Tee, University of British Columbia, Vancouver, BC, Canada; 81100235288, Karyn Moffatt, University of British Columbia, Vancouver, BC, Canada; 81100170743, Leah Findlater, University of British Columbia, Vancouver, BC, Canada; 81100507080, Eve MacGregor, University of British Columbia, Vancouver, BC, Canada; 81100232506, Joanna McGrenere, University of British Columbia, Vancouver, BC, Canada; 81100323196, Barbara Purves, University of British Columbia, Vancouver, BC, Canada; 81327488395, Sidney S. Fels, University of British Columbia, Vancouver, BC, Canada; "
"CHI","05","http://dx.doi.org/10.1145/1054972.1055043","Participatory design of an orientation aid for amnesics","20 ","2","63","922","anterograde amnesia; assistive technologies for persons with disabilities; orientation aids; personal digital assistants","10","81100657783, Mike Wu, The University of Toronto, Toronto, ON, Canada; 81100448368, Ron Baecker, The University of Toronto, Toronto, ON, Canada; 81543129856, Brian Richards, Baycrest Centre for Geriatric Care, Toronto, ON, Canada; "
"CHI","05","http://dx.doi.org/10.1145/1054972.1055044","Digital Family Portrait Field Trial: Support for Aging in Place","78 ","6","113","1,629","culture; human factors; qualitative research","10","81100302436, Jim Rowan, Everyday Computing Lab, Georgia Institute of Technology, Atlanta, GA 30332-0280 jrowan@cc.gatech.edu; 81100331104, Elizabeth D. Mynatt, Everyday Computing Lab, Georgia Institute of Technology, Atlanta, GA 30332-0280 mynatt@cc.gatech.edu; "
"CHI","05","http://dx.doi.org/10.1145/1054972.1055046","Livenotes: a system for cooperative and augmented note-taking in lectures","44 ","27","125","1,750","augmented note-taking; collaborative learning; computer-supported cooperative work; cooperative note-taking; education; shared whiteboard; synchronous interaction","10","81100222950, Matthew Kam, University of California at Berkeley, Berkeley, CA; 81100233343, Jingtao Wang, University of California at Berkeley, Berkeley, CA; 81100098292, Alastair Iles, University of California at Berkeley, Berkeley, CA; 81100271605, Eric Tse, University of California at Berkeley, Berkeley, CA; 81328487987, Jane Chiu, University of California at Berkeley, Berkeley, CA; 81430599887, Daniel Glaser, University of California at Berkeley, Berkeley, CA; 81100424146, Orna Tarshish, University of California at Berkeley, Berkeley, CA; 81100415489, John Canny, University of California at Berkeley, Berkeley, CA; "
"CHI","05","http://dx.doi.org/10.1145/1054972.1055047","Stencils-based tutorials: design and evaluation","36 ","5","80","1,607","graphical user interfaces; training, help, and documentation; tutorials","10","81100607695, Caitlin Kelleher, Carnegie Mellon University, Pittsburgh, PA; 81100493478, Randy Pausch, Carnegie Mellon University, Pittsburgh, PA; "
"CHI","05","http://dx.doi.org/10.1145/1054972.1055048","StudioBRIDGE: using group, location, and event information to bridge online and offline encounters for co-located learning groups","4 ","1","31","764","awareness; informal interactions; user interfaces","10","81100560047, Susan Yee, Microsoft Research, Redmond, WA; 81100159425, Kat S. Park, Massachusetts Institute of Technology, Cambridge, MA; "
"CHI","05","http://dx.doi.org/10.1145/1054972.1055050","Calling while driving: effects of providing remote traffic context","8 ","1","55","1,160","attention; cognitive load; contextual information; driving; miscellaneous","9","81100156639, Mike Schneider, Carnegie Mellon University, Pittsburgh PA; 81100476487, Sara Kiesler, Carnegie Mellon University, Pittsburgh PA; "
"CHI","05","http://dx.doi.org/10.1145/1054972.1055051","Studying the effectiveness of MOVE: a contextually optimized in-vehicle navigation system","14 ","99","139","931","dynamic displays; in-car navigation systems; perceptual optimization; user interfaces","10","81452600527, Joonhwan Lee, Carnegie Mellon University, Pittsburgh, PA; 81100492013, Jodi Forlizzi, Carnegie Mellon University, Pittsburgh, PA; 81328488846, Scott E. Hudson, Carnegie Mellon University, Pittsburgh, PA; "
"CHI","05","http://dx.doi.org/10.1145/1054972.1055052","Distract-R: rapid prototyping and evaluation of in-vehicle interfaces","10 ","3","47","914","cognitive modeling; driving; prototyping","9","81100289294, Dario D. Salvucci, Drexel University, Philadelphia, PA; 81328491196, Mark Zuber, Drexel University, Philadelphia, PA; 81100070891, Ekaterina Beregovaia, Drexel University, Philadelphia, PA; 81100421673, Daniel Markley, Drexel University, Philadelphia, PA; "
"CHI","05","http://dx.doi.org/10.1145/1054972.1055054","Paper windows: interaction techniques for digital paper","70 ","22","216","2,472","digital paper interfaces; ubiquitous computing","9","81328488680, David Holman, Queen's University, Kingston, ON, Canada; 81100497077, Roel Vertegaal, Queen's University, Kingston, ON, Canada; 81100505459, Mark Altosaar, Queen's University, Kingston, ON, Canada; 81100424154, Nikolaus Troje, Queen's University, Kingston, ON, Canada; 81100478137, Derek Johns, Queen's University, Kingston, ON, Canada; "
"CHI","05","http://dx.doi.org/10.1145/1054972.1055055","Fluid integration of rotation and translation","60 ","11","118","1,523","collaborative computing; computer-supported cooperative work; fluid interactions; roles of orientation; tabletop collaboration","10","81100607003, Russell Kruger, University of Calgary, Calgary, Alberta, Canada; 81452616781, Sheelagh Carpendale, University of Calgary, Calgary, Alberta, Canada; 81100544371, Stacey D. Scott, University of Calgary, Calgary, Alberta, Canada; 81100640680, Anthony Tang, University of Calgary, Calgary, Alberta, Canada; "
"CHI","05","http://dx.doi.org/10.1145/1054972.1055056","A study on the manipulation of 2D objects in a projector/camera-based augmented reality environment","14 ","3","62","1,283","augmented reality; experimentation; input devices and strategies; interaction techniques; wizard of oz study","10","81100147302, Stephen Voida, Georgia Institute of Technology, Atlanta, Georgia; 81100011274, Mark Podlaseck, IBM Research, T.J. Watson, Hawthorne, New York; 81100449782, Rick Kjeldsen, IBM Research, T.J. Watson, Hawthorne, New York; 81100364954, Claudio Pinhanez, IBM Research, T.J. Watson, Hawthorne, New York; "
"CHI","05","http://dx.doi.org/10.1145/1054972.1055058","Exploring technology adoption and use through the lens of residential mobility","13 ","3","34","983","behavioral science; miscellaneous; social relationships","10","81100288406, Irina A. Shklovski, Carnegie Mellon University, Pittsburgh, PA; 81100420884, Scott D. Mainwaring, Intel Research, Hillsboro, OR; "
"CHI","05","http://dx.doi.org/10.1145/1054972.1055059","Waterbot: exploring feedback and persuasive techniques at the sink","41 ","17","142","1,526","behavior change; context-aware computing; miscellaneous; product design; water conservation","9","81100017972, Ernesto Arroyo, MIT Media Laboratory, Cambridge, MA; 81100186035, Leonardo Bonanni, MIT Media Laboratory, Cambridge, MA; 81100525482, Ted Selker, MIT Media Laboratory, Cambridge, MA; "
"CHI","05","http://dx.doi.org/10.1145/1054972.1055060","Artful systems in the home","88 ","10","67","2,017","domestic life; home life; miscellaneous; ubiquitous computing","10","81100517358, Alex S. Taylor, Microsoft Research, Cambridge, UK; 81100231799, Laurel Swan, Brunel University, London, UK; "
"CHI","05","http://dx.doi.org/10.1145/1054972.1055062","Applying the lessons of the attack on the world trade center, 11th September 2001, to the design and use of interactive evacuation simulations","7 ","1","42","910","evacuation; safety; user modeling","10","81100451083, C. W. Johnson, University of Glasgow, Glasgow, Scotland; "
"CHI","05","http://dx.doi.org/10.1145/1054972.1055064","A qualitative cross-national study of cultural influences on mobile data service design","22 ","19","99","1,256","culture; human factors; qualitative research","10","81350594298, Boreum Choi, Yonsei University, Seoul, Korea; 81452593533, Inseong Lee, Yonsei University, Seoul, Korea; 81406599725, Jinwoo Kim, Yonsei University, Seoul, Korea; 81414597360, Yunsuk Jeon, University of Helsinki, Helsinki, Finland; "
"CHI","05","http://dx.doi.org/10.1145/1054972.1055065","Learning user interest for image browsing on small-form-factor devices","17 ","3","47","1,002","algorithms; human factors; mobile image browsing; user interfaces","10","81385598345, Xing Xie, Microsoft Research Asia, Beijing, P.R. China; 81410592346, Hao Liu, The Chinese University of Hong Kong, Shatin. N.T., Hong Kong; 81100210119, Simon Goumaz, Microsoft Research Asia, Beijing, P.R. China; 81350592994, Wei-Ying Ma, Microsoft Research Asia, Beijing, P.R. China; "
"CHI","05","http://dx.doi.org/10.1145/1054972.1055066","Summary thumbnails: readable overviews for small screen web browsers","62 ","11","89","1,714","design; human factors; pda; small screen device; user interfaces","10","81316489615, Heidi Lam, University of British Columbia, Vancouver, BC; 81100137268, Patrick Baudisch, Microsoft Research, Redmond, WA; "
"CHI","05","http://dx.doi.org/10.1145/1054972.1055068","Understanding email use: predicting action on a message","28 ","21","185","2,633","communication; computer-supported cooperative work; email; intelligent agents; synchronous interaction","10","81100650586, Laura A. Dabbish, Carnegie Mellon University, Pittsburgh, PA; 81328489038, Robert E. Kraut, Carnegie Mellon University, Pittsburgh, PA; 81100583820, Susan Fussell, Carnegie Mellon University, Pittsburgh, PA; 81100476487, Sara Kiesler, Carnegie Mellon University, Pittsburgh, PA; "
"CHI","05","http://dx.doi.org/10.1145/1054972.1055069","How to make secure email easier to use","8 ","7","81","2,698","cryptographic controls; evaluation/methodology; user interaction design","10","81100415667, Simson L. Garfinkel, MIT CSAIL, Cambridge, MA; 81100256486, David Margrave, Amazon.com, Seattle, WA; 81100243653, Jeffrey I. Schiller, MIT Network Services, Cambridge, MA; 81100299928, Erik Nordlander, MIT CSAIL, Cambridge, MA; 81100162232, Robert C. Miller, MIT CSAIL, Cambridge, MA; "
"CHI","05","http://dx.doi.org/10.1145/1054972.1055070","Designing human friendly human interaction proofs (HIPs)","29 ","6","62","1,113","completely automated public turing tests to tell computers and humans apart; evaluation; human interaction proofs; visual letter recognition","10","81100301174, Kumar Chellapilla, Microsoft Research, Redmond, WA; 81100470644, Kevin Larson, Microsoft Research, Redmond, WA; 81100027001, Patrice Simard, Microsoft Research, Redmond, WA; 81100280834, Mary Czerwinski, Microsoft Research, Redmond, WA; "
"CHI","05","http://dx.doi.org/10.1145/1054972.1055072","Life on the edge: supporting collaboration in location-based experiences","52 ","4","57","1,247","collaborative; education; location-based; shared-context; ubiquitous","10","81100619971, Steve Benford, University of Nottingham, Nottingham, UK; 81311485174, Duncan Rowland, University of Nottingham, Nottingham, UK; 81100138797, Martin Flintham, University of Nottingham, Nottingham, UK; 81100638532, Adam Drozd, University of Nottingham, Nottingham, UK; 81100351909, Richard Hull, Hewlett-Packard Laboratories, Bristol; 81100283085, Josephine Reid, Hewlett-Packard Laboratories, Bristol; 81100423199, Jo Morrison; 81430615966, Keri Facer; "
"CHI","05","http://dx.doi.org/10.1145/1054972.1055073","Improving orchestral conducting systems in public spaces: examining the temporal characteristics and conceptual models of conducting gestures","8 ","2","35","561","artificial, augmented, and virtual realities; conceptual models; empirical study; exhibits; music interfaces","10","81100385689, Eric Lee, RWTH Aachen University, Aachen, Germany; 81100334933, Marius Wolf, RWTH Aachen University, Aachen, Germany; 81100443423, Jan Borchers, RWTH Aachen University, Aachen, Germany; "
"CHI","05","http://dx.doi.org/10.1145/1054972.1055074","Designing the spectator experience","103 ","23","189","2,069","art; expression; human factors; museums; public experiences; user/machine systems","10","81100228688, Stuart Reeves, The University of Nottingham, Nottingham, UK; 81100619971, Steve Benford, The University of Nottingham, Nottingham, UK; 81409593242, Claire O'Malley, The University of Nottingham, Nottingham, UK; 81100364452, Mike Fraser, The University of Bristol, Bristol, UK; "
"CHI","05","http://dx.doi.org/10.1145/1054972.1055076","Values at play: design tradeoffs in socially-oriented game design","23 ","12","143","2,132","design; gender and computing; programming pedagogy; social issues","10","81100538614, Mary Flanagan, Film & Media Hunter College, New York, NY; 81100308687, Daniel C. Howe, New York University, New York, NY; 81100104436, Helen Nissenbaum, New York University, New York, NY; "
"CHI","05","http://dx.doi.org/10.1145/1054972.1055078","Feature congestion: a measure of display clutter","21 ","8","81","1,114","clutter; feature congestion; miscellaneous; visual interfaces","10","81100414889, Ruth Rosenholtz, MIT, Cambridge, MA; 81100485034, Yuanzhen Li, MIT, Cambridge, MA; 81100259124, Jonathan Mansfield, MIT, Cambridge, MA; 81100054519, Zhenlan Jin, MIT, Cambridge, MA; "
"CHI","05","http://dx.doi.org/10.1145/1054972.1055079","Improving revisitation in fisheye views with visit wear","20 ","0","26","661","edit wear; fisheye views; information interfaces and presentation; spatial memory","10","81100133304, Amy Skopik, University of Saskatchewan, Saskatoon, Canada; 81100275704, Carl Gutwin, University of Saskatchewan, Saskatoon, Canada; "
"CHI","05","http://dx.doi.org/10.1145/1054972.1055081","Martial arts in artificial reality","31 ","10","117","1,991","artificial reality; input devices and strategies; kung-fu","10","81100307069, Perttu H&#228;m&#228;l&#228;inen, Helsinki University of Technology, HUT, Finland; 81100391905, Tommi Ilmonen, Helsinki University of Technology, HUT, Finland; 81100619329, Johanna H&#246;ysniemi, University of Tampere, UTA, Finland; 81100574122, Mikko Lindholm; 81100535232, Ari Nyk&#228;nen; "
"CHI","05","http://dx.doi.org/10.1145/1054972.1055082","Spotlight: directing users' attention on large displays","22 ","5","66","1,459","attention; graphical user interfaces; user study","8","81100345201, Azam Khan; 81100153192, Justin Matejka; 81100585120, George Fitzmaurice; 81332510496, Gordon Kurtenbach; "
"CHI","05","http://dx.doi.org/10.1145/1054972.1055084","MultiView: spatially faithful group video conferencing","22 ","8","80","1,069","computer-supported cooperative work; eye contact; spatial faithfulness","10","81410594440, David Nguyen, University of California, Berkeley, Berkeley, CA; 81100415489, John Canny, University of California, Berkeley, Berkeley, CA; "
"CHI","05","http://dx.doi.org/10.1145/1054972.1055086","Less visible and wireless: two experiments on the effects of microphone type on users' performance and perception","4 ","0","29","628","creativity; disclosure; fluency; miscellaneous; output modality; ubiquitous computing; user interfaces; wireless device","10","81100212554, QianYing Wang, Stanford University; 81100153283, Clifford Nass, Stanford University; "
"CHI","05","http://dx.doi.org/10.1145/1054972.1055088","Children and emerging wireless technologies: investigating the potential for spatial practice","12 ","8","74","739","augmented reality; design workshops; mobility; soundscapes","10","81100006469, Morris Williams, University of the West of England, Bristol, UK; 81100554724, Owain Jones, University of Exeter, Exeter, UK; 81100524289, Constance Fleuriot, University of Bristol, Bristol, UK; 81100373510, Lucy Wood, Ordnance Survey Research and Innovation, Southampton, UK; "
"CHI","05","http://dx.doi.org/10.1145/1054972.1055089","Testing the media equation with children","5 ","1","47","1,413","casa; information interfaces and presentation","10","81332493266, Sonia Chiasson, University of Saskatchewan, Skatoon, Canada; 81100275704, Carl Gutwin, University of Saskatchewan, Skatoon, Canada; "
"CHI","05","http://dx.doi.org/10.1145/1054972.1055090","Camera talk: making the camera a partial participant","3 ","1","26","545","children; educational software; miscellaneous; video data","10","81100168814, K. K. Lamberty, Georgia Institute of Technology, Atlanta, GA; 81452618006, Janet L. Kolodner, Georgia Institute of Technology, Atlanta, GA; "
"CHI","05","http://dx.doi.org/10.1145/1054972.1055092","The syntax or the story behind it?: a usability study of student work with computer-based programming environments in elementary science","0 ","0","28","611","computer-based programming environments; graphical user interfaces; procedural programming","10","81100584026, Loucas Louca, University of Cyprus, Nicosia, Cyprus; "
"CHI","05","http://dx.doi.org/10.1145/1054972.1055093","Extending tangible interfaces for education: digital montessori-inspired manipulatives","73 ","21","187","1,964","digital manipulatives; simulation; tui","10","81100224720, Oren Zuckerman, MIT Media Laboratory, Cambridge MA; 81100463111, Saeed Arida, MIT School of Architecture, Cambridge MA; 81331502299, Mitchel Resnick, MIT Media Laboratory, Cambridge MA; "
"CHI","05","http://dx.doi.org/10.1145/1054972.1055094","Effectiveness of end-user debugging software features: are there gender issues?","31 ","7","54","860","debugging; end-user software engineering; human factors; surprise-explain-reward","10","81100022759, Laura Beckwith, Oregon State University, Corvallis, Oregon; 81100337865, Margaret Burnett, Oregon State University, Corvallis, Oregon; 81100387125, Susan Wiedenbeck, Drexel University, Philadelphia, Pennsylvania; 81452601376, Curtis Cook, Oregon State University, Corvallis, Oregon; 81100522442, Shraddha Sorte, Oregon State University, Corvallis, Oregon; 81100061557, Michelle Hastings, Oregon State University, Corvallis, Oregon; "
"CHI","05","http://dx.doi.org/10.1145/1054972.1055096","Patterns of media use in an activity-centric collaborative environment","10 ","3","35","1,193","activity-cen-tric collaboration; computer-mediated communication; cscw; experimentation; performance; theory and models","10","81100086599, David R. Millen, IBM T.J. Watson Research, Cambridge, MA; 81332517372, Michael J. Muller, IBM T.J. Watson Research, Cambridge, MA; 81100543332, Werner Geyer, IBM T.J. Watson Research, Cambridge, MA; 81338491410, Eric Wilcox, IBM T.J. Watson Research, Cambridge, MA; 81100297942, Beth Brownholtz, IBM T.J. Watson Research, Cambridge, MA; "
"CHI","05","http://dx.doi.org/10.1145/1054972.1055097","Assessing differential usage of usenet social accounting meta-data","11 ","1","29","755","assessment; community; newsgroups; posts; social accounting metrics; usenet","10","81332491415, A.J. Bernheim Brush, Microsoft Research, Redmond, WA; 81100219062, Xiaoqing Wang, University of Pittsburgh, Pittsburgh, PA; 81100229167, Tammara Combs Turner, Microsoft Research, Redmond, WA; 81100077378, Marc A. Smith, Microsoft Research, Redmond, WA; "
"CHI","05","http://dx.doi.org/10.1145/1054972.1055098","When participants do the capturing: the role of media in diary studies","57 ","12","190","2,202","diary studies; qualitative methods","10","81405594119, Scott Carter, University of California, Berkeley, Berkeley, CA; 81100650762, Jennifer Mankoff, Carnegie Mellon Univeristy, Pittsburgh, PA; "
"CHI","05","http://dx.doi.org/10.1145/1054972.1055100","Using context-aware computing to reduce the perceived burden of interruptions from mobile devices","57 ","28","169","2,069","context-aware computing; interruption; mobile computing","10","81100317467, Joyce Ho, Massachusetts Institute of Technology, Cambridge, MA; 81100009538, Stephen S. Intille, Massachusetts Institute of Technology, Cambridge, MA; "
"CHI","05","http://dx.doi.org/10.1145/1054972.1055101","Interaction in 4-second bursts: the fragmented nature of attentional resources in mobile HCI","125 ","20","234","2,549","attention; context; miscellaneous; mobile hci; multitasking","10","81100333050, Antti Oulasvirta, Helsinki Institute for Information Technology, Helsinki, Finland; 81100452612, Sakari Tamminen, Helsinki University of Technology, Helsinki, Finland; 81100443285, Virpi Roto, Nokia Research Center, Helsinki, Finland; 81100519153, Jaana Kuorelahti, Helsinki University of Technology, Helsinki, Finland; "
