"conference","year","doi","title","citationCount","download6weeks","download12months","downloadAll","keywords","pageNumber","authors"
"CHI","86","http://dx.doi.org/10.1145/22627.22340","The information lens: an intelligent system for information sharing in organizations","31 ","4","39","873","data sharing; electronic mail; human factors; theory","8","81100548740, T. W. Malone, Massachusetts Institute of Technology; 81100081464, K. R. Grant, Massachusetts Institute of Technology; 81339533353, F. A. Turbak, Massachusetts Institute of Technology; "
"CHI","86","http://dx.doi.org/10.1145/22627.22341","Graphic interfaces for knowledge-based system development","2 ","0","15","258","design; human factors; representations","7","81100102525, S. E. Poltrock, Microelectronics and Computer Technology Corporation, 9430 Research Boulevard, Austin, Texas; 81100630654, D. D. Steiner, Microelectronics and Computer Technology Corporation, 9430 Research Boulevard, Austin, Texas; 81100349579, P. N. Tarlton, Microelectronics and Computer Technology Corporation, 9430 Research Boulevard, Austin, Texas; "
"CHI","86","http://dx.doi.org/10.1145/22627.22342","Generalized fisheye views","570 ","30","260","3,674","design; human factors; theory","8","81100649937, G. W. Furnas, Bell Communications Research, 435 South St., Morristown, New Jersey; "
"CHI","86","http://dx.doi.org/10.1145/22627.22343","User modeling in UC, the UNIX consultant","15 ","0","11","122","design; human factors","5","81408595226, D. N. Chin, Computer Science Division, Department of EECS, University of California, Berkeley; "
"CHI","86","http://dx.doi.org/10.1145/22627.22344","TNT: a talking tutor 'n' trainer for teaching use of interactive computer systems","8 ","0","12","246","computer-assisted instruction; human factors","6","81537223556, L. H. Nakatani, AT&T Bell Laboratories, Murray Hill, New Jersey; 81100209082, D. E. Egan, AT&T Bell Laboratories, Murray Hill, New Jersey; 81100180792, L. W. Ruedisueli, AT&T Bell Laboratories, Murray Hill, New Jersey; 81100192014, P. M. Hawley, AT&T Bell Laboratories, Murray Hill, New Jersey; 81100103288, D. K. Lewart, AT&T Bell Laboratories, Murray Hill, New Jersey; "
"CHI","86","http://dx.doi.org/10.1145/22627.22345","Advising roles of a computer consultant","7 ","0","17","195","human factors; management","6","81100095017, J. McKendree, Department of Psychology, Carnegie-Mellon University, Pittsburgh, PA; 81350576124, J. M. Carroll, User Interface Institute, IBM Thomas J. Watson Research Center, P.O. Box 218, Yorktown Heights, NY; "
"CHI","86","http://dx.doi.org/10.1145/22627.22346","The computer as musical accompanist","0 ","2","13","291","human factors; music","3","81452616426, W. Buxton, Computer Systems Research Institute, University of Toronto, Toronto, Ontario, Canada M5S 1A4; 81100567138, R. Dannenberg, Computer Science Department, 4212 Wean Hall, Carnegie Mellon University, Pittsburgh, Pennsylvania; "
"CHI","86","http://dx.doi.org/10.1145/22627.22347","The enhancement of understanding through visual representations","19 ","n/a","n/a","n/a","design; human factors; methodologies","7","81100129488, H. D. Bocker; 81100312872, G. Fischer; 81332518581, H. Nieper; "
"CHI","86","http://dx.doi.org/10.1145/22627.22348","Design principles for the enhanced presentation of computer program source text","14 ","2","27","484","design; documentation; management","8","81100448368, R. Baecker, Dynamic Graphics Project, Computer Systems Research Institute and Department of Computer Science, University of Toronto, Toronto, Ontario M5S 1A4 Canada; 81100583778, A. Marcus, Aaron Marcus and Associates, 1196 Euclid Avenue, Berkeley, California; "
"CHI","86","http://dx.doi.org/10.1145/22627.22349","Visual programming, programming by example, and program visualization: a taxonomy","62 ","18","112","1,793","debugging aids; documentation; human factors; languages","8","81100013136, B. A. Myers, Dynamic Graphics Project, Computer Systems Research Institute, University of Toronto, Toronto, Ontario, M5S 1A4, Canada; "
"CHI","86","http://dx.doi.org/10.1145/22627.22350","Transfer between word processing systems","5 ","0","11","195","human factors; management; word processing","5","81100505984, J. Karat, User Interface Architecture, IBM Austin; 81100219966, L. Boyes, User Interface Architecture, IBM Austin; 81100387191, S. Weisgerber, User Interface Architecture, IBM Austin; 81332525689, C. Schafer, User Interface Architecture, IBM Austin; "
"CHI","86","http://dx.doi.org/10.1145/22627.22351","Learning and transfer for text and graphics editing with a direct manipulation interface","4 ","0","11","227","design; human factors; interaction techniques","6","81100445374, J. E. Ziegler, Fraunhofer-Institut f&#252;r Arbeitswirtschaft und Organisation (IAO), Holzgartenstr, 17, 700O Stuttgart, West Germany; 81100397563, H. U. Hoppe, Fraunhofer-Institut f&#252;r Arbeitswirtschaft und Organisation (IAO), Holzgartenstr, 17, 700O Stuttgart, West Germany; 81100400801, K. P. Fahnrich, Fraunhofer-Institut f&#252;r Arbeitswirtschaft und Organisation (IAO), Holzgartenstr, 17, 700O Stuttgart, West Germany; "
"CHI","86","http://dx.doi.org/10.1145/22627.22352","A test of a common elements theory of transfer","13 ","0","18","254","design; human factors","6","81100564360, P. G. Polson, University of Colorado, Boulder, Colorado; 81100350795, E. Muncher, University of Colorado, Boulder, Colorado; 81100429025, G. Engelbeck, University of Colorado, Boulder, Colorado; "
"CHI","86","http://dx.doi.org/10.1145/22627.22353","Classifying users: a hard look at some controversial issues","6 ","0","15","358","human factors","5","81100511283, K. Potosnak, Computer Science Department, Carnegie-Mellon Univ., Pittsburgh, PA; 81384622109, P. J. Hayes, IBM Thomas J. Watson Research Center, Yorktown Heights, NY; 81335496622, M. B. Rosson, Digital Equipment Corporation, 110 Spit Brook Road, Nashua, NH; 81100156636, M. L. Schneider; 81100512851, J. A. Whiteside; "
"CHI","86","http://dx.doi.org/10.1145/22627.22354","Medical cognitive graphics","2 ","0","14","724","application packages; human factors","5","81332494067, W. G. Cole, Section on Medical Information Science, University of California, San Francisco; "
"CHI","86","http://dx.doi.org/10.1145/22627.22355","How are windows used? Some notes on creating an empirically-based windowing benchmark task","13 ","3","19","335","application packages; human factors","5","81100222453, K. B. Gaylin, Human Factors Laboratory, Virginia Polytechnic Institute and State University, Blacksburg, Virginia; "
"CHI","86","http://dx.doi.org/10.1145/22627.22356","A comparison of tiled and overlapping windows","44 ","5","36","681","application packages; human factors","6","81100274421, S. A. Bly, Xerox Office Systems Division, 2100 Geng Road, Palo Alto, CA; 81546139856, J. K. Rosenberg, Xerox Office Systems Division, 2100 Geng Road, Palo Alto, CA; "
"CHI","86","http://dx.doi.org/10.1145/22627.22357","A cognitive model of database querying: a tool for novice instruction","3 ","1","11","255","documentation; human factors","7","81547287856, M. S. Schlager, Psychology Department, Campus Box 345, University of Colorado, Boulder, Colorado; 81100502154, W. C. Ogden, International Business Machines Corp., Human Factors Center, Santa Teresa Laboratory, San Jose, California; "
"CHI","86","http://dx.doi.org/10.1145/22627.22358","DOMAIN/DELPHI: retrieving documents online","2 ","0","10","192","data sharing; human factors; interaction techniques","8","81100547695, P. Orwick, Apollo Computer Inc., 330 Billerica Rd., Chelmsford, MA; 81100306259, J. T. Jaynes, Apollo Computer Inc., 330 Billerica Rd., Chelmsford, MA; 81100073989, T. R. Barstow, Apollo Computer Inc., 330 Billerica Rd., Chelmsford, MA; 81538450856, L. S. Bohn, Apollo Computer Inc., 330 Billerica Rd., Chelmsford, MA; "
"CHI","86","http://dx.doi.org/10.1145/22627.22359","The effects of structured, multi-level documentation","0 ","1","12","199","documentation; human factors","7","81100355613, R. W. Holt, Psychology Department, George Mason University, Fairfax, Virginia; 81100153736, D. A. Boehm-Davis, Psychology Department, George Mason University, Fairfax, Virginia; 81547253356, A. C. Schultz, Psychology Department, George Mason University, Fairfax, Virginia; "
"CHI","86","http://dx.doi.org/10.1145/22627.22360","Socio-tech: what is it (and why should we care)?","1 ","0","17","268","human factors; management","2","81100294893, R. Pew, Human Factors/Ergonomics, IBM (Corporate); 81100225594, K. Assunto; 81100250982, W. Baker; 81332496940, S. Dray; 81332531433, J. Taylor; "
"CHI","86","http://dx.doi.org/10.1145/22627.22361","Animated graphical interfaces using temporal constraints","30 ","0","14","285","animation; graphics packages; interaction techniques; smalltalk","6","81100471586, R. A. Duisberg, Computer Research Laboratory, Tektronix, Inc., P.O.Box 500, MS 50-662, Beaverton, OR; "
"CHI","86","http://dx.doi.org/10.1145/22627.22362","Defining constraints graphically","38 ","0","22","315","design; human factors; interaction techniques","7","81100164129, A. Borning, Department of Computer Science, FR-35, University of Washington, Seattle, Washington; "
"CHI","86","http://dx.doi.org/10.1145/22627.22363","A user interface for multiple-process, turnkey systems targeted for the novice user","1 ","n/a","n/a","n/a","computer-aided design; graphics packages; human factors","7","81100375112, B. S. Kimerer; "
"CHI","86","http://dx.doi.org/10.1145/22627.22364","Learning modes and subsequent use of computer-mediated communication systems","1 ","0","13","278","data communications; electronic mail; human factors","7","81452617202, S. R. Hiltz, New Jersey Institute of Technology; "
"CHI","86","http://dx.doi.org/10.1145/22627.22365","Voice messaging enhancing the user interface design based on field performance","7 ","0","14","280","human factors; voice","6","81100387350, A. F. Aucella; 81100368806, S. F. Ehrlich; "
"CHI","86","http://dx.doi.org/10.1145/22627.22366","Integrated software usage in the professional work environment: evidence from questionnaires and interviews","15 ","3","27","479","business; human factors; software development","6","81100584580, J. Nielsen, Department of Computer Science, Technical University of Denmark, DK-2800 Lyngby, Denmark; 81100498306, R. L. Mack, User Interface Institute, IBM T.J. Watson Research Center, P.O.Box 218, Yorktown Heights, NY; 81100273933, K. H. Bergendorff, Department of Psychology, Box 512, Baruch College CUNY, 17 Lexington Ave., New York, NY; 81100363962, N. L. Grischkowsky, User Interface Institute, IBM T.J. Watson Research Center, P.O.Box 218, Yorktown Heights, NY; "
"CHI","86","http://dx.doi.org/10.1145/22627.22367","Debugging by skilled and novice programmers","11 ","0","39","548","debugging aids; human factors; logo; reliability","4","81100216584, L. Gugerty, Department of Psychology, The University of Michigan, 330 Packard Road, Ann Arbor, Michigan; 81100178543, G. Olson, Department of Psychology, The University of Michigan, 330 Packard Road, Ann Arbor, Michigan; "
"CHI","86","http://dx.doi.org/10.1145/22627.22368","Does programming language affect the type of conceptual bugs in beginners' programs? A comparison of FPL and Pascal","8 ","8","40","383","design; management; software development","8","81100522364, N. Cunniff, Department of Communication, Computing and Technology in Education, Center for Intelligent Tools in Education, Teachers College, Columbia University; 81100520244, R. P. Taylor, Department of Communication, Computing and Technology in Education, Center for Intelligent Tools in Education, Teachers College, Columbia University; 81100576470, J. B. Black, Department of Communication, Computing and Technology in Education, Center for Intelligent Tools in Education, Teachers College, Columbia University; "
"CHI","86","http://dx.doi.org/10.1145/22627.22369","Alternatives to construct-based programming misconceptions","8 ","3","34","488","applicative languages; diagnostics","9","81452612201, J. C. Spohrer, Department of Computer Science, Cognition and Programming Project, Yale University, New Haven, Connecticut; 81332528788, E. Soloway, Department of Computer Science, Cognition and Programming Project, Yale University, New Haven, Connecticut; "
"CHI","86","http://dx.doi.org/10.1145/22627.22370","Designing a quality voice: an analysis of listeners' reactions to synthetic voices","0 ","0","11","307","design; human factors; language generation; languages","6","81335496622, M. B. Rosson, IBM Thomas J. Watson Research Center, Yorktown Heights, New York; 81100130034, A. J. Cecala, Yale University, New Haven, Connecticut; "
"CHI","86","http://dx.doi.org/10.1145/22627.22371","Speech recognition enhancement by lip information","0 ","0","14","358","human factors; languages","7","81332518691, S. Nishida, Central Research Lab., Mitsubishi Electric Corp., Tsukaguchi-Hommachi 8-1-1, Amagasaki, Hyogo, 661, Japan and Media Laboratory, MIT, Cambridge, MA; "
"CHI","86","http://dx.doi.org/10.1145/22627.22372","Comparison of elderly and younger users on keyboard and voice input computer-based composition tasks","8 ","5","35","730","human factors; languages; word processing","7","81100095387, V. Ogozalek, Worcester Polytechnic Institute, Worcester, Massachusetts; 81100624680, J. Van Praag, Digital Equipment Corporation, Nashua, New Hampshire; "
"CHI","86","http://dx.doi.org/10.1145/22627.22373","Usability testing in the real world","0 ","1","23","635","design; reliability; user interfaces","4","81100012167, C. Mills, American Institutes for  Research, Washington, DC; 81100564710, K. F. Bury, IBM Corporation, Santa Teresa, California; 81538237056, T. Roberts, Xerox Coporation, Palo Alto, California; 81100424796, Bruce Tognazzini, Apple Computer Inc., Cupertino, California; 81100478606, A. Wichansky, Hewlett-Packard, Palo Alto, California; 81100319918, P. Reed, AT&T Bell Laboratories, whippany, New Jersey; "
"CHI","86","http://dx.doi.org/10.1145/22627.22374","Rapid prototyping and system development: examination of an interface toolkit for voice and telephony applications","7 ","1","13","517","design; management; rapid prototyping; user interfaces","5","81100451878, J. T. Richards, User Interface Institute, IBM Thomas J. Watson Research Center, P.O. Box 218, Yorktown Heights, NY; 81100117098, S. J. Boies, Corporate Technical Committee, IBM, Armonk, NY and User Interface Institute, IBM Thomas J. Watson Research Center, P.O. Box 218, Yorktown Heights, NY; 81406593839, J. D. Gould, User Interface Institute, IBM Thomas J. Watson Research Center, P.O. Box 218, Yorktown Heights, NY; "
"CHI","86","http://dx.doi.org/10.1145/22627.22375","The Trillium user interface design environment","52 ","2","20","465","design; human factors; methodologies; user interfaces","7","81541363956, D. A. Henderson, Jr., Intelligent Systems Laboratory, Xerox Palo Alto Research Center, Palo Alto, California; "
"CHI","86","http://dx.doi.org/10.1145/22627.22376","An interactive environment for dialogue development: its design, use and evaluation; or, is aide useful?","3 ","1","11","218","design; human factors; management; user interfaces","7","81100294522, D. H. Hix, Department of Computer Science, Virginia Polytechnic Institute and State University, Blacksburg, Virginia; 81100488487, H. R. Hartson, Department of Computer Science, Virginia Polytechnic Institute and State University, Blacksburg, Virginia; "
"CHI","86","http://dx.doi.org/10.1145/22627.22377","The elicitation of system knowledge by picture probes","0 ","0","10","187","design; human factors; training","6","81100469779, P. Barnard, MRC Applied Psychology Unit, 15 Chaucer Road, Cambridge, CB2 ZEF, England; 81100531210, M. Wilson, MRC Applied Psychology Unit, 15 Chaucer Road, Cambridge, CB2 ZEF, England; 81100609167, A. MacLean, MRC Applied Psychology Unit, 15 Chaucer Road, Cambridge, CB2 ZEF, England; "
"CHI","86","http://dx.doi.org/10.1145/22627.22378","User-derived impact analysis as a tool for usability engineering","21 ","6","46","654","design; human factors; systems analysis and design","6","81100090422, M. Good, Digital Equipment Corporation, Nashua, New Hampshire; 81100609654, T. M. Spine, Digital Equipment Corporation, Nashua, New Hampshire; 81100512851, J. Whiteside, Digital Equipment Corporation, Nashua, New Hampshire; 81100355578, P. George, Digital Equipment Corporation, Nashua, New Hampshire; "
"CHI","86","http://dx.doi.org/10.1145/22627.22379","On designing for usability: an application of four key principles","7 ","2","22","440","data sharing; human factors; interactive environments; measurement; performance and usage measurement","6","81100451165, T. T. Hewett, Department of Psychology and Sociology, Drexel University, Philadelphia, PA; 81100289836, C. T. Meadow, Faculty of Library and Information Science, University of Toronto, Canada; "
"CHI","86","http://dx.doi.org/10.1145/22627.22380","Human computer interaction in the year 2000","0 ","2","21","478","hardware/software interfaces; human factors","3","81100411395, J. Thomas, IBM T. J. Watson Research Center; 81100014251, J. S. Brown, Xerox Palo Alto Research Center; 81452616426, W. Buxton, CSRI, University of Toronto; 81332494818, B. Curtis, Bell Communications Research; 81100552367, T. Landauer; "
"CHI","86","http://dx.doi.org/10.1145/22627.22381","The formal specification of adaptive user interfaces using command language grammar","2 ","1","13","314","design; human factors; languages","5","81100010235, D. P. Browne; 81100138418, B. Sharratt; 81100062584, M. Norman; "
"CHI","86","http://dx.doi.org/10.1145/22627.22382","An input-output model of interactive systems","5 ","1","10","410","abstract data types; human factors; user interfaces","13","81339528004, M. Shaw, Computer Science Department and Software Engineering Institute, Carnegie-Mellon University, Pittsburgh, Pa; "
"CHI","86","http://dx.doi.org/10.1145/22627.22383","Formatting space-related displays to optimize expert and nonexpert user performance","5 ","1","13","218","aerospace; human factors; user interfaces","7","81332491677, M. J. Burns, Lockheed Engineering and Management Services Co. Inc., 2400 Nasa Road 1, Houston, Texas; 81100611759, D. L. Warren, Lockheed Engineering and Management Services Co. Inc., 2400 Nasa Road 1, Houston, Texas; 81339525705, M. Rudisill, NASA Johnson Space Center, Houston, Texas; "
"CHI","86","http://dx.doi.org/10.1145/22627.22384","Designing in the dark: logics that compete with the user","5 ","0","11","233","design; methodologies","4","81100031531, J. Grudin; "
"CHI","86","http://dx.doi.org/10.1145/22627.22385","A formal interface design methodology based on user knowledge","6 ","2","16","504","design; systems analysis and design","6","81100299134, J. E. McDonald, Computing Research Laboratory, New Mexico State University, Las Cruces, NM; 81100237451, D. W. Dearholt, Computing Research Laboratory, New Mexico State University, Las Cruces, NM; 81541594456, K. R. Paap, Computing Research Laboratory, New Mexico State University, Las Cruces, NM; 81100460403, R. W. Schvaneveldt, Computing Research Laboratory, New Mexico State University, Las Cruces, NM; "
"CHI","86","http://dx.doi.org/10.1145/22627.22386","Human interface design and the handicapped user","16 ","4","32","1,233","design; management; systems analysis and design","7","81452616426, W. Buxton, Computer Systems Research Institute, University of Toronto, Toronto, Ontario, Canada M5S 1A4; 81100423627, R. Foulds, Rehabilitation Engineering, Tufts University School of Medicine, Tufts-New England Medical Centre, 171 Harrison Ave., Box 75K/R, Boston MASS; 81100316426, M. Rosen, Principal Research Scientist, Mechanical Engineering Dept., Room 3-137, MIT, 77 Massachusetts Ave, Cambridge MASS; 81100256722, L. Scadden, Rehabilitation Engineering Center, Electronic Industries Foundation, 1901 Pennsilvania Ave. N.W., Suite 700, Washington, DC; 81100472050, F. Shein; "
"CHI","86","http://dx.doi.org/10.1145/22627.22387","The memory extender personal filing system","8 ","0","11","293","design; human factors; indexing methods","8","81100554899, W. P. Jones, Microelectronics and Computer Technology Corporation, 9430 Research Boulevard, Echelon #1, Austin, Texas; "
"CHI","86","http://dx.doi.org/10.1145/22627.22388","A model of mental model construction","7 ","1","29","450","design; human factors; word processing","8","81100349845, C. Lewis, Department of Computer Science and Institute of Cognitive Science, Campus Box 430, University of Colorado, Boulder CO; "
"CHI","86","http://dx.doi.org/10.1145/22627.22389","Intelligent interfaces: user models and planners","6 ","0","11","298","design; human factors; systems analysis and design","7","81100109093, L. Quinn, School of Education, SESAME Group, University of California, Berkeley and Human Factors Group, Reprographics Business Group, Xerox Corporation; 81100589296, D. M. Russell, Intelligent Systems Laboratory, Palo Alto Research Center, Xerox Corporation; "
"CHI","86","http://dx.doi.org/10.1145/22627.22390","A study in two-handed input","176 ","14","142","1,787","design; human factors; interaction techniques","6","81452616426, W. Buxton, Computer Systems Research Institute, University of Toronto, Toronto, Ontario, Canada, M5S 1A4; 81100013136, B. Myers, Computer Systems Research Institute, University of Toronto, Toronto, Ontario, Canada, M5S 1A4; "
"CHI","86","http://dx.doi.org/10.1145/22627.22391","Autocompletion in full text transaction entry: a method for humanized input","3 ","0","15","295","design; human factors","6","81332506545, M. Jakobsson, University of Vaasa, VAASA, Finland; "
"CHI","86","http://dx.doi.org/10.1145/22627.22392","Of moles and men: the design of foot controls for workstations","13 ","3","33","515","computing equipment management; equipment; human factors","7","81332520467, G. Pearson, Department of Computer Science, University of Maryland, College Park, Maryland; 81100068691, M. Weiser, Department of Computer Science, University of Maryland, College Park, Maryland; "
"CHI","86","http://dx.doi.org/10.1145/22627.22393","Managing the design of user-computer interfaces","1 ","0","11","134","design; human factors; management techniques","3","81100302796, J. Foley, The George Washington University & Computer Graphics Consultants; 81100117098, S. Boies, IBM; 81100268711, W. Zimmer; "
"CHI","86","http://dx.doi.org/10.1145/22627.22394","Seven plus or minus two central issues in human-computer interaction","8 ","n/a","n/a","n/a","design; human factors; systems analysis and design","7","81100146480, B. Shneiderman; "
