"conference","year","doi","title","citationCount","download6weeks","download12months","downloadAll","keywords","pageNumber","authors"
"CHI","85","http://dx.doi.org/10.1145/317456.317457","The effect of VDU text-presentation rate on reading comprehension and reading speed","2 ","0","17","309","design; evaluation/methodology; management; theory","6","81100561272, Jo W. Tombaugh, Department of Psychology, Carleton University, Ottawa, Canada K1S 5B6; 81100367396, Michael D. Arkin, Department of Psychology, Carleton University, Ottawa, Canada K1S 5B6; 81540509956, Richard F. Dillion, Department of Psychology, Carleton University, Ottawa, Canada K1S 5B6; "
"CHI","85","http://dx.doi.org/10.1145/317456.317458","Effects of cursor speed on text-editing","1 ","0","12","104","design; documentation; input devices and strategies; measurement; reliability","4","81406593839, John D. Gould, IBM Research Center, Box 218, Yorktown Heights, New York; 81100349845, Clayton Lewis, IBM Research Center, Box 218, Yorktown Heights, New York; 81100476448, Vincent Barnes, IBM Research Center, Box 218, Yorktown Heights, New York; "
"CHI","85","http://dx.doi.org/10.1145/317456.317459","The importance of percent-done progress indicators for computer-human interfaces","40 ","11","102","562","design; experimentation; interaction styles; measurement; progress indicators; user interfaces; window managers","7","81100013136, Brad A. Myers, Department of Computer Science, University of Toronto, Toronto, Ontario, M5S 1A4, Canada; "

"CHI","85","http://dx.doi.org/10.1145/317456.317461","A multi-touch three dimensional touch-sensitive tablet","56 ","20","167","2,941","algorithms; human factors; interpolation; performance","5","81545148156, SK Lee, Computer Systems Research Institute, University of Toronto, Toronto, Ontario, Canada, M5S 1A4; 81452616426, William Buxton, Computer Systems Research Institute, University of Toronto, Toronto, Ontario, Canada, M5S 1A4; 81337493638, K. C. Smith, Computer Systems Research Institute, University of Toronto, Toronto, Ontario, Canada, M5S 1A4; "
"CHI","85","http://dx.doi.org/10.1145/317456.317462","A subjective judgment study of polygon based curved surface imagery","7 ","1","11","234","curve, surface, solid, and object representations; evaluation/methodology; geometrical problems and computations; measurement; theory","8","81100484386, Peter R. Atherton, Department of Science and Technology Studies, Rensselaer Polytechnic Institute, Troy, NY; 81100254928, Linnda R. Caporael; "
"CHI","85","http://dx.doi.org/10.1145/317456.317463","VIDEOPLACE&mdash;an artificial reality","80 ","22","201","1,741","artificial, augmented, and virtual realities; experimentation; management; theory; virtual reality","6","81100204270, Myron W. Krueger, Computer Science Department, University of Connecticut, Storrs, Connecticut; 81100651640, Thomas Gionfriddo, Computer Science Department, University of Connecticut, Storrs, Connecticut; 81332504263, Katrin Hinrichsen, Computer Science Department, University of Connecticut, Storrs, Connecticut; "
"CHI","85","http://dx.doi.org/10.1145/317456.317464","Psychological research methods in the human use of computers (panel session)","0 ","0","11","349","design; management; psychology; user/machine systems","5","81406593839, John D. Gould, IBM Research Center, Box 218, Yorktown Hights, New York; 81543341756, John A. Anderson, Carnegie-Mellon University, Pittsburgh, Pa.; 81100469779, Phil Barnard, MRC Applied Psychology Unit, Cambridge, England; 81100552367, Thomas K. Landauer; "
"CHI","85","http://dx.doi.org/10.1145/317456.317465","Where the bugs are","7 ","0","15","428","design; performance; reliability; theory","7","81452612201, James C. Spohrer, Department of Computer Science, Cognition and Programming Project, Yale University, New Haven, Connecticut; 81332528788, Elliot Soloway, Department of Computer Science, Cognition and Programming Project, Yale University, New Haven, Connecticut; 81430599265, Edgar Pope, Department of Computer Science, Cognition and Programming Project, Yale University, New Haven, Connecticut; "
"CHI","85","http://dx.doi.org/10.1145/317456.317466","Extending the spreadsheet interface to handle approximate quantities and relationships","0 ","0","12","155","design; management; performance; theory","5","81100349845, Clayton Lewis, Department of Computer Science, Campus Box 430, University of Colorado, Boulder, CO; "
"CHI","85","http://dx.doi.org/10.1145/317456.317467","Estimating the distribution of software complexity <italic>within</italic> a program","0 ","0","10","168","design; human factors; metrics; theory","4","81100538646, Thomas G. Moher, Department of Electrical Engineering and Computer Science, University of Illinois-Chicago; "

"CHI","85","http://dx.doi.org/10.1145/317456.317469","Designing organizational interfaces","23 ","1","19","546","design; management; theory; user/machine systems","6","81100548740, Thomas W. Malone, Sloan School of Management, Massachusetts Institue of Technology; "
"CHI","85","http://dx.doi.org/10.1145/317456.317470","Selection from alphabetic and numeric menu trees using a touch screen: breadth, depth, and width","38 ","5","96","1,483","design; input devices and strategies; management; performance","6","81100552367, T. K. Landauer, Bell Communications Research, Morristown, N.J.; 81100515133, D. W. Nachbar, Bell Communications Research, Morristown, N.J.; "
"CHI","85","http://dx.doi.org/10.1145/317456.317471","Designing a menu-based interface to an operating system","7 ","3","24","475","design; human factors; management; performance; theory","6","81100355455, Thomas S. Tullis, Burroughs Corporation, Irvine, California; "
"CHI","85","http://dx.doi.org/10.1145/317456.317472","Connecting theory and practice: a case study of achieving usability goals","13 ","4","36","604","design; financial; management; performance","4","81100548093, Keith A. Butler, Boeing Computer Services, Advanced Technology Applications Division, Seattle, Washington; "
"CHI","85","http://dx.doi.org/10.1145/317456.317473","Technology in use (panel session)","1 ","0","9","157","design; management; theory; user/machine systems","4","81477642223, Sharon Traweek, Joint Appointment in Anthropology and The Program in Science, Technology and Society, MIT; 81100269822, Michael Lynch, Department of Sociology, Whitman College; 81332499120, Richard Frankel, Department of Medicine, Wayne State, University and consultant, National Aeronautics and Space Administration; 81100378945, Brigitte Jordon, Departments of Anthropology and Pediatrics, Michigan State University; 81100633564, Lucy A. Suchman, Intelligent Systems Laboratory, Xerox Palo Alto Research Center, 3333 Coyote Hill Road, Palo Alto, CA; "
"CHI","85","http://dx.doi.org/10.1145/317456.317474","The use of logging data in the design of a new text editor","7 ","0","14","256","design; documentation; management; systems analysis and design","5","81100090422, Michael Good, Digital Equipment Corporation; "
"CHI","85","http://dx.doi.org/10.1145/317456.317475","The evaluation of text editors: a critical review of the Roberts and Morgan methodology based on new experiments","8 ","0","20","277","design; documentation; experimentation; management; performance; theory","7","81100065714, Nathaniel S. Borenstein, Department of Computer Science, Carnegie-Mellon University, Pittsburgh, Pennsylvania; "
"CHI","85","http://dx.doi.org/10.1145/317456.317476","Evaluating the user interface: the candid camera approach","2 ","0","17","240","design; human factors; performance; user/machine systems","7","81332513582, Michelle A. Lund, CIM Division, Control Data Corporation; "
"CHI","85","http://dx.doi.org/10.1145/317456.317477","Communicating with sound (panel session","1 ","5","19","427","audio input/output; evaluation/methodology; management; theory","5","81100274421, Sara A. Bly, East Carolina University; 81100557851, Steven P. Frysinger, Lawrence Livermore National Laboratory; 81100492974, David Lunney, East Carolina University; 81100618552, Douglass L. Mansur, University of Toronto; 81100237499, Joseph J. Mezrich; 81332516863, Robert C. Morrison; 81452616426, William Buxton; "
"CHI","85","http://dx.doi.org/10.1145/317456.317478","When does an abbreviation become a word? and related questions","3 ","3","22","221","document and text editing; experimentation; management; user interfaces","5","81100031531, Jonathan Grudin, MRC Applied Psychology Unit, Cambridge, England; 81100469779, Phil Barnard; "
"CHI","85","http://dx.doi.org/10.1145/317456.317479","A comparison of symbolic and spatial filing","7 ","0","18","329","design; experimentation; file systems management; management; performance","4","81100134501, Susan T. Dumais, Bell Communications Research; 81100554899, William P. Jones; "
"CHI","85","http://dx.doi.org/10.1145/317456.317480","Experience with an adaptive indexing scheme","24 ","1","21","284","design; indexing methods; performance; user interfaces","5","81100649937, George W. Furnas, Bell Communications Research, Morristown, New Jersey; "
"CHI","85","http://dx.doi.org/10.1145/317456.317481","Computer human factors in computer interface design (panel session)","0 ","0","13","418","design; performance; user interfaces","2","81407594532, Thomas Moran, Xerox Palo Alto Research Center; 81350567367, Judith Reitman Olson, The University of Michigan; 81100285993, Dennis Wixon, Digital Equipment Corporation; 81100512851, John Whiteside, IBM Thomas J. Watson Research Center; 81100498306, Robert Mack; "
"CHI","85","http://dx.doi.org/10.1145/317456.317482","Identifying and designing toward new user expectations in a prototype text-editor (panel session)","0 ","0","9","134","design; documentation; performance; user-centered design","3","81100498306, Robert Mack, User Interface Institute, IBM Thomas J. Watson Research Center, P.O. Box 218, Yorktown Heights, New York; "
"CHI","85","http://dx.doi.org/10.1145/317456.317483","Expanded design procedures for learnable, usable interfaces (panel session)","2 ","0","14","184","design; performance; user interfaces","2","81406595878, Judith Reitman Olson, Graduate School of Business Administration, University of Michigan; "
"CHI","85","http://dx.doi.org/10.1145/317456.317484","Engineering for usability (panel session): lessons from the user derived interface","4 ","0","12","224","design; management; performance; user-centered design","4","81100285993, Dennis Wixon, Digital Equipment Corporation; 81100512851, John Whiteside, Digital Equipment Corporation; "
"CHI","85","http://dx.doi.org/10.1145/317456.317485","Prompting, feedback and error correction in the design of a scenario machine","6 ","0","14","320","design; human factors; measurement; reliability; theory; user/machine systems","5","81350576124, John M. Carroll, User Interface Institute, IBM Thomas J. Watson Research Center, Yorktown Heights, NY; 81100544690, Dana S. Kay, Department of Psychology, Yale University, Box 11A, Yale Station, New Haven, CT and User Interface Institute, IBM Thomas J. Watson Research Center, Yorktown Heights, NY; "
"CHI","85","http://dx.doi.org/10.1145/317456.317486","Information sought and information provided: an empirical study of user/expert dialogues","18 ","0","13","181","design; management; theory; user/machine systems","5","81100439716, Martha E. Pollack, Department of Computer and Information Science, The Moore School, University of Pennsylvania, Philadelphia, Pennsylvania; "
"CHI","85","http://dx.doi.org/10.1145/317456.317487","Knowledge-based help systems","37 ","2","26","498","applications and expert systems; human factors; performance; training, help, and documentation","7","81409592298, Gerhard Fischer, Research Group INFORM, Department of Computer Science, University of Stuttgart, Federal Republic of Germany; 81100048813, Andreas Lemke, Research Group INFORM, Department of Computer Science, University of Stuttgart, Federal Republic of Germany; 81100233794, Thomas Schwab, Research Group INFORM, Department of Computer Science, University of Stuttgart, Federal Republic of Germany; "
"CHI","85","http://dx.doi.org/10.1145/317456.317488","Design alternatives for user interface management sytems based on experience with COUSIN","37 ","3","28","502","design; management; theory; user/machine systems","7","81384622109, Philip J. Hayes, Computer Science Department, Carnegie-Mellon University, Pittsburgh, PA; 81100625746, Pedro A. Szekely, Computer Science Department, Carnegie-Mellon University, Pittsburgh, PA; 81100400344, Richard A. Lerner, Computer Science Department, Carnegie-Mellon University, Pittsburgh, PA; "
"CHI","85","http://dx.doi.org/10.1145/317456.317489","ADM &mdash; a dialog manager","28 ","0","14","229","design; interaction styles; performance; theory","7","81100273481, Andrew J. Schulert, Apollo Computer, Inc., 15 Elizabeth Drive, Chelmsford, MA; 81332524037, George T. Rogers, Apollo Computer, Inc., 15 Elizabeth Drive, Chelmsford, MA; 81100297297, James A. Hamilton, Apollo Computer, Inc., 15 Elizabeth Drive, Chelmsford, MA; "
"CHI","85","http://dx.doi.org/10.1145/317456.317490","User performance with command, menu, and iconic interfaces","22 ","3","37","853","design; experimentation; interaction styles; measurement; theory","7","81100512851, John Whiteside, Digital Equipment Corporation; 81100556307, Sandra Jones, Digital Equipment Corporation; 81540019056, Paula S. Levy, Digital Equipment Corporation; 81100285993, Dennis Wixon, Digital Equipment Corporation; "
"CHI","85","http://dx.doi.org/10.1145/317456.317491","Listener training for speech-output applications","1 ","0","11","95","design; languages; measurement; speech recognition and synthesis; training, help, and documentation","4","81335496622, Mary Beth Rosson, Remote Information Access Systems, IBM Thomas J. Watson Research Center, Yorktown Heights, NY; "
"CHI","85","http://dx.doi.org/10.1145/317456.317492","Speech recognition and manner of speaking in noise and in quiet","5 ","0","12","305","design; experimentation; languages; measurement; speech recognition and synthesis; voice i/o","3","81100296530, Ann M. Rollins; "
"CHI","85","http://dx.doi.org/10.1145/317456.317493","Why is synthetic speech harder to remember than natural speech?","2 ","0","12","293","design; experimentation; languages; measurement; speech recognition and synthesis; voice i/o","6","81100397259, John A. Waterworth, Human Factors Division, British Telecom Research Laboratories, Martlesham Heath, IPSWICH, UK; "
"CHI","85","http://dx.doi.org/10.1145/317456.317494","A quantitative model of the learning and performance of text editing knowledge","24 ","2","23","304","applications; document and text editing; experimentation; management; model validation and analysis; simulation output analysis; user interfaces","6","81100564360, Peter G. Polson, University of Colorado, Boulder, CO; 81100254452, David E. Kieras, University of Michigan, Ann Arbor, MI; "
"CHI","85","http://dx.doi.org/10.1145/317456.317495","A theory of stimulus-response compatibility applied to human-computer interaction","10 ","5","27","663","algorithms; experimentation; management; performance; user interfaces","7","81100482886, Bonnie E. John, Department of Psychology, Carnegie-Mellon University; 81100389261, Paul S. Rosenbloom, Departments of Computer Science and Psychology, Stanford University; 81100393604, Allen Newell, Department of Computer Science, Carnegie-Mellon University; "
"CHI","85","http://dx.doi.org/10.1145/317456.317496","BASIC versus natural language: is there one underlying comprehension process?","0 ","3","14","182","basic; human factors; management; natural language; performance","3","81332497125, Jennifer L. Dyck, Department of Psychology, University of California, Santa Barbara; 81406594834, Richard E. Mayer, Department of Psychology, University of California, Santa Barbara; "

