"conference","year","doi","title","citationCount","download6weeks","download12months","downloadAll","keywords","pageNumber","authors"
"CHI","82","http://dx.doi.org/10.1145/800049.801744","Learning and remembering interactive commands","4 ","0","11","267","human factors; learning","6","81100469779, P. Barnard; 81100001026, N. Hammond; 81100609167, A. MacLean; 81332516822, J. Morton; "
"CHI","82","http://dx.doi.org/10.1145/800049.801745","Learning and remembering command names","15 ","1","16","320","human factors; learning","4","81100576470, John B. Black; 81545217056, Thomas P. Moran; "
"CHI","82","http://dx.doi.org/10.1145/800049.801746","Evaluating the suggestiveness of command names","2 ","1","9","169","command and control languages; languages","5","81332524216, Jarrett Rosenberg; "
"CHI","82","http://dx.doi.org/10.1145/800049.801747","Computer commands labelled by users versus imposed commands and the effect of structuring rules on recall","0 ","0","8","163","command and control languages; human factors","3","81100519367, Dominique L. Scapin; "
"CHI","82","http://dx.doi.org/10.1145/800049.801748","Psychological issues in the use of icons in command menus","12 ","3","22","558","command and control languages; markup languages; psychology","4","81547030056, Kathleen Hemenway; "
"CHI","82","http://dx.doi.org/10.1145/800049.801749","Typographic design for interfaces of information systems","1 ","0","12","288","human factors; interaction styles","5","81544840556, Aaron Marcus; "
"CHI","82","http://dx.doi.org/10.1145/800049.801750","A systems analysis of stress-strain in VDT operation","0 ","0","7","362","design; psychology; video","5","81541054056, Steven L. Sauter; 81100605567, Mark S. Gottlieb; 81332507037, Karen C. Jones; "
"CHI","82","http://dx.doi.org/10.1145/800049.801751","The design, simulation, and evaluation of a menu driven user interface","1 ","0","20","498","design; user interfaces","5","81100570324, Ricky E. Savage; 81100179472, James K. Habinek; 81100422715, Thomas W. Barnhart; "
"CHI","82","http://dx.doi.org/10.1145/800049.801752","Windowing vs scrolling on a visual display terminal","1 ","1","9","251","human factors; windowing systems","4","81100564710, Kevin F. Bury; 81100205555, James M. Boyle; 81547287656, R. James Evey; 81100230875, Alan S. Neal; "
"CHI","82","http://dx.doi.org/10.1145/800049.801753","Notetaking and comprehension for computer-displayed messages: Personalized versus fixed formats","0 ","1","8","184","coding and information theory; performance","6","81100642297, Ralph E. Geiselman; 81100138572, Michael G. Samet; "
"CHI","82","http://dx.doi.org/10.1145/800049.801754","Tapping into tacit programming knowledge","12 ","3","19","470","performance; software psychology","6","81332528788, Elliot Soloway; 81331492075, Kate Ehrlich; 81100062334, Jeffrey Bonar; "
"CHI","82","http://dx.doi.org/10.1145/800049.801755","Human-computer interface considerations in the design of personal computer software","0 ","1","15","503","design; user interfaces","5","81544778556, Sundaresan Jayaraman; 81332511378, Mary Jane Lee; 81100615207, Milos Konopasek; "
"CHI","82","http://dx.doi.org/10.1145/800049.801756","Heuristics for designing enjoyable user interfaces: Lessons from computer games","73 ","41","289","3,456","games; user interfaces","6","81100548740, Thomas W. Malone; "
"CHI","82","http://dx.doi.org/10.1145/800049.801757","Political determinants of system design and content","0 ","0","9","201","design","4","81332534562, Ronald Webb; "
"CHI","82","http://dx.doi.org/10.1145/800049.801758","How acceptable are computers to professional persons?","1 ","0","7","194","computers and society","4","81332538096, Elizabeth Zoltan; "
"CHI","82","http://dx.doi.org/10.1145/800049.801759","Human relations, scientific management, and human factors research","0 ","9","34","959","human factors; management","2","81100153616, Philip Kraft; 81538804856, David Strauss; "
"CHI","82","http://dx.doi.org/10.1145/800049.801760","Software guideline development: Proposed methodology","1 ","1","9","221","human factors; software development","3","81100185311, Richard E. Cordes; "
"CHI","82","http://dx.doi.org/10.1145/800049.801761","A test-bed for user interface designs","3 ","1","10","301","design; user interfaces","4","81100472259, Eugene Ball; 81384622109, Phil Hayes; "
"CHI","82","http://dx.doi.org/10.1145/800049.801762","Controversies in the design of computer-mediated communication systems: A Delphi study","3 ","1","7","442","delphi; interactive systems","12","81100066527, Murray Turoff; 81452617202, Starr Roxanne Hiltz; 81100007589, Elaine B. Kerr; "
"CHI","82","http://dx.doi.org/10.1145/800049.801763","DMS: A comprehensive system for managing human-computer dialogue","6 ","0","7","229","design; software psychology","4","81100097161, John Roach; 81100488487, H. Rex Hartson; 81100208352, Roger W. Ehrich; 81100037099, Tamer Yunten; 81100455702, Deborah H. Johnson; "
"CHI","82","http://dx.doi.org/10.1145/800049.801764","Comparison of two information retrieval methods on videotex: Tree-structure versus alphabetical directory","2 ","4","11","174","data dictionary/directory; theory","5","81100561272, Jo W. Tombaugh; 81100501084, Scott A. McEwen; "
"CHI","82","http://dx.doi.org/10.1145/800049.801765","Toward the design and development of style-independent interactive systems","10 ","0","7","216","design; interaction styles","6","81100064781, Michael B. Feldman; 81332524037, George T. Rogers; "
"CHI","82","http://dx.doi.org/10.1145/800049.801766","Indentation, documentation and programmer comprehension","6 ","2","17","235","documentation; human factors; software psychology","3","81100202261, A. F. Norcio; "
"CHI","82","http://dx.doi.org/10.1145/800049.801767","An empirical evaluation of software documentation formats","0 ","2","15","302","documentation; performance","4","81332527177, Sylvia B. Sheppard; 81100318743, Elizabeth Kruesi; 81545363956, John W. Bailey; "
"CHI","82","http://dx.doi.org/10.1145/800049.801768","A theoretical analysis of the role of documentation in the comprehension of computer programs","3 ","2","11","211","documentation; software development","5","81332491238, Ruven Brooks; "
"CHI","82","http://dx.doi.org/10.1145/800049.801769","The impact of development aids on the systems development process","0 ","1","8","436","design; tools","5","81100323120, David K. Goldstein; "
"CHI","82","http://dx.doi.org/10.1145/800049.801770","Evaluation of text editors","8 ","1","18","403","document and text editing; evaluation/methodology","6","81405592305, Teresa L. Roberts; 81407594532, Thomas P. Moran; "
"CHI","82","http://dx.doi.org/10.1145/800049.801771","An ease of use evaluation of an integrated document processing system","2 ","1","10","254","documentation; performance","6","81100090422, Michael Good; "
"CHI","82","http://dx.doi.org/10.1145/800049.801772","An analysis of line numbering strategies in text editors","1 ","0","8","141","document and text editing; format and notation","4","81100156636, M. L. Schneider; 81332519070, S. Nudelman; 81100635107, K. Hirsh-Pasek; "
"CHI","82","http://dx.doi.org/10.1145/800049.801773","Can we expect to improve text editing performance?","2 ","0","5","213","document and text editing; performance evaluation","5","81452616755, David W. Embley; 81100382260, George Nagy; "
"CHI","82","http://dx.doi.org/10.1145/800049.801774","An automated office communications study in an operational setting","1 ","0","9","194","office automation","5","81100116595, Randall R. Harris; "
"CHI","82","http://dx.doi.org/10.1145/800049.801775","Communication and management support in system development environments","6 ","1","9","603","artificial intelligence; knowledge representation; management; project management; software psychology; systems development","6","81100626046, Beverly I. Kedzierski; "
"CHI","82","http://dx.doi.org/10.1145/800049.801776","LAMP: Language for active message protocols","2 ","0","7","156","communications applications; office automation","5","81351595566, Paul S. Licker; "
"CHI","82","http://dx.doi.org/10.1145/800049.801777","Communication - Nets for the specification of operator dialogs","0 ","0","5","113","communications applications; user/machine systems","6","81100642825, W. K. Epple; 81332523076, U. Rembold; "
"CHI","82","http://dx.doi.org/10.1145/800049.801778","Performance-based evaluation of graphic displays for nuclear power plant control rooms","2 ","1","16","289","human factors; management; performance evaluation; raster display devices","8","81332520856, Rohn J. Petersen; 81100462119, William W. Banks; 81100618483, David I. Gertman; "
"CHI","82","http://dx.doi.org/10.1145/800049.801779","User perceptual mechanisms in the search of computer command menus","32 ","1","35","626","human factors; interaction styles","7","81406592524, Stuart K. Card; "
"CHI","82","http://dx.doi.org/10.1145/800049.801780","The role of integral displays in decision making","0 ","1","9","214","decision support; human factors; theory","5","81100197096, Timothy E. Goldsmith; 81100460403, Roger W. Schvaneveldt; "
"CHI","82","http://dx.doi.org/10.1145/800049.801781","An experimental evaluation of multivariate graphical point representations","2 ","0","13","821","curve, surface, solid, and object representations; human factors; software psychology","8","81100304143, Leland Wilkinson; "
"CHI","82","http://dx.doi.org/10.1145/800049.801782","A review of human factors research on programming languages and specifications","4 ","1","25","603","human factors; languages","7","81332495004, Bill Curtis; "
"CHI","82","http://dx.doi.org/10.1145/800049.801783","Cognitive correlates of programming tasks in novice programmers","1 ","1","11","354","human factors; software psychology","4","81100268066, Dennis M. Irons; "
"CHI","82","http://dx.doi.org/10.1145/800049.801784","Analyzer-generated and human-judged predictors of computer program readability","0 ","3","14","258","correlation and regression analysis; software psychology","6","81100029103, Gerrit E. DeYoung; 81540505356, Garry R. Kampen; 81100394269, James M. Topolski; "
"CHI","82","http://dx.doi.org/10.1145/800049.801785","The subjective nature of programming complexity","0 ","1","13","215","complexity measures; performance; stochastic analysis","6","81100134470, Daniel G. McNicholl; 81100592514, Ken Magel; "
"CHI","82","http://dx.doi.org/10.1145/800049.801786","Error-correcting strategies and human interaction with computer systems","1 ","0","16","221","human factors; problem solving, control methods, and search","3","81100320026, Adam V. Reed; "
"CHI","82","http://dx.doi.org/10.1145/800049.801787","Learning performance and attitudes as a function of the reading grade level of a computer-presented tutorial","3 ","0","11","302","learning","6","81339524669, Joan M. Roemer; 81100163206, Alphonse Chapanis; "
"CHI","82","http://dx.doi.org/10.1145/800049.801788","Warming up to computers: A study of cognitive and affective interaction over time","5 ","0","11","307","design; interaction styles","6","81100175949, David M. Gilfoil; "
"CHI","82","http://dx.doi.org/10.1145/800049.801789","Statistical semantics: How can a computer use what people name things to guess what things people mean when they name things?","10 ","0","11","274","evaluation/methodology; human factors","3","81100649937, George W. Furnas; 81100403758, Louis M. Gomez; 81100552367, Thomas K. Landauer; 81100134501, Susan T. Dumais; "
"CHI","82","http://dx.doi.org/10.1145/800049.801790","Assessing the climate for change: A methodology for managing human factors in a computerized information system implementation","0 ","0","15","540","human factors; human information processing","6","81100530503, David G. Hopelain; "
"CHI","82","http://dx.doi.org/10.1145/800049.801791","IBM system/38&mdash;an IBM usability experience","2 ","0","7","203","design; human factors; systems analysis and design","6","81332520560, David E. Peterson; 81100380865, J Howard Botterill; "
"CHI","82","http://dx.doi.org/10.1145/800049.801792","Some human factors aspects of computers in air traffic control","0 ","0","27","539","aerospace; human factors","7","81540276556, David Whitfield; "
"CHI","82","http://dx.doi.org/10.1145/800049.801793","Experience with advanced office automation techniques for project management","0 ","2","12","282","management; project and people management","2","81100163994, Duncan C. Miller; "
"CHI","82","http://dx.doi.org/10.1145/800049.801794","Electronic mail usage analysis","3 ","0","6","227","electronic mail","3","81100619965, Harry M. Hersh; "
"CHI","82","http://dx.doi.org/10.1145/800049.801795","The impact of electronics on humans and their work environment","0 ","1","9","283","electronics; performance","6","81100579056, Panayotis Eric DeVaris; "
"CHI","82","http://dx.doi.org/10.1145/800049.801796","Designing the Human-Computer Interface","1 ","0","8","479","design; human factors","4","81100605196, Albert N. Badre; "
"CHI","82","http://dx.doi.org/10.1145/800049.801797","Teaching the Design and evaluation of User-Computer Interfaces","1 ","0","10","204","computer science education; user interfaces","3","81100302796, James D. Foley; "
"CHI","82","http://dx.doi.org/10.1145/800049.801798","Applying cognitive psychology to computer systems: A graduate seminar in psychology","0 ","3","21","846","interactive systems; theory","4","81407594532, Thomas P. Moran; 81406592524, Stuart K. Card; "
"CHI","82","http://dx.doi.org/10.1145/800049.801799","Teaching software psychology experimentation through team projects","1 ","1","7","213","experimentation; human factors","3","81100146468, Ben Shneiderman; "
"CHI","82","http://dx.doi.org/10.1145/800049.801800","Further developments toward using formal grammar as a design tool","6 ","0","9","256","formal languages; tools","5","81100358037, Phyllis Reisner; "
"CHI","82","http://dx.doi.org/10.1145/800049.801801","Towards specifying and evaluating the human factors of user-computer interfaces","23 ","2","34","568","human factors; languages","6","81100611930, Teresa Bleser; 81100302796, James D. Foley; "
"CHI","82","http://dx.doi.org/10.1145/800049.801802","Using formal specifications in the design of a human-computer interface","11 ","0","13","347","design; software development","7","81100438120, Robert J. K. Jacob; "
"CHI","82","http://dx.doi.org/10.1145/800049.801803","The acquisition of text editing skills","1 ","3","10","133","document and text editing; software psychology","2","81542462156, Sherman W. Tyler; 81538060556, Steven Roth; 81332521771, Timothy Post; "
"CHI","82","http://dx.doi.org/10.1145/800049.801804","User models of text editing command languages","4 ","0","10","194","command and control languages; languages","6","81100410544, Lisa J. Folley; 81100531429, Robert C. Williges; "
"CHI","82","http://dx.doi.org/10.1145/800049.801805","Reducing manual labor: An experimental analysis of learning aids for a text editor","7 ","0","11","189","document and text editing; human factors","5","81100541832, Donald J. Foss; 81335496622, Mary Beth Rosson; 81100553730, Penny L. Smith; "
"CHI","82","http://dx.doi.org/10.1145/800049.801806","Learner characteristics that predict success in using a text-editor tutorial","4 ","0","8","202","document and text editing; learning","4","81100209082, Dennis E. Egan; 81100260775, Cheryll Bowers; 81100403758, Louis M. Gomez; "
"CHI","82","http://dx.doi.org/10.1145/800049.801807","Patterned prose for automatic specification generation","2 ","0","8","131","design; systems development","5","81332528468, Sidney L. Smith; "
"CHI","82","http://dx.doi.org/10.1145/800049.801808","An exploratory, human engineering study of DARCOM human-computer interfaces in management information systems","0 ","0","9","175","human factors; military","3","81100607227, Daniel E. Hendricks; "
"CHI","82","http://dx.doi.org/10.1145/800049.801809","The development of dialogue design guidelines for a computer based local information system to be used by the general public","1 ","0","7","171","design; systems development","5","81100314036, Martin Maguire; "
"CHI","82","http://dx.doi.org/10.1145/800049.801810","Decision situations, decision processes, and decision functions: Towards a theory-based framework for decision-aid design","2 ","0","13","368","decision support; user/machine systems","4","81100196290, W. Zachary; 81100250233, R. Wherry; 81100628846, F. Glenn; 81100332453, J. Hopson; "
"CHI","82","http://dx.doi.org/10.1145/800049.801811","Eyes at the interface","27 ","6","45","623","software psychology; user/machine systems","3","81100653961, Richard A. Bolt; "
"CHI","82","http://dx.doi.org/10.1145/800049.801812","The intelligent voice-interactive interface","7 ","1","21","333","human factors; user/machine systems","4","81100444749, Christopher Schmandt; 81100014122, Eric A. Hulteen; "
"CHI","82","http://dx.doi.org/10.1145/800049.801813","Composing letters with a simulated listening typewriter","6 ","2","16","266","office automation; theory","4","81406593839, John D. Gould; 81543477856, John Conti; 81100254783, Todd Hovanyecz; "
"CHI","82","http://dx.doi.org/10.1145/800049.801814","Presenting information in sound","20 ","3","40","490","human factors; user interfaces","5","81100274421, Sara Bly; "
"CHI","82","http://dx.doi.org/10.1145/800049.801815","Steps toward a cognitive engineering: Design rules based on analyses of human error","6 ","4","30","808","design; performance; tools","5","81100063003, Donald A. Norman; "
"CHI","82","http://dx.doi.org/10.1145/800049.801816","Analogy considered harmful","40 ","2","48","860","analogies; theory","4","81100332524, Frank Halasz; 81407594532, Thomas P. Moran; "
"CHI","82","http://dx.doi.org/10.1145/800049.801817","Learning to use a text processing system: Evidence from &ldquo;thinking aloud&rdquo; protocols","13 ","2","18","297","general; learning","6","81100349845, Clayton Lewis; 81100498306, Robert Mack; "
"CHI","82","http://dx.doi.org/10.1145/800049.801818","A production-system model of human-computer interaction","0 ","0","11","331","modal logic; user/machine systems","7","81100035544, John Durrett; 81100267024, Theron Stimmel; "
