"conference","year","doi","title","citationCount","download6weeks","download12months","downloadAll","keywords","pageNumber","authors"
"CHI","83","http://dx.doi.org/10.1145/800045.801571","Design principles for human-computer interfaces","23 ","28","149","2,842","command and control languages; languages; software psychology","10","81100063003, Donald A. Norman, Department of Psychology and Institute for Cognitive Science C-015, University of California, San Diego; "
"CHI","83","http://dx.doi.org/10.1145/800045.801572","Manual dexterity-a user-oriented approach to creating computer documentation.","6 ","2","31","198","design; document preparation; human factors; learning; performance; writing","8","81100660293, Patricia Wright, MRC Applied Psychology Unit, Cambridge, U.K.; "
"CHI","83","http://dx.doi.org/10.1145/800045.801573","Soft machines: A philosophy of user-computer interface design","14 ","5","67","890","design; human factors; performance","5","81537223556, Lloyd H. Nakatani, Bell Laboratories, Murray Hill, New Jersey; 81100047836, John A. Rohrlich, Bell Laboratories, Whippany, New Jersey; "
"CHI","83","http://dx.doi.org/10.1145/800045.801574","Building a user-defined interface","2 ","1","16","1,045","design; human factors; user/machine systems","4","81100285993, Dennis Wixon, Digital Equipment Corporation, Maynard, Massachusetts; 81100512851, John Whiteside, Digital Equipment Corporation, Maynard, Massachusetts; 81100090422, Michael Good, Digital Equipment Corporation, Maynard, Massachusetts; 81100556307, Sandra Jones, Digital Equipment Corporation, Maynard, Massachusetts; "
"CHI","83","http://dx.doi.org/10.1145/800045.801575","Executable specifications for a human-computer interface","6 ","0","14","320","human factors; languages; specification techniques","7","81100438120, Robert J.K. Jacob, Naval Research Laboratory, Washington, D.C.; "
"CHI","83","http://dx.doi.org/10.1145/800045.801576","Formal specifications for modeling and developing human/computer interfaces","3 ","0","11","268","design; human factors; languages","5","81100097161, J. W. Roach, Department of Computer Science, Virginia Polytechnic Institute & State University, Blacksburg, Virginia; 81100142971, M. Nickson, Department of Computer Science, Virginia Polytechnic Institute & State University, Blacksburg, Virginia; "
"CHI","83","http://dx.doi.org/10.1145/800045.801577","Design practice and interface usability: Evidence from interviews with designers","24 ","0","39","708","design; human factors; natural language","5","81100001026, N. Hammond, MRC Applied Psychology Unit, 15 Chaucer Road, Cambridge CB2 2EF, UK; 81100019863, A. J&#248;rgensen, MRC Applied Psychology Unit, 15 Chaucer Road, Cambridge CB2 2EF, UK; 81100609167, A. MacLean, MRC Applied Psychology Unit, 15 Chaucer Road, Cambridge CB2 2EF, UK; 81100469779, P. Barnard, Ergonomics Unit, University College, London WC1H OAP, UK; 81100466738, J. Long; "
"CHI","83","http://dx.doi.org/10.1145/800045.801578","Getting into a system: External-internal task mapping analysis","25 ","4","39","802","performance; user interfaces","5","81407594532, Thomas P. Moran, Xerox Palo Alto Research Center, 3333 Coyote Hill Road, Palo Alto, CA; "
"CHI","83","http://dx.doi.org/10.1145/800045.801579","Designing for usability&mdash;key principles and what designers think","43 ","9","81","1,840","design; human factors; performance evaluation","4","81406593839, John D. Gould, IBM Research Center, Box 218, Yorktown Heights, New York; 81100349845, Clayton Lewis, IBM Research Center, Box 218, Yorktown Heights, New York; "
"CHI","83","http://dx.doi.org/10.1145/800045.801580","Evaluation and analysis of users' activity organization","38 ","1","46","698","human factors; interaction styles; performance","4","81100465973, Liam Bannon, Institute for Cognitive Science, University of California, San Diego; 81100562008, Allen Cypher, Institute for Cognitive Science, University of California, San Diego; 81332501881, Steven Greenspan, Institute for Cognitive Science, University of California, San Diego; 81100016750, Melissa L. Monty, Institute for Cognitive Science, University of California, San Diego; "
"CHI","83","http://dx.doi.org/10.1145/800045.801581","Computer response time and user performance.","9 ","1","28","670","design; human factors; performance","5","81100547860, T. W. Butler, Bell Telephone Laboratories, Piscataway, New Jersey; "
"CHI","83","http://dx.doi.org/10.1145/800045.801582","Computer communication system design affects group decision making","5 ","2","13","482","decision support; human factors; performance","5","81100570721, Sharon Murrel, Bell Laboratories, Murray Hill, New Jersey; "
"CHI","83","http://dx.doi.org/10.1145/800045.801583","A methodology for objectively evaluating error messages","2 ","0","7","348","human factors; human information processing","4","81100480175, Barbara S. Isa, Human Factors Center, International Business Machines Corporation, San Jose, California; 81100205555, James M. Boyle, Human Factors Center, International Business Machines Corporation, San Jose, California; 81100230875, Alan S. Neal, Human Factors Center, International Business Machines Corporation, San Jose, California; 81332527909, Roger M. Simons, Human Factors Center, International Business Machines Corporation, San Jose, California; "
"CHI","83","http://dx.doi.org/10.1145/800045.801584","Human factors testing in the design of Xerox's 8010 &ldquo;Star&rdquo; office workstation","39 ","5","31","857","design; human factors; performance; star","6","81100587402, William L. Bewley; 81405592305, Teresa L. Roberts; 81100603866, David Schroit; 81100424345, William L. Verplank; "
"CHI","83","http://dx.doi.org/10.1145/800045.801585","Playback: A method for evaluating the usability of software and its documentation","10 ","0","13","278","documentation; human factors; management; training, help, and documentation","5","81100230875, Alan S. Neal, Human Factors Center, International Business Machines Corporation, San Jose, California; 81332527909, Roger M. Simons, Human Factors Center, International Business Machines Corporation, San Jose, California; "
"CHI","83","http://dx.doi.org/10.1145/800045.801586","Questionnaires as a software evaluation tool","14 ","5","60","1,395","evaluation/methodology; languages; performance evaluation","5","81100201167, Robert W. Root, UCSD HMI project, Institute for Cognitive Science, C-015, University of California, San Diego, La Jolla; 81758984557, Steve Draper, UCSD HMI project, Institute for Cognitive Science, C-015, University of California, San Diego, La Jolla; "
"CHI","83","http://dx.doi.org/10.1145/800045.801587","Changes that users demanded in the human interface to the Hermes Message System","1 ","0","8","146","design; human factors; performance; user/machine systems","5","81100175168, Charlotte D. Mooers, Bolt Beranek and Newman Inc., Cambridge, Massachusetts; "
"CHI","83","http://dx.doi.org/10.1145/800045.801588","Computing on a shoestring: Initial data entry for service organizations","0 ","0","10","156","group and organization interfaces; human factors; management","5","81408595835, Martha R. Horton, National Institutes of Health, Division of Computer Research and Technology, Laboratory of Applied Studies, Bethesda, Maryland; "
"CHI","83","http://dx.doi.org/10.1145/800045.801589","The Consul/CUE interface: An integrated interactive environment","8 ","0","13","160","human factors; interactive environments; languages","5","81100316629, T. Kaczmarek, USC/Information Sciences Institute, Marina del Rey, California; 81547494256, W. Mark, USC/Information Sciences Institute, Marina del Rey, California; 81100309548, N. Sondheimer, USC/Information Sciences Institute, Marina del Rey, California; "
"CHI","83","http://dx.doi.org/10.1145/800045.801590","A generalized transition network representation for interactive systems","11 ","0","13","315","automata; human factors; performance","4","81100254452, David Kieras, University of Arizona; 81100564360, Peter G. Polson, University of Colorado; "
"CHI","83","http://dx.doi.org/10.1145/800045.801591","Application of a model of human decision making for human/computer communication","1 ","1","10","356","human factors; performance","5","81332523352, Mark E. Revesman, Department of Industrial Engineering and Operations Research, Virginia Polytechnic Institute & State University, Blacksburg, Virginia; 81100210715, Joel S. Greenstein, Department of Industrial Engineering and Operations Research, Virginia Polytechnic Institute & State University, Blacksburg, Virginia; "
"CHI","83","http://dx.doi.org/10.1145/800045.801592","Using examples to describe categories","7 ","1","14","296","human factors; interaction styles","4","81100134501, Susan T. Dumais, Bell Laboratories, 600 Mountain Ave., Murray Hill, NJ; 81100552367, Thomas K. Landauer, Bell Laboratories, 600 Mountain Ave., Murray Hill, NJ; "
"CHI","83","http://dx.doi.org/10.1145/800045.801593","A featural approach to command names","2 ","0","8","198","human factors; languages","4","81332524216, Jarrett Rosenberg, Xerox Palo Alto Research Center, 3333 Coyote Hill Road, Palo Alto, CA; "
"CHI","83","http://dx.doi.org/10.1145/800045.801594","Command use and interface design","7 ","2","12","243","human factors; interaction styles; unix","5","81328489038, Robert E. Kraut, AT&T Information Systems; 81100646209, Stephen J. Hanson, AT&T Information Systems; 81100450833, James M. Farber, AT&T Information Systems; "
"CHI","83","http://dx.doi.org/10.1145/800045.801595","Is there really trouble with UNIX?","1 ","0","12","202","command and control languages; languages","5","81332511462, Lorenzo De Leon, Department of Computer Science, Illinois Institute of Technology, Chicago, Ill.; 81100116522, William G. Harris; 81339498433, Martha Evens; "
"CHI","83","http://dx.doi.org/10.1145/800045.801596","Enhancing the usability of an Office Information System through direct manipulation","10 ","2","13","262","design; human factors; office automation","5","81100385356, Alison Lee, Computer Systems Research Group, Department of Computer Science, University of Toronto, Canada; 81100048867, F. H. Lochovsky, Computer Systems Research Group, Department of Computer Science, University of Toronto, Canada; "
"CHI","83","http://dx.doi.org/10.1145/800045.801597","An assessment of computer generated space situation map projections","0 ","0","11","132","design; human factors; performance","4","81332520983, Mark D. Phillips; 81100520924, James E. Allison; 81100405965, Valor S. Dodd; "
"CHI","83","http://dx.doi.org/10.1145/800045.801598","An effective graphics user interface for rules and inference mechanisms","4 ","2","16","232","design; human factors; performance; user interfaces and/or trees","5","81545854856, J. W. Lewis, Ph.D., Information Systems Laboratory, Corporate Research and Development, General Electric Company; "
"CHI","83","http://dx.doi.org/10.1145/800045.801599","Effect of font and medium on recognition/confusion","0 ","0","17","1,886","data terminals and printers; human factors","6","81546179556, S. M. Gupta, Department of Industrial Engineering and Information Systems, Northeastern University, Boston, Mass.; 81100543291, L. H. Geyer, Department of Industrial Engineering and Information Systems, Northeastern University, Boston, Mass.; 81100093629, J. A. Maalouf, Department of Industrial Engineering and Information Systems, Northeastern University, Boston, Mass.; "
"CHI","83","http://dx.doi.org/10.1145/800045.801600","The effects of positional constancy on searching menus for information","11 ","0","12","274","design; interaction styles; screen design","4","81100391790, Richard C. Teitelbaum, International Business Machines Corporation, Poughkeepsie, New York; 81100472770, Richard E. Granda, International Business Machines Corporation, Poughkeepsie, New York; "
"CHI","83","http://dx.doi.org/10.1145/800045.801601","Usable natural language interfaces through menu-based natural language understanding","17 ","1","14","378","human factors; languages; natural language processing","7","81100334553, Harry R. Tennant, Computer Science Laboratory, Central Research Laboratories, Texas Instruments Incorporated, Dallas, Texas; 81329491686, Kenneth M. Ross, Computer Science Laboratory, Central Research Laboratories, Texas Instruments Incorporated, Dallas, Texas; 81100437266, Craig W. Thompson, Computer Science Laboratory, Central Research Laboratories, Texas Instruments Incorporated, Dallas, Texas; "
"CHI","83","http://dx.doi.org/10.1145/800045.801602","Query languages for the casual user: Exploring the middle ground between formal and natural languages","3 ","3","17","331","human factors; languages; performance","5","81100502154, William C. Ogden, IBM Corporation, GPD Human Factors Center, San Jose, California; 81100076677, Susan R. Brooks, IBM Corporation, GPD Human Factors Center, San Jose, California; "
"CHI","83","http://dx.doi.org/10.1145/800045.801603","A comparative study of moded and modeless text editing by experienced editor users","1 ","0","14","247","design; ergonomics; human factors","5","81332521478, Merle F. Poller, Bell Laboratories, Piscataway, New Jersey; 81100117170, Susan K. Garter, Bell Laboratories, Piscataway, New Jersey; "
"CHI","83","http://dx.doi.org/10.1145/800045.801604","Patterns of experience in text editing","16 ","0","20","243","design; human factors; performance","5","81335496622, Mary Beth Rosson, Thomas J. Watson Research Center; "
"CHI","83","http://dx.doi.org/10.1145/800045.801605","How interface design determines Who has difficulty learning to use a text editor","8 ","0","20","340","correlation and regression analysis; human factors; performance evaluation","6","81100403758, Louis M. Gomez, Bell Laboratories, Murray Hill, NJ; 81100209082, Dennis E. Egan, Bell Laboratories, Murray Hill, NJ; 81332535065, Evangeline A. Wheeler, Howard University; 81100235898, Dhiraj K. Sharma, Bell Laboratories, Murray Hill, NJ; 81100186162, Aleta M. Gruchacz, Bell Laboratories, Murray Hill, NJ; "
"CHI","83","http://dx.doi.org/10.1145/800045.801606","How you tell your computer what you mean: Ostension in interactive systems","1 ","0","8","175","human factors; performance; user/machine systems","4","81100468768, James A. Galambos, Yale University; 81332535762, Eloise S. Wikler, Yale University; 81100576470, John B. Black, Yale University; 81100198308, Marc M. Sebrechts, Wesleyan University; "
"CHI","83","http://dx.doi.org/10.1145/800045.801607","A qualitative reasoning approach to mathematical and heuristic knowledge integration","0 ","0","9","153","heuristic methods; human factors; representations","4","81329488246, Stephen E. Cross, Department of Electrical Engineering, Air Force Institute of Technology, Wright-Patterson AFB, Ohio; "
"CHI","83","http://dx.doi.org/10.1145/800045.801608","The effects of limited grammar on interactive natural language","5 ","1","12","159","design; human factors; natural language; performance","3","81452611106, James A. Hendler, Texas Instruments Incorporated, Dallas, Texas; 81100358835, Paul Roller Michaelis; "
"CHI","83","http://dx.doi.org/10.1145/800045.801609","An empirical methodology for writing user-friendly natural language computer applications","23 ","15","60","700","cal; human factors; performance","4","81332508265, J. F. Kelley, IBM, Thomas J. Watson Research Center, Yorktown Heights, NY; "
"CHI","83","http://dx.doi.org/10.1145/800045.801610","Correcting misconceptions: What to say when the user is mistaken","12 ","0","14","192","human factors; knowledge representation formalisms and methods; performance","5","81100228295, Kathleen F. McCoy, Department of Computer & Information Science, University of Pennsylvania, Philadelphia, PA; "
"CHI","83","http://dx.doi.org/10.1145/800045.801611","The user's perception of the interaction language: A two-level model","6 ","2","18","250","classes defined by grammars or automata; human factors; management","5","81100557764, S. J. Payne, MRC/SSRC Social and Applied Psychology Unit, Department of Psychology, The University Sheffield, S10 2TN U.K.; 81100201414, T. R.G. Green, MRC/SSRC Social and Applied Psychology Unit, Department of Psychology, The University Sheffield, S10 2TN U.K.; "
"CHI","83","http://dx.doi.org/10.1145/800045.801612","Learning text editor semantics by analogy","18 ","0","11","268","analogies; emacs; performance","5","81330490449, Sarah A. Douglas, Stanford University and Xerox Palo Alto Research Center, Department of Computer Science: University of Oregon: Eugene, OR; 81407594532, Thomas P. Moran, Xerox Palo Alto Research Center, 3333 Coyote Hill Road, Palo Alto, CA; "
"CHI","83","http://dx.doi.org/10.1145/800045.801613","Mental models and problem solving in using a calculator","19 ","2","44","725","human factors; performance","5","81100332524, Frank G. Halasz, Stanford University and Xerox Palo Alto Research Center; 81407594532, Thomas P. Moran, Xerox Palo Alto Research Center, 3333 Coyote Hill Road, Palo Alto, CA; "
"CHI","83","http://dx.doi.org/10.1145/800045.801614","Planning units in text editing behavior","2 ","0","8","189","document and text editing; human factors; performance","5","81326492414, Scott P. Robertson, Cognitive Science Program, Yale University, Box 2158 Yale Station, New Haven, CT; 81100576470, John B. Black, Cognitive Science Program, Yale University, Box 2158 Yale Station, New Haven, CT; "
"CHI","83","http://dx.doi.org/10.1145/800045.801615","Remindings and their effects in learning a text editor","1 ","0","12","168","analogies; documentation; performance","4","81100267056, Brian H. Ross, Department of Psychology, University of Illinois, Champaign, IL; 81407594532, Thomas P. Moran, Xerox Palo Alto Research Center, 3333 Coyote Hill Road, Palo Alto, CA; "
"CHI","83","http://dx.doi.org/10.1145/800045.801616","Learning in an instructionless environment: Observation and analysis","1 ","0","10","181","human factors; learning; verification","4","81100233930, Jeff Shrager, Department of Psychology, Carnegie-Mellon University; 81100124550, David Klahr, Department of Psychology, Carnegie-Mellon University; "
"CHI","83","http://dx.doi.org/10.1145/800045.801617","Human-computer discourse in the design of a PASCAL tutor","4 ","0","8","184","design; human factors; natural language interfaces; performance","5","81100538360, Beverly Woolf, Department of Computer and Information Science, University of Massachusetts, Amherst, Massachusetts; 81329490634, David D. McDonald, Department of Computer and Information Science, University of Massachusetts, Amherst, Massachusetts; "
"CHI","83","http://dx.doi.org/10.1145/800045.801618","What do novice programmers know about recursion","13 ","6","37","402","expert system tools and techniques; languages; procedures, functions, and subroutines","5","81100510069, Hank Kahney, Human Cognition Research Laboratory, The Open University, Milton Keynes, England; "
"CHI","83","http://dx.doi.org/10.1145/800045.801619","Beyond numbers: Don't ask &ldquo;how many&rdquo; ... ask &ldquo;why&rdquo;","3 ","1","10","223","human factors; program analysis","7","81332528788, Elliot Soloway, Department of Computer Science, Yale University, Box 2158 Yale Station, New Haven, Connecticut; 81331492075, Kate Ehrlich, Department of Computer Science, Yale University, Box 2158 Yale Station, New Haven, Connecticut; 81100576470, John B. Black, Department of Psychology, Yale University, Box 11A Yale Station, New Haven, Connecticut; "
"CHI","83","http://dx.doi.org/10.1145/800045.801620","Aesthetics and programming","2 ","0","15","227","human factors; occupations; software psychology","4","81100624322, Peter Molzberger, University of the German Armed Forces, Munich; "
"CHI","83","http://dx.doi.org/10.1145/800045.801621","On enhancing the interface to the source code of computer programs","2 ","0","12","239","documentation; human factors; management; structured programming","5","81100448368, Ronald Baecker; 81100583778, Aaron Marcus; "
"CHI","83","http://dx.doi.org/10.1145/800045.801622","Documentation of concurrent programs","0 ","0","13","165","documentation; human factors; performance","6","81100153736, Deborah A. Boehm-Davis, General Electric Company; 81100016707, Andrew M. Fregly, General Electric Company; "
"CHI","83","http://dx.doi.org/10.1145/800045.801623","Use of mouse buttons","4 ","0","11","258","design; human factors; performance","5","81100550851, Lynne A. Price; 81100652926, Carlos A. Cordova; "
"CHI","83","http://dx.doi.org/10.1145/800045.801624","Speech recognition at two field sites","2 ","0","8","284","experimentation; performance; speech recognition and synthesis","7","81100296530, A. Rollins; 81100374784, B. Constantine; 81332488977, S. Baker; "
"CHI","83","http://dx.doi.org/10.1145/800045.801625","Lighting characteristics of visual display terminals from an ergonomic point of view","0 ","0","13","245","design; human factors; measurement","3","81100120383, U. Br&#228;uninger, Dept. of Hygiene and Ergonomics, Swiss Federal Institute of Technology, CH-8092 Zurich; 81332501594, E. Grandjean, Dept. of Hygiene and Ergonomics, Swiss Federal Institute of Technology, CH-8092 Zurich; "
"CHI","83","http://dx.doi.org/10.1145/800045.801626","An experimental evaluation of on-line HELP for non-programmers","9 ","2","14","207","design; on-line information services; performance evaluation","5","81100285564, Celeste S. Magers, Digital Equipment Corporation, Corporate Research and Architecture, Hudson, MA; "
"CHI","83","http://dx.doi.org/10.1145/800045.801627","A proposal for user centered system documentation","3 ","1","14","213","documentation; interaction styles; training, help, and documentation","4","81100316810, C. O'Malley, Institute for Cognitive Science, University of California at San Diego; 81332529001, P. Smolensky, Institute for Cognitive Science, University of California at San Diego; 81100465973, L. Bannon, Institute for Cognitive Science, University of California at San Diego; 81100102253, E. Conway, Institute for Cognitive Science, University of California at San Diego; 81332501670, J. Graham, Institute for Cognitive Science, University of California at San Diego; 81100019115, J. Sokolov, Institute for Cognitive Science, University of California at San Diego; 81100016750, M. L. Monty, Institute for Cognitive Science, University of California at San Diego; "
"CHI","83","http://dx.doi.org/10.1145/800045.801628","Autobiography of a first-time discretionary microcomputer user","2 ","0","15","152","design; human factors; performance","5","81100372271, Marilyn Mantei, Graduate School of Business, Administration, University of Michigan, Ann Arbor, Michigan; 81100260003, Nancy Haskell, Graduate School of Business, Administration, University of Michigan, Ann Arbor, Michigan; "
"CHI","83","http://dx.doi.org/10.1145/800045.801629","Keyword index to titles","0 ","0","6","131","general","4",""

