"conference","year","doi","title","citationCount","download6weeks","download12months","downloadAll","keywords","pageNumber","authors"
"CHI","88","http://dx.doi.org/10.1145/57167.57168","Grasping reality through illusion&mdash;interactive graphics serving science","72 ","3","86","1,314","animation; design; human factors; modeling packages","11","81100077256, F. P. Brooks, Univ. of North Carolina, Chapel Hill, NC; "
"CHI","88","http://dx.doi.org/10.1145/57167.57169","Exploratory evaluation of a planar foot-operated cursor-positioning device","9 ","3","29","368","design; human factors; performance","6","81332520467, G. Pearson, Univ. of Maryland, College Park; 81100068691, M. Weiser, Univ. of Maryland, College Park; "
"CHI","88","http://dx.doi.org/10.1145/57167.57170","An improved automatic lipreading system to enhance speech recognition","13 ","3","55","860","design; human factors; natural language interfaces; speech recognition and synthesis","7","81339521887, E. Petajan, AT&T Bell Laboratories, Murray Hill, NJ; 81100440831, B. Bischoff, AT&T Bell Laboratories, Murray Hill, NJ; 81100630234, D. Bodoff, AT&T Bell Laboratories, Murray Hill, NJ; 81100118043, N. M. Brooke, Univ. of Bath, Bath, UK; "
"CHI","88","http://dx.doi.org/10.1145/57167.57171","Improving the accuracy of touch screens: an experimental evaluation of three strategies","77 ","21","175","2,541","design; human factors; interaction techniques","6","81339522972, R. L. Potter, Univ. of Maryland, College Park; 81100437361, L. J. Weldon, Univ. of Maryland, College Park; 81100146468, B. Shneiderman; "
"CHI","88","http://dx.doi.org/10.1145/57167.57172","Perspectives on algorithm animation","30 ","0","12","180","algorithms; design; human factors; user interfaces","6","81332491195, M. H. Brown, DEC Systems Research Center, Palo Alto, CA; "
"CHI","88","http://dx.doi.org/10.1145/57167.57173","A graphical programming language interface for an intelligent LISP tutor","3 ","2","22","482","design; human factors; languages; lisp","6","81536541856, B. J. Reiser, Princeton Univ., Princeton, NJ; 81100260377, P. Friedmann, Princeton Univ., Princeton, NJ; 81100339988, J. Gevins, Princeton Univ., Princeton, NJ; 81100571632, D. Y. Kimberg, Princeton Univ., Princeton, NJ; 81547156456, M. Ranney, Princeton Univ., Princeton, NJ; "
"CHI","88","http://dx.doi.org/10.1145/57167.57174","Users' preferences among different techniques for displaying the evaluation of LISP functions in an interactive debugger","0 ","0","6","191","debugging aids; human factors; languages; program verification; verification","6","81100021542, J. M. Hary, International Business Machines Corporation, San Jose, CA; 81332494052, L. A. Cohan, International Business Machines Corporation, San Jose, CA; 81544819256, M. J. Darnell, International Business Machines Corporation, San Jose, CA; "
"CHI","88","http://dx.doi.org/10.1145/57167.57175","Retrieval systems for the information seeker: can the role of the intermediary be automated?","1 ","0","9","243","human factors; languages; query formulation","3","81100391397, C. L. Borgman, Univ. of California, Los Angeles; 81452616942, N. J. Belkin, Rutgers Univ., New Brunswick, NJ; 81100652508, W. B. Croft, Univ. of Massachusetts, Amherst; 81100556662, M. E. Lesk, Bell Communications Research; 81100552367, T. K. Landauer, Bell Communications Research; "
"CHI","88","http://dx.doi.org/10.1145/57167.57176","Transferring skills from training to the actual work situation: the role of task application knowledge, action styles and job decision latitude","0 ","n/a","n/a","n/a","application packages; human factors; management","6","81100122452, P. von Papstein, Bayerische Motoren Werke AG, Munich, W. Germany; 81100450280, M. Frese, Univ. of Munich, Munich, W. Germany; "
"CHI","88","http://dx.doi.org/10.1145/57167.57177","A case study of CSCW in a dispersed organization","12 ","3","37","491","electronic mail; human factors; training","6","81546682556, R. P. Carasik, Pacific Bell, San Ramon, CA; 81100174948, C. E. Grantham, Pacific Bell, San Ramon, CA; "
"CHI","88","http://dx.doi.org/10.1145/57167.57178","A knowledge-based user interface management system","31 ","1","25","726","design; human factors; systems development","6","81100302796, J. Foley, George Washington Univ., Washington, DC; 81100536778, C. Gibbs, George Washington Univ., Washington, DC; 81100629786, S. Kovacevic, George Washington Univ., Washington, DC; "
"CHI","88","http://dx.doi.org/10.1145/57167.57179","A grammar-based approach to automatic generation of user-interface dialogues","2 ","0","9","565","algorithms; design; human factors; interaction techniques; parsing","6","81335496957, M. L. Scott, Univ. of Rochester, Rochester, NY; 81100576749, S.-K. Yap, Univ. of Rochester, Rochester, NY; "
"CHI","88","http://dx.doi.org/10.1145/57167.57180","The design of auditory interfaces for visually disabled users","7 ","3","33","899","design; human factors; interaction techniques","6","81100595975, A. D. N. Edwards, Open Univ., Milton Keynes, UK; "
"CHI","88","http://dx.doi.org/10.1145/57167.57181","Multifunctional cursor for direct manipulation user interfaces","3 ","0","10","295","dictionaries; human factors","6","81332517372, M. J. Muller, Bellcore, Piscataway, NJ; "
"CHI","88","http://dx.doi.org/10.1145/57167.57182","An empirical comparison of pie vs. linear menus","117 ","11","112","1,847","human factors; interaction techniques","6","81100653613, J. Callahan, Univ. of Maryland, College Park; 81100348565, D. Hopkins, Univ. of Maryland, College Park; 81100068691, M. Weiser, Univ. of Maryland, College Park; 81100146468, B. Shneiderman, Univ. of Maryland, College Park; "
"CHI","88","http://dx.doi.org/10.1145/57167.57183","Color-coding categories in menus","3 ","0","20","505","design; human factors; interaction techniques","6","81100299134, J. E. McDonald, New Mexico State Univ., Las Cruces; 81100178601, M. E. Molander, New Mexico State Univ., Las Cruces; 81544575056, R. W. Noel, New Mexico State Univ., Las Cruces; "
"CHI","88","http://dx.doi.org/10.1145/57167.57184","Transfer between menu systems","3 ","0","8","239","design; human factors; word processing","6","81100625212, P. W. Foltz, Univ. of Colorado, Boulder, CO; 81452615178, S. E. Davies, Univ. of Colorado, Boulder, CO; 81100564360, P. G. Polson, Univ. of Colorado, Boulder, CO; 81100254452, D. E. Kieras, Univ. of Colorado, Boulder, CO; "
"CHI","88","http://dx.doi.org/10.1145/57167.57185","Computer-supported cooperative work: breakthroughs for user acceptance","2 ","0","16","210","business; human factors; management","2","81100427186, I. Greif, Xerox PARC; 81100014251, J. S. Brown, MIT Sloan School of Management; 81100628819, E. Dyson; 81100595222, M. Kapor; 81100548740, T. Malone; "
"CHI","88","http://dx.doi.org/10.1145/57167.57186","The data model is the heart of interface design","7 ","0","8","274","data models; human factors; management; zog","6","81100120280, R. Akscyn; 81332537065, E. Yoder; 81100018231, D. McCracken; "
"CHI","88","http://dx.doi.org/10.1145/57167.57187","Navigating integrated facilities: initiating and terminating interaction sequences","0 ","1","9","165","design; human factors; management","9","81100469779, P. Barnard, MRC Applied Psychology Unit, Cambridge, UK; 81100609167, A. MacLean, MRC Applied Psychology Unit, Cambridge, UK; 81100531210, M. Wilson, MRC Applied Psychology Unit, Cambridge, UK; "
"CHI","88","http://dx.doi.org/10.1145/57167.57188","Pictures and category labels as navigational aids for catalog browsing","3 ","0","9","372","design; human factors; retrieval models","6","81100130164, C. Egido, Bell Communications Research, Inc., Morristown, NJ; 81100562339, J. Patterson, Bell Communications Research, Inc., Morristown, NJ; "
"CHI","88","http://dx.doi.org/10.1145/57167.57189","Video: Data for studying human-computer interaction","8 ","2","11","351","computer conferencing, teleconferencing, and videoconferencing; human factors; methodologies; training","5","81100236706, W. E. Mackay, Microelectronics and Computer Technology Corporation; 81329489045, R. Guindon, Xerox Palo Alto Research Center; 81100560814, M. M. Mantel, Xerox Palo Alto Research Center; 81100633564, L. Suchman; 81100275563, D. G. Tatar; "
"CHI","88","http://dx.doi.org/10.1145/57167.57190","Choosing between methods: analysing the user's decision space in terms of schemas and linear models","5 ","0","9","217","design; human factors; management; measurement; performance and usage measurement","5","81100514029, R. M. Young, MRC Applied Psychology Unit, Cambridge, England; 81100609167, A. MacLean, MRC Applied Psychology Unit, Cambridge, England; "
"CHI","88","http://dx.doi.org/10.1145/57167.57191","A general user modelling facility","3 ","0","8","481","applications; human factors","6","81100214959, R. Kass, Univ. of Pennsylvania, Philadelphia, PA; 81100529754, T. Finin, Unisys Corporation, Paoli, PA; "
"CHI","88","http://dx.doi.org/10.1145/57167.57192","Misconceived misconceptions?","5 ","0","8","210","human factors; interaction techniques; theory","6","81100385326, M. E. J. Masson, Univ. of Victoria, Victoria, British Columbia, Canada; 81100454370, W. C. Hill, MCC, Austin, TX; 81100019357, J. Conner, MCC, Austin, TX; 81332502415, R. Guidon, MCC, Austin, TX; "
"CHI","88","http://dx.doi.org/10.1145/57167.57193","Integrating human factors and software development","2 ","0","25","481","design; human factors; management techniques; software development","3","81100031531, J. Grudin, IBM; 81350576124, J. Carroll; 81100368806, S. Ehrlich; 81100377053, M. Grisham; 81332504205, H. Hersh; "
"CHI","88","http://dx.doi.org/10.1145/57167.57194","Groupware: interface design for meetings","1 ","2","11","299","electronic mail; human factors; management","3","81100372271, M. Mantei, Electronic Data Systems Corporation; 81100633564, L. Suchman, Xerox Palo Alto Research Center; 81332496063,  DeSanctis, Univ. of Minnesota; 81100509191, L. Applegate, Harvard Univ., Cambridge Massachusetts; 81100629542, S. Jarvenpaa, Univ. of Texas, Austin, TX; "
"CHI","88","http://dx.doi.org/10.1145/57167.57195","A new conceptual model for interactive user recovery and command reuse facilities","6 ","0","9","272","design; human factors; recovery and restart","6","81100358565, Y. Yang, Heriot-Watt Univ., Edinburgh, UK; "
"CHI","88","http://dx.doi.org/10.1145/57167.57196","How users repeat their actions on computers: principles for design of history mechanisms","7 ","1","13","400","design; human factors; management; systems analysis and design; unix","8","81100197069, S. Greenberg, Univ. of Calgary, Calgary, Alberta, Canada; 81100252005, I. H. Witten, Univ. of Calgary, Calgary, Alberta, Canada; "
"CHI","88","http://dx.doi.org/10.1145/57167.57197","Planning for advising","4 ","0","9","170","decision support; human factors; management; statistical computing","6","81100095017, J. McKendree, MCC Human Interface Laboratory, Austin, TX; 81100458591, J. Zaback, MCC Human Interface Laboratory, Austin, TX; "
"CHI","88","http://dx.doi.org/10.1145/57167.57198","Justified advice: a semi-naturalistic study of advisory strategies","10 ","1","9","96","decision support; human factors; interaction techniques; management techniques","6","81100454370, W. C. Hill, Microelectronics and Computer Technology Corporation, Austin, TX; 81406596148, J. R. Miller, Microelectronics and Computer Technology Corporation, Austin, TX; "
"CHI","88","http://dx.doi.org/10.1145/57167.57199","How to interface to advisory systems? Users request help with a very simple language","4 ","0","6","197","decision support; human factors; languages; natural language interfaces","6","81329489045, R. Guindon, Microelectronics and Computer Technology Corporation, Austin, TX; "
"CHI","88","http://dx.doi.org/10.1145/57167.57200","UIMSs: threat or menace?","5 ","0","7","165","decision support; document and text editing; human factors; management","4","81546139956, J. Rosenberg, Hewlett-Packard Laboratories; 81100454732, R. Hill, Microelectronics and Computer Technology Corporation; 81406596148, J. Miller; 81100273480, A. Schulert; 81100171099, D. Shewmake; "
"CHI","88","http://dx.doi.org/10.1145/57167.57201","Designing keybindings to be easy to learn and resistant to forgetting even when the set of commands is large","2 ","0","8","219","design; human factors; interaction techniques; systems analysis and design","6","81100423479, N. Walker, Univ. of Michigan, Ann Arbor; 81406595878, J. R. Olson, Univ. of Michigan, Ann Arbor; "
"CHI","88","http://dx.doi.org/10.1145/57167.57202","Effects of interface design upon user productivity","5 ","0","12","284","decision support; human factors; management; training","6","81100645102, W. A. Bailey, Tektronix Laboratories, Beaverton, OR; 81332509370, S. T. Knox, Tektronix Laboratories, Beaverton, OR; 81100269840, E. F. Lynch, Tektronix Laboratories, Beaverton, OR; "
"CHI","88","http://dx.doi.org/10.1145/57167.57203","Development of an instrument measuring user satisfaction of the human-computer interface","197 ","112","763","5,765","human factors; interaction techniques; measurement; performance and usage measurement","6","81538739956, John P. Chin, Univ. of Maryland, College Park, MD; 81100019795, Virginia A. Diehl, Univ. of Maryland, College Park, MD; 81100062523, Kent L. Norman, Univ. of Maryland, College Park, MD; "
"CHI","88","http://dx.doi.org/10.1145/57167.57204","Public Law 99-506, &ldquo;Section 508&rdquo; Electronic Equipment Accessibility for disabled workers","2 ","0","8","357","computer selection; economics; equipment; human factors; regulation","4","81100297556, R. E. Ladner, Univ. of Washington, Washington, DC; 81100307217, F. A. McDonough, Center for Computing and Disability, SUNY Albany; 81332524644, W. Roth; 81100256722, L. A. Scadden; 81100641036, G. C. Vanderheiden; "
"CHI","88","http://dx.doi.org/10.1145/57167.57205","A critical assessment of hypertext systems","3 ","0","15","366","data sharing; file organization; languages; management; systems analysis and design","5","81409592298, G. Fischer, Univ. of Colorado, Boulder, CO; 81539591356, S. Weyer, Apple Computer Inc., Cupertino, CA; 81100554899, W. P. Jones, Arthur D. Little, Inc., Cambridge, MA; 81100544599, A. C. Kay, Apple Computer Inc., Los Angeles, CA; 81100309029, W. Kintsch, Univ. of Colorado, Boulder, CO; "
"CHI","88","http://dx.doi.org/10.1145/57167.57206","Multimodal response planning: an adaptive rule based approach","4 ","1","10","233","design; human factors; management; query processing; systems analysis and design","6","81100021992, R. A. Gargan, Jr., Lockheed-AI Center, Palo Alto, CA; 81536964456, J. W. Sullivan, Lockheed-AI Center, Palo Alto, CA; 81100587029, S. W. Tyler, Lockheed-AI Center, Palo Alto, CA; "
"CHI","88","http://dx.doi.org/10.1145/57167.57207","SAUCI: a knowledge-based interface architecture","1 ","0","7","189","applications and expert systems; human factors; interaction techniques; systems analysis and design","6","81100587029, S. W. Tyler, Lockheed-AI Center, Palo Alto, CA; "
"CHI","88","http://dx.doi.org/10.1145/57167.57208","Task-oriented parsing - a diagnostic method to be used adaptive systems","7 ","0","8","289","design; human factors; language parsing and understanding; prolog; unix","7","81100397563, H. U. Hoppe; "
"CHI","88","http://dx.doi.org/10.1145/57167.57209","Plan-based representations of pascal and fortran code","2 ","0","7","244","design; human factors; languages; methodologies; pascal; software development","6","81332537340, C.-C. Yu, Rutgers Univ., New Brunswick, NJ; 81326492414, S. P. Robertson, Rutgers Univ., New Brunswick, NJ; "
"CHI","88","http://dx.doi.org/10.1145/57167.57210","Providing the requisite knowledge via software documentation","0 ","0","12","240","design; documentation; human factors; methodologies; software maintenance","5","81342507437, J. Pinto, Yale Univ., New Haven, CT; 81332528788, E. Soloway, Yale Univ., New Haven, CT; "
"CHI","88","http://dx.doi.org/10.1145/57167.57211","Control of cognitive processes during software design: what tools are needed?","13 ","1","32","611","design; human factors; management; software development","6","81329489045, R. Guindon, Microelectronics and Computer Technology Corporation, Austin, TX; 81332495004, B. Curtis, Microelectronics and Computer Technology Corporation, Austin, TX; "
"CHI","88","http://dx.doi.org/10.1145/57167.57212","Travel around a learning support environment: rambling, orienteering or touring?","19 ","1","11","282","computer-assisted instruction; human factors; interaction techniques; theory","5","81100001026, N. Hammond, Univ. of York, York, UK; 81100464175, L. Allinson, Univ. of York, York, UK; "
"CHI","88","http://dx.doi.org/10.1145/57167.57213","Palenque: an interactive multimedia digital video interactive prototype for children","2 ","1","16","596","computer-assisted instruction; device independence; human factors","5","81540302556, K. S. Wilson; "
"CHI","88","http://dx.doi.org/10.1145/57167.57214","Using latent semantic analysis to improve access to textual information","86 ","11","128","1,693","human factors; indexing methods; languages; retrieval models","5","81100134501, S. T. Dumais, Bell Communications Research; 81100649937, G. W. Furnas, Bell Communications Research; 81100552367, T. K. Landauer, Bell Communications Research; 81100019458, S. Deerwester, Univ. of Chicago, Chicago, IL; 81541660056, R. Harshman, Univ. of Western Ontario; "
"CHI","88","http://dx.doi.org/10.1145/57167.57215","Online help systems: design and implementation issues (panel)","1 ","3","22","397","documentation; human factors; management; training","2","81100168239, G. Kearsley, IBM Corp.; 81100212332, R. L. Campbell, Univ. of Michigan; 81100213819, J. Elkerton, Symbolics, Inc.; 81332507499, W. Judd; 81100423848, J. Walker; "
