"conference","year","doi","title","citationCount","download6weeks","download12months","downloadAll","keywords","pageNumber","authors"
"CHI","99","http://dx.doi.org/10.1145/302979.302980","An empirical study of how people establish interaction: implications for CSCW session management models","22 ","1","28","770","design implications; experimentation; group and organization interfaces; management; strategic information systems planning","8","81100263573, Steinar Kristoffersen, Norwegian Computing Center, Postboks 114 Blindern, N-0314 Oslo, Norway; 81100361953, Fredrik Ljungberg, Viktoria Institute, Box 620, 405 30 Gothenburg, Sweden; "
"CHI","99","http://dx.doi.org/10.1145/302979.302981","Chat circles","77 ","10","59","1,401","asynchronous interaction; conversation; experimentation; human factors; reliability; turn-taking","8","81100539968, Fernanda B. Vi&#233;gas, MIT Media Lab, 20 Ames Street, Cambridge, MA; 81100223099, Judith S. Donath, MIT Media Lab, 20 Ames Street, Cambridge, MA; "
"CHI","99","http://dx.doi.org/10.1145/302979.302982","Social, individual and technological issues for groupware calendar systems","77 ","5","213","2,020","calendars; cscw; diaries; ethnography; human factors; sociotemporality","8","81100610626, Leysia Palen, Department of Computer Science, University of Colorado, Boulder, ECOT 717, Campus Box 430, Boulder, CO; "
"CHI","99","http://dx.doi.org/10.1145/302979.302983","The design and evaluation of a high-performance soft keyboard","103 ","22","148","1,839","algorithms; computer-supported cooperative work; experimentation; input devices and strategies; mobile systems; performance; stylus input","7","81100367406, I. Scott MacKenzie, Dept. Computing and Information Science, University of Guelph, Guelph, ON N1G 2W1 Canada; 81100115159, Shawn X. Zhang, Dept. Computing and Information Science, University of Guelph, Guelph, ON N1G 2W1 Canada; "
"CHI","99","http://dx.doi.org/10.1145/302979.302984","Non-keyboard QWERTY touch typing: a portable input interface for the mobile user","12 ","17","108","2,405","computer-supported collaborative work; human factors; keyboard; lexical knowledge; pda; qwerty; syntactic knowledge; touch-typing","8","81100321827, Mikael Goldstein, Ericsson Radio Systems AB, Applications Research ERA/T/K, Torshamnsgatan 23, Kista, SE-164 80 Stockholm, Sweden; 81100076340, Robert Book, Logica Svenska AB, Applications Research ERA/T/K, Torshamnsgatan 23, Kista, SE-164 80 Stockholm, Sweden and Ericsson Radio Systems AB, Applications Research ERA/T/K, Torshamnsgatan 23, Kista, SE-1 ...; 81100415637, Gunilla Alsi&#246;, Ericsson Radio Systems AB, Applications Research ERA/T/K, Torshamnsgatan 23, Kista, SE-164 80 Stockholm, Sweden; 81332531283, Silvia Tessa, Ericsson Radio Systems AB, Applications Research ERA/T/K, Torshamnsgatan 23, Kista, SE-164 80 Stockholm, Sweden; "
"CHI","99","http://dx.doi.org/10.1145/302979.302985","Implications for a gesture design tool","43 ","7","60","1,075","design; gesture; pda; ui design; user study","8","81452599090, Allan Christian Long, Jr., Electrical Engineering and Computer Science Department, University of California at Berkeley, Berkeley, CA; 81100103519, James A. Landay, Electrical Engineering and Computer Science Department, University of California at Berkeley, Berkeley, CA; 81452607913, Lawrence A. Rowe, Electrical Engineering and Computer Science Department, University of California at Berkeley, Berkeley, CA; "
"CHI","99","http://dx.doi.org/10.1145/302979.302989","Object manipulation in virtual environments: relative size matters","5 ","4","16","246","3d; docking; experimentation; graphic design; human performance; input devices and strategies; user interfaces; virtual reality","8","81310501205, Yanqing Wang, School of Kinesiology, Simon Fraser University, Burnaby, BC V5A IS6, Canada; 81100367227, Christine L. MacKenzie, School of Kinesiology, Simon Fraser University, Burnaby, BC V5A IS6, Canada; "
"CHI","99","http://dx.doi.org/10.1145/302979.302991","Exploring bimanual camera control and object manipulation in 3D graphics interfaces","42 ","9","62","835","3d interfaces; camera control; experimentation; management; user/machine systems","7","81100503904, Ravin Balakrishnan, Dept. of Computer Science, University of Toronto, Toronto, Ontario, Canada M5S 3G4 and Aliaslwavefront, 210 King Street East, Toronto, Ontario, Canada M5A 1J7; 81332510496, Gordon Kurtenbach; "
"CHI","99","http://dx.doi.org/10.1145/302979.302995","Towards usable VR: an empirical study of user interfaces for immersive virtual environments","25 ","4","34","978","3d user interfaces; bimanual interaction; documentation; interaction styles; virtual environments; virtual reality","8","81100438849, Robert W. Lindeman, Institute for Computer Graphics, The George Washington University, 801 22<sup>nd</sup> Street, NW, Washington, DC; 81100481379, John L. Sibert, Institute for Computer Graphics, The George Washington University, 801 22<sup>nd</sup> Street, NW, Washington, DC; 81100617606, James K. Hahn, Institute for Computer Graphics, The George Washington University, 801 22<sup>nd</sup> Street, NW, Washington, DC; "
"CHI","99","http://dx.doi.org/10.1145/302979.302997","Socially translucent systems: social proxies, persistent conversation, and the design of &ldquo;babble&rdquo;","118 ","10","70","1,774","awareness; cmc; computer-supported collaborative work; cscw; design; documentation; social activity; user/machine systems","8","81100235869, Thomas Erickson, IBM T.J. Watson Research Center, P.O. Box 704, Yorktown Heights, NY; 81538410456, David N. Smith, IBM T.J. Watson Research Center, P.O. Box 704, Yorktown Heights, NY; 81100457150, Wendy A. Kellogg, IBM T.J. Watson Research Center, P.O. Box 704, Yorktown Heights, NY; 81100347998, Mark Laff, IBM T.J. Watson Research Center, P.O. Box 704, Yorktown Heights, NY; 81100451878, John T. Richards, IBM T.J. Watson Research Center, P.O. Box 704, Yorktown Heights, NY; 81100154516, Erin Bradner, IBM T.J. Watson Research Center, P.O. Box 704, Yorktown Heights, NY and CORPS (Computing Organizations, Policy, and Society) program, UC Irvine; "
"CHI","99","http://dx.doi.org/10.1145/302979.303001","The elements of computer credibility","96 ","30","204","3,181","captology; design; expertise; influence; persuasion; theory; trustworthiness","8","81452616406, B. J. Fogg, Persuasive Technology Lab, CSLI/Stanford University, Cordura Hall, Stanford, CA; 81546115756, Hsiang Tseng; "
"CHI","99","http://dx.doi.org/10.1145/302979.303003","A better mythology for system design","10 ","1","17","398","accommodation; mythology; system evolution; user interfaces","8","81100117046, Jed Harris; 81100433710, Austin Henderson; "
"CHI","99","http://dx.doi.org/10.1145/302979.303005","Nomadic radio: scaleable and contextual notification for wearable audio messaging","34 ","0","36","812","adaptive interfaces; experimentation; input devices and strategies; notifications; text analysis","8","81100150780, Nitin Sawhney, Speech Interface Group, MIT Media Laboratory, 20 Ames St., Cambridge, MA; 81100444749, Chris Schmandt, Speech Interface Group, MIT Media Laboratory, 20 Ames St., Cambridge, MA; "
"CHI","99","http://dx.doi.org/10.1145/302979.303007","Tangible progress: less is more in Somewire audio spaces","24 ","0","26","631","active objects; audio space; cmc; design; human factors; mediated communication; speech interactions; theory; user interfaces","8","81543671856, Andrew Singer, Interval Research Corporation, 1801 Page Mill Road, Building C, Palo Alto, CA; 81100031847, Debby Hindus, Interval Research Corporation, 1801 Page Mill Road, Building C, Palo Alto, CA; 81100180551, Lisa Stifelman, AudioVelocity, Inc., 312 Steams Hill Road, Waltham, MA and Interval Research Corporation, 1801 Page Mill Road, Building C, Palo Alto, CA; 81313481954, Sean White, WhoWhere, Inc., 1675 N. Shoreline Blvd., Mountain View, CA and Interval Research Corporation, 1801 Page Mill Road, Building C, Palo Alto, CA; "
"CHI","99","http://dx.doi.org/10.1145/302979.303009","Whisper: a wristwatch style wearable handset","18 ","4","55","727","cellular phone; experimentation; human factors; pda; ubibutton; wearable computer","8","81328488070, Masaaki Fukumoto, NTT DoCoMo Multimedia Labs., 3-5 Hikari-no-oka, Yokosuka-shi, Kanagawa-ken, 239-8536 Japan; 81100047898, Yoshinobu Tonomura, NTT Human Interface Labs., 1-1 Hikari-no-oka, Yokosuka-shi, Kanagawa-ken, 239-0847 Japan; "
"CHI","99","http://dx.doi.org/10.1145/302979.303010","i-LAND: an interactive landscape for creativity and innovation","215 ","17","220","3,029","architectural space; augmented reality; creativity support; design; integrated design; roomware; ubiquitous computing; virtual information space","8","81100032890, Norbert A. Streitz, GMD - German National Research Center for Information Technology, IPSI - Integrated Publication and Information Systems Institute, Dolivostr. 15, D-64293 Darmstadt, Germany; 81100137243, J&#246;rg Gei&#223;ler, GMD - German National Research Center for Information Technology, IPSI - Integrated Publication and Information Systems Institute, Dolivostr. 15, D-64293 Darmstadt, Germany; 81100409229, Torsten Holmer, GMD - German National Research Center for Information Technology, IPSI - Integrated Publication and Information Systems Institute, Dolivostr. 15, D-64293 Darmstadt, Germany; 81100510790, Shin'ichi Konomi, GMD - German National Research Center for Information Technology, IPSI - Integrated Publication and Information Systems Institute, Dolivostr. 15, D-64293 Darmstadt, Germany; 81100249927, Christian M&#252;ller-Tomfelde, GMD - German National Research Center for Information Technology, IPSI - Integrated Publication and Information Systems Institute, Dolivostr. 15, D-64293 Darmstadt, Germany; 81100068298, Wolfgang Reischl, GMD - German National Research Center for Information Technology, IPSI - Integrated Publication and Information Systems Institute, Dolivostr. 15, D-64293 Darmstadt, Germany; 81100414016, Petra Rexroth, GMD - German National Research Center for Information Technology, IPSI - Integrated Publication and Information Systems Institute, Dolivostr. 15, D-64293 Darmstadt, Germany; 81100162911, Peter Seitz, GMD - German National Research Center for Information Technology, IPSI - Integrated Publication and Information Systems Institute, Dolivostr. 15, D-64293 Darmstadt, Germany; 81100171846, Ralf Steinmetz, GMD - German National Research Center for Information Technology, IPSI - Integrated Publication and Information Systems Institute, Dolivostr. 15, D-64293 Darmstadt, Germany; "
"CHI","99","http://dx.doi.org/10.1145/302979.303013","Logjam: a tangible multi-person interface for video logging","21 ","1","24","454","2d sensing/tracking; design; human factors; multimedia information systems; theory; user experience; video logging","8","81332493853, Jonathan Cohen, Interval Research Corporation, 1801 Page Mill Road, Palo Alto, CA; 81332536119, Meg Withgott, Electric Planet. 1900, O'Farrell Street, Suite 200, San Mateo, CA and Interval Research Corporation, 1801 Page Mill Road, Palo Alto, CA; 81100029258, Philippe Piernot, Mirvo Toys, Inc. 1900, O'Farrell Street, Suite 100, San Mateo, CA and Interval Research Corporation, 1801 Page Mill Road, Palo Alto, CA; "
"CHI","99","http://dx.doi.org/10.1145/302979.303017","Time-compression: systems concerns, usage, and benefits","28 ","1","19","533","compression granularity; design; interaction styles; management; theory; video browsing","8","81100069610, Nosa Omoigui, Microsoft Research, Redmond, WA; 81451600003, Liwei He, Microsoft Research, Redmond, WA; 81452611908, Anoop Gupta, Microsoft Research, Redmond, WA; 81100031531, Jonathan Grudin, Microsoft Research, Redmond, WA; 81100086410, Elizabeth Sanocki, Microsoft Research, Redmond, WA; "
"CHI","99","http://dx.doi.org/10.1145/302979.303021","SWEETPEA: software tools for programmable embodied agents","5 ","0","12","478","actimates barney; design; documentation; mattel talk-with-me barbie; theory","8","81100198526, Michael Kaminsky, Laboratory for Computer Science, Massachusetts Institute of Technology, 545 Technology Square, Cambridge, MA; 81100521529, Paul Dourish, Computer Science Laboratory, Xerox Palo Alto Research Center, 3333 Coyote Hill Road, Palo Alto, CA; 81100595699, W. Keith Edwards, Computer Science Laboratory, Xerox Palo Alto Research Center, 3333 Coyote Hill Road, Palo Alto, CA; 81100478916, Anthony LaMarca, Computer Science Laboratory, Xerox Palo Alto Research Center, 3333 Coyote Hill Road, Palo Alto, CA; 81100611347, Michael Salisbury, Computer Science Laboratory, Xerox Palo Alto Research Center, 3333 Coyote Hill Road, Palo Alto, CA; 81452608837, Ian Smith, Computer Science Laboratory, Xerox Palo Alto Research Center, 3333 Coyote Hill Road, Palo Alto, CA; "
"CHI","99","http://dx.doi.org/10.1145/302979.303028","Sympathetic interfaces: using a plush toy to direct synthetic characters","51 ","1","22","651","applications and expert systems; management; plush toy; synthetic characters; user interfaces","7","81332507042, Michael Patrick Johnson, Synthetic Characters Group, The Media Laboratory, MIT, 20 Ames St., Cambridge, MA; 81350567780, Andrew Wilson, Vision and Modeling Group, The Media Laboratory, MIT, 20 Ames St., Cambridge, MA; 81100047544, Bruce Blumberg, Vision and Modeling Group, The Media Laboratory, MIT, 20 Ames St., Cambridge, MA; 81332509416, Christopher Kline, Synthetic Characters Group, The Media Laboratory, MIT, 20 Ames St., Cambridge, MA; 81100441050, Aaron Bobick, Vision and Modeling Group, The Media Laboratory, MIT, 20 Ames St., Cambridge, MA; "
"CHI","99","http://dx.doi.org/10.1145/302979.303030","Principles of mixed-initiative user interfaces","196 ","50","287","2,845","decision theory; direct manipulaton; intelligent agents; ui design; user modeling","8","81100323543, Eric Horvitz, Microsoft Research, Redmond, WA; "
"CHI","99","http://dx.doi.org/10.1145/302979.303033","An exploration into supporting artwork orientation in the user interface","19 ","4","24","526","design; group and organization interfaces; lcds; rotating user interfaces; tablets; two-handed input","8","81100585120, George W. Fitzmaurice; 81100503904, Ravin Balakrishnan; 81332510496, Gordon Kurtenbach; 81452616426, Bill Buxton; "
"CHI","99","http://dx.doi.org/10.1145/302979.303035","An alternative way of drawing","8 ","1","14","485","design; direct manipulation; human factors; sculpting; two-handed interaction","8","81100035638, Roope Raisamo, Department of Computer Science, University of Tampere, P.O. Box 607 (Kehruukoulunkatu 1), FIN-33101 Tampere, Finland; "
"CHI","99","http://dx.doi.org/10.1145/302979.303036","The strategic use of CAD: an empirically inspired, theory-based course","9 ","1","15","409","cad; efficiency; goms; learning; strategy; training","8","81100435759, Suresh K. Bhavnani, HCI Institute, Carnegie Mellon University, Pittsburgh, PA; 81100482886, Bonnie E. John, HCI Institute, Carnegie Mellon University, Pittsburgh, PA; 81100407554, Ulrich Flemming, School of Architecture, Carnegie Mellon University, Pittsburgh, PA; "
"CHI","99","http://dx.doi.org/10.1145/302979.303038","Implementing interface attachments based on surface representations","12 ","0","22","134","design; observational attachments; theory; user interfaces","8","81410595121, Dan R. Olsen, Jr., Human Computer Interaction Institute, Carnegie Mellon University, Pittsburgh, PA; 81328488846, Scott E. Hudson, Human Computer Interaction Institute, Carnegie Mellon University, Pittsburgh, PA; 81414604639, Thom Verratti, Human Computer Interaction Institute, Carnegie Mellon University, Pittsburgh, PA; 81332503379, Jeremy M. Heiner, Human Computer Interaction Institute, Carnegie Mellon University, Pittsburgh, PA; 81414597115, Matt Phelps, Human Computer Interaction Institute, Carnegie Mellon University, Pittsburgh, PA; "
"CHI","99","http://dx.doi.org/10.1145/302979.303039","A visual medium for programmatic control of interactive applications","15 ","1","15","360","agents; design; group and organization interfaces; management; user interfaces","8","81100527621, Luke S. Zettlemoyer, Department of Computer Science, North Carolina State University, EGRC-CSC Box 7534, Raleigh, NC; 81452610940, Robert St. Amant, Department of Computer Science, North Carolina State University, EGRC-CSC Box 7534, Raleigh, NC; "
"CHI","99","http://dx.doi.org/10.1145/302979.303040","Should we leverage natural-language knowledge? An analysis of user errors in a natural-language-style programming language","11 ","1","18","645","design; knowledge representation formalisms and methods; natural language; novice programming; theory","8","81100562702, Amy Bruckman, College of Computing, Georgia Institute of Technology, Atlanta, GA; 81100595496, Elizabeth Edwards, College of Computing, Georgia Institute of Technology, Atlanta, GA; "
"CHI","99","http://dx.doi.org/10.1145/302979.303042","Testing pointing device performance and user assessment with the ISO 9241, Part 9 standard","65 ","13","116","1,794","design; experimentation; human factors; iso 9241 standard; pointing devices; touchpad","8","81330490449, Sarah A. Douglas, Computer and Information Science Dept., University of Oregon, Eugene, OR; 81100325769, Arthur E. Kirkpatrick, Computer and Information Science Dept., University of Oregon, Eugene, OR; 81100367406, I. Scott MacKenzie, Dept. of Computing and Information Science, University of Guelph, Guelph, Ontario, Canada N1G 2W1; "
"CHI","99","http://dx.doi.org/10.1145/302979.303045","Touch-sensing input devices","44 ","17","132","3,268","design; haptic input; input devices; interaction techniques; tactile input; touch-sensing devices","8","81100519448, Ken Hinckley, Microsoft Research, One Microsoft Way, Redmond, WA; 81318498872, Mike Sinclair, Microsoft Research, One Microsoft Way, Redmond, WA; "
"CHI","99","http://dx.doi.org/10.1145/302979.303047","The Hotbox: efficient access to a large number of menu-items","28 ","0","30","931","design; marking menus; menus access; transparency; user interfaces","7","81332510496, Gordon Kurtenbach; 81100585120, George W. Fitzmaurice; 81332519934, Russell N. Owen; 81100483880, Thomas Baudel; "
"CHI","99","http://dx.doi.org/10.1145/302979.303051","Combining observations of intentional and unintentional behaviors for human-computer interaction","1 ","0","18","461","applications; experimentation; gesture-based interface; intention; theory; vision-based interface","8","81100082332, Yoshinori Kuno, Department of Computer-Controlled Mechanical Systems, Osaka University, Suita, Osaka 565-0871, Japan; 81100166941, Tomoyuki Ishiyama, Department of Computer-Controlled Mechanical Systems, Osaka University, Suita, Osaka 565-0871, Japan; 81100225394, Satoru Nakanishi, Department of Computer-Controlled Mechanical Systems, Osaka University, Suita, Osaka 565-0871, Japan; 81100163630, Yoshiaki Shirai, Department of Computer-Controlled Mechanical Systems, Osaka University, Suita, Osaka 565-0871, Japan; "
"CHI","99","http://dx.doi.org/10.1145/302979.303053","Manual and gaze input cascaded (MAGIC) pointing","154 ","28","242","1,951","computer input; design; eye tracking; gaze; human factors; input devices and strategies; pointing","8","81408591988, Shumin Zhai, IBM Almaden Research Center, 650 Harry Road, San Jose, CA; 81100289339, Carlos Morimoto, IBM Almaden Research Center, 650 Harry Road, San Jose, CA; 81332506131, Steven Ihde, IBM Almaden Research Center, 650 Harry Road, San Jose, CA; "
"CHI","99","http://dx.doi.org/10.1145/302979.303055","Inferring intent in eye-based interfaces: tracing eye movements with process models","34 ","3","29","753","cognitive models; eye movements; hidden markov models; human factors; theory; user models","8","81100289294, Dario D. Salvucci, Department of Computer Science, Carnegie Mellon University, Pittsburgh, PA; "
"CHI","99","http://dx.doi.org/10.1145/302979.303057","Direct combination","7 ","0","14","431","creating new operations; general; interaction design; interaction styles; interaction theory; navigating large operator spaces; theory","8","81100092137, Simon Holland, Department of Computer Science, Open University, Milton Keynes, MK 7 6AA, England; 81430656647, Daniel Oppenheim, Computer Music Center, IBM TJ Watson Research Center, PO Box 218, Yorktown Heights, NY; "
"CHI","99","http://dx.doi.org/10.1145/302979.303060","Footprints: history-rich tools for information foraging","116 ","12","77","1,690","design; human factors; information foraging; interaction history; theory","8","81100474095, Alan Wexelblat, MIT Media Lab, 20 Ames St., Cambridge, MA; 81100086306, Pattie Maes, MIT Media Lab, 20 Ames St., Cambridge, MA; "
"CHI","99","http://dx.doi.org/10.1145/302979.303062","Design guidelines for landmarks to support navigation in virtual environments","62 ","12","135","1,568","design; guidelines; navigation; simulation support systems; virtual reality","8","81100481296, Norman G. Vinson, Institute for Information Technology, National Research Council, Canada, Ottawa, ON K1A 0R6; "
"CHI","99","http://dx.doi.org/10.1145/302979.303064","Single display groupware: a model for co-present collaboration","160 ","22","175","2,165","children; cscw; educational applications; general; kidpad; single display groupware","8","81332529758, Jason Stewart, Computer Science Dept., University of New Mexico, Albuquerque, NM; 81100083927, Benjamin B. Bederson, Computer Science Dept./UMIACS, Human-Computer Interaction Lab, University of Maryland, College Park, MD; 81100365303, Allison Druin, Computer Science Dept./UMIACS, Human-Computer Interaction Lab, University of Maryland, College Park, MD; "
"CHI","99","http://dx.doi.org/10.1145/302979.303065","The GAZE groupware system: mediating joint attention in multiparty communication and collaboration","64 ","4","53","1,073","artificial, augmented, and virtual realities; awareness; cscw; experimentation; gaze direction; multiparty videoconferencing; vrml 2","8","81100497077, Roel Vertegaal, Cognitive Ergonomics Department, Twente University, The Netherlands; "
"CHI","99","http://dx.doi.org/10.1145/302979.303067","Video helps remote work: speakers who need to negotiate common ground benefit from seeing each other","50 ","2","41","868","common ground; design; group and organization interfaces; management; negotiation; theory; video-mediated communication","8","81310499626, Elizabeth S. Veinott, The Collaboratory for Research on Electronic work (CREW), University of Michigan, Ann Arbor, MI; 81350567367, Judith Olson, The Collaboratory for Research on Electronic work (CREW), University of Michigan, Ann Arbor, MI; 81100178543, Gary M. Olson, Institute of Psychology, Chinese Academy of Sciences, Beijing, China; 81338488628, Xiaolan Fu; "
"CHI","99","http://dx.doi.org/10.1145/302979.303098","Designing multimedia for learning: narrative guidance and narrative construction","13 ","1","33","1,555","design; human factors; multimedia design; navigation","8","81100564207, Lydia Plowman, School of Cognitive & Computing Sciences, University of Sussex, Brighton BN1 9PH UK; 81452612610, Rosemary Luckin, Open University, Milton Keynes, MK7 6AA, UK; 81100499850, Diana Laurillard, Open University, Milton Keynes, MK7 6AA, UK; 81100088848, Matthew Stratfold, Open University, Milton Keynes, MK7 6AA, UK; 81100520548, Josie Taylor; "
"CHI","99","http://dx.doi.org/10.1145/302979.303101","Interactive 3D sound hyperstories for blind children","30 ","11","75","1,033","3d sound; audio interface; blind children; human factors; interaction styles; space representation","8","81100180098, Maruricio Lumbreras, Department of Computer Science, University of Chile, Blanco Encalada 2120, Santiago, Chile and LIFIA, Universidad National de La Plata, Argentina; 81100532896, Jaime S&#225;nchez, Department of Computer Science, University of Chile, Blanco Encalada 2120, Santiago, Chile; "
"CHI","99","http://dx.doi.org/10.1145/302979.303103","Designing PETS: a personal electronic teller of stories","35 ","6","55","785","applications and expert systems; collaborative computing; design; educational applications; intergenerational design team; robotics; theory","4","81100365303, Allison Druin, Human-Computer Interaction Lab, Institute for Advanced Computer Studies, University of Maryland, College Park, MD; 81100272823, Jamie Montemayor, Human-Computer Interaction Lab, Institute for Advanced Computer Studies, University of Maryland, College Park, MD; 81452611106, Jim Hendler, Human-Computer Interaction Lab, Institute for Advanced Computer Studies, University of Maryland, College Park, MD; 81100508427, Britt McAlister, Human-Computer Interaction Lab, Institute for Advanced Computer Studies, University of Maryland, College Park, MD; 81100214690, Angela Boltman, Human-Computer Interaction Lab, Institute for Advanced Computer Studies, University of Maryland, College Park, MD; 81100352369, Eric Fiterman, Human-Computer Interaction Lab, Institute for Advanced Computer Studies, University of Maryland, College Park, MD; 81100041441, Aurelie Plaisant, Human-Computer Interaction Lab, Institute for Advanced Computer Studies, University of Maryland, College Park, MD; 81100019715, Alex Kruskal, Maryland Elementry School and Human-Computer Interaction Lab, Institute for Advanced Computer Studies, University of Maryland, College Park, MD; 81100587228, Hanne Olsen, Maryland Elementry School and Human-Computer Interaction Lab, Institute for Advanced Computer Studies, University of Maryland, College Park, MD; 81100645622, Isabella Revett, Maryland Elementry School and Human-Computer Interaction Lab, Institute for Advanced Computer Studies, University of Maryland, College Park, MD; 81100435379, Thomas Plaisant Schwenn, Maryland Elementry School and Human-Computer Interaction Lab, Institute for Advanced Computer Studies, University of Maryland, College Park, MD; 81100492839, Lauren Sumida, Maryland Elementry School and Human-Computer Interaction Lab, Institute for Advanced Computer Studies, University of Maryland, College Park, MD; 81332533890, Rebecca Wagner, Maryland Elementry School and Human-Computer Interaction Lab, Institute for Advanced Computer Studies, University of Maryland, College Park, MD; "
"CHI","99","http://dx.doi.org/10.1145/302979.303105","Visual profiles: a critical component of universal access","9 ","3","23","733","disabilities; graphical user interfaces; low vision; universal access; visual icons","8","81100032079, Julie A. Jacko, Department of Industrial Engineering, University of Wisconsin-Madison, 1513 University Avenue, Madison, WI; 81100067707, Max A. Dixon, Department of Industrial & Systems Engineering, Florida International University, 10005 W. Flagler Street, Miami, FL; 81408594850, Robert H. Rosa, Jr., Bascom Palmer Eye Institute, Department of Ophthalmology, University of Miami School of Medicine, 900 NW 17th Street, Miami, FL; 81100544081, Ingrid U. Scott, Bascom Palmer Eye Institute, Department of Ophthalmology, University of Miami School of Medicine, 900 NW 17th Street, Miami, FL; 81100035117, Charles J. Pappas, Bascom Palmer Eye Institute, Department of Ophthalmology, University of Miami School of Medicine, 900 NW 17th Street, Miami, FL; "
"CHI","99","http://dx.doi.org/10.1145/302979.303107","NotePals: lightweight note sharing by the group, for the group","69 ","1","63","789","human factors; performance","8","81416597118, Richard C. Davis, Group for User Interface Research, EECS Department, University of California, Berkeley, CA; 81100103519, James A. Landay, Group for User Interface Research, EECS Department, University of California, Berkeley, CA; 81542810856, Victor Chen, Group for User Interface Research, EECS Department, University of California, Berkeley, CA; 81342498041, Jonathan Huang, Group for User Interface Research, EECS Department, University of California, Berkeley, CA; 81452595273, Rebecca B. Lee, Group for User Interface Research, EECS Department, University of California, Berkeley, CA; 81452598310, Frances C. Li, Group for User Interface Research, EECS Department, University of California, Berkeley, CA; 81471640432, James Lin, Group for User Interface Research, EECS Department, University of California, Berkeley, CA; 81547957456, Charles B. Morrey, III, Group for User Interface Research, EECS Department, University of California, Berkeley, CA; 81100419546, Ben Schleimer, Group for User Interface Research, EECS Department, University of California, Berkeley, CA; 81330496831, Morgan N. Price, FX Palo Alto Laboratory, 3400 Hillview Avenue, Bldg. 4, Palo Alto, CA; 81100481929, Bill N. Schilit, FX Palo Alto Laboratory, 3400 Hillview Avenue, Bldg. 4, Palo Alto, CA; "
"CHI","99","http://dx.doi.org/10.1145/302979.303108","Flatland: new dimensions in office whiteboards","102 ","5","70","1,176","design; light-weight interaction; pen-based computing; ubiquitous computing; whiteboards","8","81100331104, Elizabeth D. Mynatt, College of Computing, Georgia Institute of Technology, Atlanta, GA; 81100444444, Takeo Igarashi, University of Tokyo, 7-3-1 Bunkyo-ku, Hongo, Tokyo 113-8656, Japan; 81100595699, W. Keith Edwards, Xerox Palo Alto Research Center, 3333 Coyote Hill Road, Palo Alto, CA; 81100478916, Anthony LaMarca, Xerox Palo Alto Research Center, 3333 Coyote Hill Road, Palo Alto, CA; "
"CHI","99","http://dx.doi.org/10.1145/302979.303109","Palette: a paper interface for giving presentations","54 ","5","42","666","design; human factors; paper interfaces; presentation applicance; theory","8","81100407787, Les Nelson, FX Palo Alto Laboratory, 3400 Hillview Avenue, Palo Alto, CA; 81332505923, Satoshi Ichimura, FX Palo Alto Laboratory, 3400 Hillview Avenue, Palo Alto, CA; 81100100004, Elin R&#248;nby Pedersen; 81100312998, Lia Adams; "
"CHI","99","http://dx.doi.org/10.1145/302979.303110","TouchCounters: designing interactive electronic labels for physical containers","12 ","0","19","473","design; experimentation; tangible interfaces; ubiquitous computing; visualization","8","81100299784, Paul Yarin, MIT Media Laboratory, 20 Ames Street, E15 (-444, -485), Cambridge, MA; 81100363076, Hiroshi Ishii, MIT Media Laboratory, 20 Ames Street, E15 (-444, -485), Cambridge, MA; "
"CHI","99","http://dx.doi.org/10.1145/302979.303111","Bridging physical and virtual worlds with electronic tags","181 ","4","95","3,173","artificial, augmented, and virtual realities; design; portable computers; tangible interface; ubiquitous computing; wireless networks","8","81450595327, Roy Want, Xerox PARC, 3333 Coyote Hill Road, Palo Alto, CA; 81100424116, Kenneth P. Fishkin, Xerox PARC, 3333 Coyote Hill Road, Palo Alto, CA; 81100566652, Anuj Gujar, Xerox PARC, 3333 Coyote Hill Road, Palo Alto, CA; 81100010116, Beverly L. Harrison, Xerox PARC, 3333 Coyote Hill Road, Palo Alto, CA; "
"CHI","99","http://dx.doi.org/10.1145/302979.303113","Augmented surfaces: a spatially continuous work space for hybrid computing environments","222 ","33","238","2,316","architectural media; design; navigation; portable computers; table-sized displays; ubiquitous computing","8","81100008564, Jun Rekimoto, Sony Computer Science Laboratories, Inc., 3-14-13 Higashigotanda, Shinagawa-ku, Tokyo 141-0022 Japan; 81100317821, Masanori Saitoh, Department of Computer Science, Keio University, 3-14-1 Hiyoshi, Kohoku-ku, Yokohama, Kanagawa 223 Japan; "
"CHI","99","http://dx.doi.org/10.1145/302979.303114","Urp: a luminous-tangible workbench for urban planning and design","123 ","25","283","1,778","design; management","8","81100635433, John Underkoffler, MIT Media Laboratory, Tangible Media Group, Cambridge, MA; 81100363076, Hiroshi Ishii, MIT Media Laboratory, Tangible Media Group, Cambridge, MA; "
"CHI","99","http://dx.doi.org/10.1145/302979.303115","PingPongPlus: design of an athletic-tangible interface for computer-supported cooperative play","90 ","13","102","1,508","athletic interaction; computer-supported cooperative play; design; experimentation; kinesthetic interaction; theory","8","81100363076, Hiroshi Ishii, Tangible Media Group, MIT Media Laboratory, 20 Ames St., Cambridge, MA; 81100412261, Craig Wisneski, Tangible Media Group, MIT Media Laboratory, 20 Ames St., Cambridge, MA; 81100535114, Julian Orbanes, Tangible Media Group, MIT Media Laboratory, 20 Ames St., Cambridge, MA; 81100042918, Ben Chun, Tangible Media Group, MIT Media Laboratory, 20 Ames St., Cambridge, MA; 81100099789, Joe Paradiso, Physics and Media Group, MIT Media Laboratory, 20 Ames St., Cambridge, MA; "
"CHI","99","http://dx.doi.org/10.1145/302979.303118","Eye tracking the visual search of click-down menus","27 ","8","79","1,407","cognitive models; experimentation; interaction styles; theory","8","81341488770, Michael D. Byrne, Psychology Department, Carnegie Mellon University, Pittsburgh, PA; 81363598414, John R. Anderson, Psychology Department, Carnegie Mellon University, Pittsburgh, PA; 81100374117, Scott Douglass, Psychology Department, Carnegie Mellon University, Pittsburgh, PA; 81100048363, Michael Matessa, Psychology Department, Carnegie Mellon University, Pittsburgh, PA; "
"CHI","99","http://dx.doi.org/10.1145/302979.303120","Cognitive modeling demonstrates how people use anticipated location knowledge of menu items","9 ","0","9","803","cognitive models; fitts' law; human factors; menus; visual search","8","81100426680, Anthony J. Hornof, Artificial Intelligence Laboratory, Electrical Engineering & Computer Science Department, University of Michigan, 1101 Beal Avenue, Ann Arbor, MI; 81100254452, David E. Kieras, Artificial Intelligence Laboratory, Electrical Engineering & Computer Science Department, University of Michigan, 1101 Beal Avenue, Ann Arbor, MI; "
"CHI","99","http://dx.doi.org/10.1145/302979.303123","Learning and performing by exploration: label quality measured by latent semantic analysis","7 ","2","13","509","cognitive models; hypertext/hypermedia; latent semantic analysis; learning by exploration; semantic similarity; usability analysis","8","81332529320, Rodolfo Soto, Institute of Cognitive Science, University of Colorado, Boulder, CO; "
"CHI","99","http://dx.doi.org/10.1145/302979.303124","MOBILE: user-centered interface building","19 ","5","58","1,342","design; interface builders; task models; user interface development tools; user-centered interface design","8","81100290318, Angel R. Puerta, RedWhale Software and Stanford University, 192 Walter Hays Drive, Palo Alto, CA; 81541053956, Eric Cheng, RedWhale Software and Stanford University, 192 Walter Hays Drive, Palo Alto, CA; 81100176958, Tunhow Ou, RedWhale Software and Stanford University, 192 Walter Hays Drive, Palo Alto, CA; 81100236295, Justin Min, RedWhale Software and Stanford University, 192 Walter Hays Drive, Palo Alto, CA; "
"CHI","99","http://dx.doi.org/10.1145/302979.303126","The context toolkit: aiding the development of context-enabled applications","244 ","11","170","2,465","applications development; experimentation; performance; ubiquitous computing; widgets","8","81100017622, Daniel Salber, GVU Center, College of Computing, Georgia Institute of Technology, Atlanta, GA; 81100327371, Anind K. Dey, GVU Center, College of Computing, Georgia Institute of Technology, Atlanta, GA; 81100251687, Gregory D. Abowd, GVU Center, College of Computing, Georgia Institute of Technology, Atlanta, GA; "
"CHI","99","http://dx.doi.org/10.1145/302979.303127","Getting more out of programming-by-demonstration","18 ","0","22","425","application builders; end-user programming; gamut; programming-by-demonstration; theory; user interfaces","8","81100363649, Richard G. McDaniel, HCI Institute, School of Computer Science, Carnegie Mellon University, 5000 Forbes Avenue, Pittsburgh, PA; 81100013136, Brad A. Myers, HCI Institute, School of Computer Science, Carnegie Mellon University, 5000 Forbes Avenue, Pittsburgh, PA; "
"CHI","99","http://dx.doi.org/10.1145/302979.303128","Navigation as multiscale pointing: extending Fitts' model to very high precision tasks","22 ","3","61","1,020","design; fitts' law; input devices; multiscale interfaces; navigation; stylus","8","81100143867, Yves Guiard, Laboratoire de Recherche en Informatique, CNRS & Universit&#233;&#233; de Paris-Sud, France; 81100644686, Michel Beaudouin-Lafon, Facult&#233; des Sciences du Sport, Universit&#233; de Poitiers, France; 81100280424, Denis Mottet; "
"CHI","99","http://dx.doi.org/10.1145/302979.303131","Authoring animated Web pages using &ldquo;contact points&rdquo;","7 ","0","16","568","authoring tools; languages; performance; web-based interaction","8","81100223037, Pete Faraday, Multimedia Authoring Product Unit, Microsoft, Redmond, WA; 81100269401, Alistair Sutcliffe, The Center for HCI Design, City University, London, EC1 0HB, UK; "
"CHI","99","http://dx.doi.org/10.1145/302979.303133","Performance evaluation of input devices in trajectory-based tasks: an application of the steering law","45 ","15","120","1,477","empirical comparison; human performance modeling; input devices and strategies; performance; verification","7","81100509407, Johnny Accot, Centre d'&#201;tudes de la Navigation A&#233;rienne, 7 avenue Edouard Belin, 31055 Toulouse cedex, France and IBM Almaden Research Center, 650 Harry Road, San Jose, CA; 81408591988, Shumin Zhai, IBM Almaden Research Center, 650 Harry Road, San Jose, CA; "
"CHI","99","http://dx.doi.org/10.1145/302979.303136","Symphony: a case study in extending learner-centered design through process space analysis","10 ","3","25","585","design; human factors; multimedia information systems; processes scaffolding; simulation support systems","8","81100211248, Chris Quintana, Center for Highly Interactive Computing in Education, University of Michigan, 1101 Beal Ave., Ann Arbor, MI; 81543704156, Jim Eng, Center for Highly Interactive Computing in Education, University of Michigan, 1101 Beal Ave., Ann Arbor, MI; 81100068728, Andrew Carra, Center for Highly Interactive Computing in Education, University of Michigan, 1101 Beal Ave., Ann Arbor, MI; 81100658060, Hsin-Kai Wu, Center for Highly Interactive Computing in Education, University of Michigan, 1101 Beal Ave., Ann Arbor, MI; 81332528788, Elliot Soloway, Center for Highly Interactive Computing in Education, University of Michigan, 1101 Beal Ave., Ann Arbor, MI; "
"CHI","99","http://dx.doi.org/10.1145/302979.303139","The reader's helper: a personalized document reading environment","14 ","2","28","639","content recognition; digital libraries; human factors; information visualization; probabilistic reasoning; simulation support systems; user interface design","8","81100495774, Jamey Graham, California Research Center, Ricoh Silicon Valley, Inc., 2882 Sand Hill Road, Suite 115, Menlo Park, CA; "
"CHI","99","http://dx.doi.org/10.1145/302979.303141","VR's frames of reference: a visualization technique for mastering abstract multidimensional information","6 ","2","20","446","design; interaction design; theory; virtual reality; visualization","7","81100113726, Marilyn C. Salzman, Human Factors & Applied, Cognitive Psychology, George Mason University, Fairfax, VA; 81100191193, Chris Dede, Graduate School of Education, George Mason University, Fairfax, VA; 81100123435, R. Bowen Loftin, Virtual Environment, Technologies Lab, University of Houston, Houston, TX; "
"CHI","99","http://dx.doi.org/10.1145/302979.303143","FotoFile: a consumer multimedia organization and retrieval system","75 ","2","63","1,437","browsing; digital video; human factors; media objects; multimedia computing; retrieval; visualization","8","81100589840, Allan Kuchinsky, Hewlett Packard Laboratories, 1501 Page Mill Road, Palo Alto, CA; 81100332185, Celine Pering, Hewlett Packard Laboratories, 1501 Page Mill Road, Palo Alto, CA; 81100564470, Michael L. Creech, Hewlett Packard Laboratories, 1501 Page Mill Road, Palo Alto, CA; 81100015246, Dennis Freeze, Hewlett Packard Laboratories, 1501 Page Mill Road, Palo Alto, CA; 81100652441, Bill Serra, Hewlett Packard Laboratories, 1501 Page Mill Road, Palo Alto, CA; 81100123897, Jacek Gwizdka, Interactive Media Laboratory, Department of Mechanical and Industrial Engineering, University of Toronto, 4 Taddle Creek Rd, Toronto, Ontario, Canada M5S 1A4 and Hewlett Packard Laboratories, 1501 ...; "
"CHI","99","http://dx.doi.org/10.1145/302979.303145","Hyper Mochi Sheet: a predictive focusing interface for navigating and editing nested networks through a multi-focus distortion-oriented view","6 ","3","12","326","design; editing; human factors; navigation; theory","8","81100405755, Masashi Toyoda, Department of Mathematical and Computing Sciences, Tokyo Institute of Technology, 2-12-1 Oookayama, Meguro-ku, Tokyo 152-8552 Japan; 81100462474, Etsuya Shibayama, Department of Mathematical and Computing Sciences, Tokyo Institute of Technology, 2-12-1 Oookayama, Meguro-ku, Tokyo 152-8552 Japan; "
"CHI","99","http://dx.doi.org/10.1145/302979.303148","Excentric labeling: dynamic neighborhood labeling for data visualization","43 ","11","55","715","design; evaluation; human factors; theory; visualization","8","81100194446, Jean-Daniel Fekete, Ecole des Mines de Nantes, 4, rue Alfred Kastler, La Chantrerie, 44307 Nantes, France; 81100041782, Catherine Plaisant, Human-Computer Interaction Laboratory, UMIACS, University of Maryland, College Park, MD; "
"CHI","99","http://dx.doi.org/10.1145/302979.303150","Embodiment in conversational interfaces: Rea","115 ","11","80","1,246","conversational characters; human factors; interaction styles; multimodal output","8","81100435029, J. Cassell, Gesture and Narrative Language Group, MIT Media Laboratory, E15-315, 20 Ames St, Cambridge, Massachusetts; 81100360895, T. Bickmore, Gesture and Narrative Language Group, MIT Media Laboratory, E15-315, 20 Ames St, Cambridge, Massachusetts; 81100499261, M. Billinghurst, Gesture and Narrative Language Group, MIT Media Laboratory, E15-315, 20 Ames St, Cambridge, Massachusetts; 81100210403, L. Campbell, Gesture and Narrative Language Group, MIT Media Laboratory, E15-315, 20 Ames St, Cambridge, Massachusetts; 81344489114, K. Chang, Gesture and Narrative Language Group, MIT Media Laboratory, E15-315, 20 Ames St, Cambridge, Massachusetts; 81100267336, H. Vilhj&#225;lmsson, Gesture and Narrative Language Group, MIT Media Laboratory, E15-315, 20 Ames St, Cambridge, Massachusetts; 81100045902, H. Yan, Gesture and Narrative Language Group, MIT Media Laboratory, E15-315, 20 Ames St, Cambridge, Massachusetts; "
"CHI","99","http://dx.doi.org/10.1145/302979.303152","Emotional interfaces for interactive aardvarks: designing affect into social interfaces for children","11 ","0","22","1,723","audio interface; design; experimentation; learning; user interfaces","8","81100626243, Erik Strommen, Microsoft Corporation, One Microsoft Way, Redmond, WA; 81100502441, Kristin Alexander; "
"CHI","99","http://dx.doi.org/10.1145/302979.303153","Bridging strategies for VR-based learning","9 ","0","12","483","artificial, augmented, and virtual realities; design; management; theory; virtual reality","8","81100538646, Tom Moher, Electronic Visualization Laboratory, EECS Department, University of Illinois at Chicago, Chicago, IL; 81100449730, Andrew Johnson, Electronic Visualization Laboratory, EECS Department, University of Illinois at Chicago, Chicago, IL; 81100606696, Stellan Ohlsson, Department of Psychology, University of Illinois at Chicago, Chicago, IL; 81100100452, Mark Gillingham, College of Education, University of Illinois at Chicago, Chicago, IL; "
"CHI","99","http://dx.doi.org/10.1145/302979.303154","The tangled Web we wove: a taskonomy of WWW use","54 ","2","37","978","algorithms; human factors; theory; video protocols; world-wide web","8","81341488770, Michael D. Byrne, Department of Psychology, Carnegie Mellon University, Pittsburgh, PA; 81100482886, Bonnie E. John, Human-Computer Interaction Institute, Carnegie Mellon University, Pittsburgh, PA; 81100369254, Neil S. Wehrle, School of Design, Carnegie Mellon University, Pittsburgh, PA; 81100447016, David C. Crow, Trilogy Development Group, 6034 West Courtyard Dr., Austin, TX; "
"CHI","99","http://dx.doi.org/10.1145/302979.303156","An empirical evaluation of user interfaces for topic management of Web sites","15 ","0","14","677","computer supported cooperative work; human-computer interaction; information retrieval; management; social filtering; web-based interaction","8","81100346993, Brian Amento, AT&T Labs - Research, 180 Park Avenue, P.O. Box 971, Florham Park, NJ and Department of Computer Science, Virginia Tech., Blacksburg, VA; 81100454370, Will Hill, AT&T Labs - Research, 180 Park Avenue, P.O. Box 971, Florham Park, NJ; 81100276946, Loren Terveen, AT&T Labs - Research, 180 Park Avenue, P.O. Box 971, Florham Park, NJ; 81100294522, Deborah Hix, Department of Computer Science, Virginia Tech., Blacksburg, VA; 81545009956, Peter Ju, AT&T Labs - Research, 180 Park Avenue, P.O. Box 971, Florham Park, NJ; "
"CHI","99","http://dx.doi.org/10.1145/302979.303158","Visualizing implicit queries for information management and retrieval","19 ","5","38","863","3d; classification; information management; information visualization; navigation; web-based interaction","8","81100280834, Mary Czerwinski, Microsoft Research, One Microsoft Way, Redmond, WA; 81100134501, Susan Dumais, Microsoft Research, One Microsoft Way, Redmond, WA; 81452612822, George Robertson, Microsoft Research, One Microsoft Way, Redmond, WA; 81100223807, Susan Dziadosz, Microsoft Research, One Microsoft Way, Redmond, WA; 81541268356, Scott Tiernan, Microsoft Research, One Microsoft Way, Redmond, WA; 81100469566, Maarten van Dantzich, Microsoft Research, One Microsoft Way, Redmond, WA; "
"CHI","99","http://dx.doi.org/10.1145/302979.303160","Patterns of entry and correction in large vocabulary continuous speech recognition systems","65 ","3","85","1,064","analysis methods; experimentation; input techniques; performance; speech user interfaces","8","81410594491, Clare-Marie Karat, IBM T.J. Watson Research Center, 30 Saw Mill River Road, Hawthorne, NY; 81544086956, Christine Halverson; 81100200032, Daniel Horn; 81100505984, John Karat; "
"CHI","99","http://dx.doi.org/10.1145/302979.303163","Mutual disambiguation of recognition errors in a multimodel architecture","100 ","3","50","728","design; human factors; multimodal architecture; rebust performances; speech and pen input","8","81100656112, Sharon Oviatt, Center for Human-Computer Communication, Oregon Graduate Institute of Science and Technology, P.O. Box 91000, Portland, OR; "
"CHI","99","http://dx.doi.org/10.1145/302979.303165","Model-based and empirical evaluation of multimodal interactive error correction","22 ","0","19","587","design; interactive error correction; natural language processing; speech and pen input; theory; verification","8","81100059950, Bernhard Suhm, Interactive Systems Laboratories, Carnegie Mellon University/Universit&#228;t Karlsruhe; 81100013136, Brad Myers, Human Computer Interaction Institute, Carnegie Mellon University; 81100599954, Alex Waibel, Interactive Systems Laboratories, Carnegie Mellon University/Universit&#228;t Karlsruhe; "
"CHI","99","http://dx.doi.org/10.1145/302979.303166","Cooperative inquiry: developing new technologies for children with children","175 ","33","248","2,980","children; cooperative design; design; educational applications; intergenerational design team; participatory design; theory","8","81100365303, Allison Druin, Human-Computer Interaction Lab, University of Maryland, College Park, MD; "
"CHI","99","http://dx.doi.org/10.1145/302979.303168","Projected realities: conceptual design for cultural effect","50 ","16","155","1,868","awareness; collaborative systems; design; reliability","8","81100104022, William Gaver, Royal College of Art, London; 81100069144, Anthony Dunne, Royal College of Art, London; "
"CHI","99","http://dx.doi.org/10.1145/302979.303170","Customer-focused design data in a large, multi-site organization","6 ","3","22","592","affinity; contextual inquiry; design; group and organization interfaces; organizational change; user data","8","81100112863, Paula Curtis, Hewlett-Packard Company, 3404 E. Harmony Road, Fort Collins, CO; 81100377146, Tammy Heiserman, Hewlett-Packard Company, 3404 E. Harmony Road, Fort Collins, CO; 81546663856, David Jobusch, Hewlett-Packard Company, 3404 E. Harmony Road, Fort Collins, CO; 81100095141, Mark Notess, Hewlett-Packard Company, 3404 E. Harmony Road, Fort Collins, CO; 81538942556, Jayson Webb; "
