"conference","year","doi","title","citationCount","download6weeks","download12months","downloadAll","keywords","pageNumber","authors"
"CHI","92","http://dx.doi.org/10.1145/142750.142751","Edit wear and read wear","177 ","13","161","2,265","design; graphical user interfaces; informational physics; interface mechanisms; reflective practitioner; theory and methods","7","81100454370, William C. Hill; 81332504463, James D. Hollan; 81100170929, Dave Wroblewski; 81100606774, Tim McCandless; "
"CHI","92","http://dx.doi.org/10.1145/142750.142752","The computer sciences electronic magazine: translating from paper to multimedia","3 ","0","22","562","audio input/output; electronic magazine; human factors; hypermedia; indexing; interactive design; multimedia design; usability","8","81100026648, W. Randall Koons; 81332518777, Anne M. O'Dell; 81100504042, Nancy J. Frishberg; 81100347998, Mark R. Laff; "
"CHI","92","http://dx.doi.org/10.1145/142750.142753","Hypertext or book: Which is better for answering questions?","6 ","0","17","398","design; experimental research; human factors; hypertext navigation and maps; performance; usability of hypertext","7","81100330509, Barbee T. Mynatt; 81100373608, Laura Marie Leventhal; 81100348970, Keith Instone; 81100366186, John Farhat; 81100088586, Diane S. Rohlman; "
"CHI","92","http://dx.doi.org/10.1145/142750.142754","Realizing a video environment: EuroPARC's RAVE system","108 ","3","23","797","collaboration; design; group work; interaction styles; multi-media; video","9","81100104022, William Gaver; 81407594532, Thomas Moran; 81100609167, Allan MacLean; 81100648756, Lennart L&#246;vstrand; 81100521529, Paul Dourish; 81100562363, Kathleen Carter; 81452616426, William Buxton; "
"CHI","92","http://dx.doi.org/10.1145/142750.142755","Evaluating video as a technology for informal communication","75 ","21","150","1,997","audio input/output; computer conferencing, teleconferencing, and videoconferencing; experimentation; human factors; privacy; video","12","81332498460, Robert S. Fish; 81328489038, Robert E. Kraut; 81100201167, Robert W. Root; 81100249991, Ronald E. Rice; "
"CHI","92","http://dx.doi.org/10.1145/142750.142756","Speech patterns in video-mediated conversations","65 ","5","39","875","computer conferencing, teleconferencing, and videoconferencing; cscw; human factors; synchronous interaction; videoconferencing","11","81100309669, Abigail J. Sellen; "
"CHI","92","http://dx.doi.org/10.1145/142750.142757","Human-computer interaction research at Georgia Institute of Technology","0 ","0","16","332","design; human factors","2","81100302796, James D. Foley; 81392607386, Christine M. Mitchell; 81100423479, Neff Walker; "
"CHI","92","http://dx.doi.org/10.1145/142750.142758","The Virginia User Interface Laboratory","0 ","1","11","214","artificial, augmented, and virtual realities; languages; user interfaces","2","81100493478, Randy Pausch; "
"CHI","92","http://dx.doi.org/10.1145/142750.142759","System ergonomics and human-computer interaction at SIEMENS corporate research and development","0 ","0","12","338","animations; human factors; speech recognition and synthesis","2","81100142813, H. Raffler; 81100405556, M. Schneider-Hufschmidt; 81100087159, T. K&#252;hme; "
"CHI","92","http://dx.doi.org/10.1145/142750.142760","Anthropomorphism: from Eliza to Terminator 2","15 ","4","29","813","design; human factors","4","81392603419, Abbe Don; 81100612361, Susan Brennan; 81100603693, Brenda Laurel; 81100146468, Ben Shneiderman; "
"CHI","92","http://dx.doi.org/10.1145/142750.142761","Action assignable graphics: a flexible human-computer interface design process","0 ","1","16","201","design; theory and methods","2","81545823056, Matthew D. Russell; 81100196045, Howard Xu; 81332534094, Lingtao Wang; "
"CHI","92","http://dx.doi.org/10.1145/142750.142762","An interface for interactive spatial reasoning and visualization","3 ","2","18","518","computer-assisted instruction; direct manipulation; human factors; interaction techniques; three dimensional visualization","8","81407591765, James R. Osborn; 81100352441, Alice M. Agogino; "
"CHI","92","http://dx.doi.org/10.1145/142750.142763","Graphical fisheye views of graphs","135 ","15","143","2,085","algorithms; fisheye views; languages; theory and methods","9","81332525628, Manojit Sarkar; 81332491195, Marc H. Brown; "
"CHI","92","http://dx.doi.org/10.1145/142750.142764","A magnifier tool for video data","51 ","2","37","653","design; granularity of information; human factors; interface metaphors; screen design; video","6","81406595978, Michael Mills; 81100146889, Jonathan Cohen; 81537869556, Yin Yin Wong; "
"CHI","92","http://dx.doi.org/10.1145/142750.142765","A research program to assess user perceptions of group work support","5 ","0","12","377","computer conferencing, teleconferencing, and videoconferencing; cscw; evaluation/methodology; human factors; technology acceptance model","8","81100529796, John Satzinger; 81100355524, Lorne Olfman; "
"CHI","92","http://dx.doi.org/10.1145/142750.142767","Gardeners and gurus: patterns of cooperation among CAD users","38 ","3","20","498","cad; cooperative work; end user programming; human factors; languages","11","81100472609, Michelle Gantt; 81100150025, Bonnie A. Nardi; "
"CHI","92","http://dx.doi.org/10.1145/142750.142769","Beyond being there","123 ","51","359","3,756","computer conferencing, teleconferencing, and videoconferencing; human factors; telecommunications; theory and models","7","81332504463, Jim Hollan; 81100244951, Scott Stornetta; "
"CHI","92","http://dx.doi.org/10.1145/142750.142770","Evaluating two aspects of direct manipulation in advanced cockpits","11 ","0","19","686","adaptive automation; aircraft interfaces; direct manipulation; intelligent cockpit; interface design; intermittent automation; theory","8","81100032930, James A. Ballas; 81100276673, Constance L. Heitmeyer; 81100175306, Manuel A. P&#233;rez-Qui&#241;ones; "
"CHI","92","http://dx.doi.org/10.1145/142750.142772","Iterative design of an interface for easy 3-D direct manipulation","13 ","4","49","628","3-d manipulation; design; evaluation/methodology; handle box; interaction techniques; narrative handles","8","81100628723, Stephanie Houde; "
"CHI","92","http://dx.doi.org/10.1145/142750.142775","Computing for users with special needs and models of computer-human interaction","7 ","2","34","1,047","accessibility; human factors; human-computer interaction; languages; rehabilitation; standardization; theory and methods","6","81406596447, William W. McMillan; "
"CHI","92","http://dx.doi.org/10.1145/142750.142777","Designing usable systems under real-world constraints: a practitioners forum","5 ","2","14","440","aerospace; design process; human factors; organizational issues; usability","4","81100289997, Robert M. Mulligan; 81100228995, Mary Dieli; 81339520181, Jakob Nielsen; 81100102525, Steven Poltrock; 81100491346, Daniel Rosenberg; 81332524968, Susan Erlich Rudman; "
"CHI","92","http://dx.doi.org/10.1145/142750.142778","Prototyping an instructible interface: Moctec","1 ","0","10","142","demonstrational interface; evaluation/methodology; prototyping","2","81100340093, David L. Maulsby; "
"CHI","92","http://dx.doi.org/10.1145/142750.142780","The art of search: a study of art directors","6 ","2","25","522","cognitive models; design; evaluation/methodology; human factors; searching; user interface models; visual problem solving","7","81100369308, Sharon R. Garber; 81100201706, Mitch B. Grunes; "
"CHI","92","http://dx.doi.org/10.1145/142750.142782","Browser-Soar: a computational model of a highly interactive task","19 ","0","16","408","algorithms; cognitive models; design; human factors; interaction styles; training, help, and documentation","8","81100174035, Virginia A. Peck; 81100482886, Bonnie E. John; "
"CHI","92","http://dx.doi.org/10.1145/142750.142785","Towards task models for embedded information retrieval","3 ","0","14","405","algorithms; human factors; plan execution, formation, and generation; planned vs. situated action; theory","8","81100397563, H. Ulrich Hoppe; 81100189805, Franz Schiele; "
"CHI","92","http://dx.doi.org/10.1145/142750.142786","Knowledge-based evaluation as design support for graphical user interfaces","13 ","4","33","920","design; general; human factors; representations; theory and methods; user interface management systems","8","81100003076, Jonas L&#246;wgren; 81100375374, Tommy Nordqvist; "
"CHI","92","http://dx.doi.org/10.1145/142750.142787","Controlling user interface objects through pre- and postconditions","14 ","0","14","293","algorithms; evaluation/methodology; predicates; theory; user interface tools","6","81100491866, Daniel F. Gieskens; 81100302796, James D. Foley; "
"CHI","92","http://dx.doi.org/10.1145/142750.142789","Survey on user interface programming","82 ","14","96","909","design; interaction styles; user interface management systems; user interface tools","8","81100013136, Brad A. Myers; 81335496622, Mary Beth Rosson; "
"CHI","92","http://dx.doi.org/10.1145/142750.142791","Orderable dimensions of visual texture for data display: orientation, size and contrast","6 ","4","25","505","cartography; human factors; texture; theory and methods","7","81100446762, Colin Ware; 81100206698, William Knight; "
"CHI","92","http://dx.doi.org/10.1145/142750.142792","The perceptual structure of multidimensional input device selection","31 ","8","31","608","design; human factors; input devices; integrality; interaction techniques; polhemus tracker; theory","8","81100438120, Robert J. K. Jacob; 81100481248, Linda E. Sibert; "
"CHI","92","http://dx.doi.org/10.1145/142750.142794","Extending Fitts' law to two-dimensional tasks","118 ","27","245","3,295","design; human factors; human performance modeling; input devices and strategies; theory","8","81100367406, I. Scott MacKenzie; 81452616426, William Buxton; "
"CHI","92","http://dx.doi.org/10.1145/142750.142796","When TVs are computers are TVs (panel)","4 ","1","13","479","design; human factors; multimedia design; video","4","81100604755, S. Joy Mountford; 81332516190, Peter Mitchell; 81542496256, Pat O'Hara; 81392615377, Joe Sparks; 81541130556, Max Whitby; "
"CHI","92","http://dx.doi.org/10.1145/142750.142798","Transportable Applications Environment (TAE) Plus user interface designer WorkBench","2 ","0","10","189","aerospace; design tools; human factors; user interface; user interface management systems","2","81100008852, Martha R. Szczur; "
"CHI","92","http://dx.doi.org/10.1145/142750.142800","The art of the obvious","9 ","2","18","447","cognitive simulation; human factors; reading; task analysis; theory and methods; user models","5","81100594492, E. Nygren; 81100540194, M. Lind; 81332507018, M. Johnson; 81100282336, B. Sandblad; "
"CHI","92","http://dx.doi.org/10.1145/142750.142803","A computational model of skilled use of a graphical user interface","13 ","0","17","321","action slips; design; experimentation; human factors; interaction styles; theory and methods","9","81100005173, Muneo Kitajima; 81100564360, Peter G. Polson; "
"CHI","92","http://dx.doi.org/10.1145/142750.142805","A GOMS analysis of a graphic machine-paced, highly interactive task","15 ","0","32","720","cognitive models; games; human factors; interaction styles; theory; video games","8","81100482886, Bonnie E. John; 81100219909, Alonso H. Vera; "
"CHI","92","http://dx.doi.org/10.1145/142750.142806","Coupling application design and user interface design","26 ","9","47","905","automatic user interface design; design; interaction styles; user interfaces","8","81332495428, Dennis J. M. J. de Baar; 81100302796, James D. Foley; 81100325096, Kevin E. Mullet; "
"CHI","92","http://dx.doi.org/10.1145/142750.142808","Workspaces: an architecture for editing collections of objects","9 ","0","9","193","collection editing; editors; interactive software; user interface management systems","6","81410595121, Dan R. Olsen, Jr.; 81392595618, Thomas G. McNeill; 81414606601, David C. Mitchell; "
"CHI","92","http://dx.doi.org/10.1145/142750.142810","Selectors: going beyond user-interface widgets","8 ","2","14","218","design; uims; user interfaces; widgets","7","81100452161, Jeff Johnson; "
"CHI","92","http://dx.doi.org/10.1145/142750.142811","HUSAT&mdash;21 years of HCI: the Human Sciences and Advanced Technology Research Institute","0 ","1","13","278","design; human factors; hypertext/hypermedia","3","81100106518, Brian Shackel; "
"CHI","92","http://dx.doi.org/10.1145/142750.142813","The human-computer technology group at Bellcore","2 ","0","8","160","human factors","2","81100527407, Rita M. Bush; "
"CHI","92","http://dx.doi.org/10.1145/142750.142815","The human factors group at Compaq Computer Corporation","0 ","1","39","242","design; human factors; staffing","2","81392596806, CORPORATE Human Factors Group, Compaq Computer Corp.; "
"CHI","92","http://dx.doi.org/10.1145/142750.142816","Interfaces for consumer products: &ldquo;how to camouflage the computer?&rdquo;","10 ","0","9","540","consumer products; human factors; user interfaces","4","81100173620, Maddy D. Brouwer-Janse; 81100291481, Raymond W. Bennett; 81332497803, Takaya Endo; 81100310450, Floris L. van Nes; 81100607223, Hugo J. Strubbe; 81100045316, Donald R. Gentner; "
"CHI","92","http://dx.doi.org/10.1145/142750.142817","Value bars: an information visualization and navigation tool for multi-attribute listings","19 ","2","32","530","design; human factors; interaction styles","2","81100327060, Richard Chimera; "
"CHI","92","http://dx.doi.org/10.1145/142750.142818","A performance model of system delay and user strategy selection","19 ","0","14","523","design; general; human factors; interface design; strategy selection; user interfaces","11","81100604907, Steven L. Teal; 81100553496, Alexander I. Rudnicky; "
"CHI","92","http://dx.doi.org/10.1145/142750.142821","The precis of Project Ernestine or an overview of a validation of GOMS","31 ","3","36","954","analysis methods; cognitive simulation; empirical studies; human factors; methods for analysis/assessment; protocol analysis; theory; user models","6","81100400779, Wayne D. Gray; 81100482886, Bonnie E. John; 81100571618, Michael E. Atwood; "
"CHI","92","http://dx.doi.org/10.1145/142750.142822","Method engineering: from data to model to practice","4 ","1","7","321","design; human factors; management; user interfaces","8","81100421589, Erik Nilsen; 81332507296, Hee Sen Jong; 81350567367, Judith S. Olson; 81100564360, Peter G. Polson; "
"CHI","92","http://dx.doi.org/10.1145/142750.142824","The decoupled simulation model for virtual reality systems","24 ","2","10","360","artificial, augmented, and virtual realities; human factors; interactive 3d graphics; user interface software","8","81100396860, Chris Shaw; 81332512334, Jiandong Liang; 81339501983, Mark Green; 81100448523, Yunqi Sun; "
"CHI","92","http://dx.doi.org/10.1145/142750.142825","Interactive simulation in a multi-person virtual world","22 ","2","17","480","artificial, augmented, and virtual realities; dialog manager; human factors; interactive simulation; user interface management systems; virtual worlds","6","81100367356, Christopher Codella; 81100289165, Reza Jalili; 81100352597, Lawrence Koved; 81341493272, J. Bryan Lewis; 81100159242, Daniel T. Ling; 81100198109, James S. Lipscomb; 81100513668, David A. Rabenhorst; 81332534260, Chu P. Wang; 81100065198, Alan Norton; 81100202021, Paula Sweeney; 81100457973, Greg Turk; "
"CHI","92","http://dx.doi.org/10.1145/142750.142828","The abstraction-link-view paradigm: using constraints to connect user interfaces to applications","34 ","2","14","453","constraints; dialog independence; languages; user interface management systems","8","81100454732, Ralph D. Hill; "
"CHI","92","http://dx.doi.org/10.1145/142750.142829","Grace meets the &ldquo;real world&rdquo;: tutoring COBOL as a second language","1 ","0","7","210","cobol; expert/novice differences; human factors; interaction styles; situated learning; task analysis","8","81100347267, Rob Radlinski; 81100095017, Jean McKendree; "
"CHI","92","http://dx.doi.org/10.1145/142750.142830","Evocative agents and multi-media interface design","9 ","1","11","326","computer-assisted instruction; design; foreign language learning; human factors; languages","6","81100466442, Beth Adelson; "
"CHI","92","http://dx.doi.org/10.1145/142750.142831","Graphic StoryWriter: an interactive environment for emergent storytelling","11 ","1","25","593","computer-assisted instruction; educational software; human factors; story grammars","8","81100630561, Karl E. Steiner; 81100538646, Thomas G. Moher; "
"CHI","92","http://dx.doi.org/10.1145/142750.142832","Toward a more humane keyboard","1 ","0","10","676","data terminals and printers; ergonomics; human factors","4","81100026410, William Hargreaves; 81100420778, David Rempel; 81100534157, Nachman Halpern; 81100456781, Robert Markison; 81332510040, Karl Kroemer; 81332505988,  Ing; 81100174972, Jack Litewka; "
"CHI","92","http://dx.doi.org/10.1145/142750.142833","TreeViz: treemap visualization of hierarchically structured information","7 ","3","50","471","decision support; human factors; user interfaces","2","81542338656, Brian Johnson; "
"CHI","92","http://dx.doi.org/10.1145/142750.142834","Finding usability problems through heuristic evaluation","122 ","80","633","8,286","design; evaluation/methodology; input devices and strategies; interface evaluation; telephone-operated interfaces; usability problems","8","81339520181, Jakob Nielsen; "
"CHI","92","http://dx.doi.org/10.1145/142750.142864","Applying cognitive walkthroughs to more complex user interfaces: experiences, issues, and recommendations","30 ","9","131","2,306","cognitive simulation; design; group walkthroughs; human factors; theory; usability inspection method","8","81332535037, Cathleen Wharton; 81100304435, Janice Bradford; 81332506629, Robin Jeffries; 81100189439, Marita Franzke; "
"CHI","92","http://dx.doi.org/10.1145/142750.142869","The cognitive jogthrough: a fast-paced user interface evaluation procedure","16 ","14","72","2,296","chemistry; design methodologies; human factors; structured walkthroughs","7","81100264230, David E. Rowley; 81100413246, David G. Rhoades; "
"CHI","92","http://dx.doi.org/10.1145/142750.142873","Comparison of empirical testing and walkthrough methods in user interface evaluation","69 ","28","240","4,210","cost-effectiveness; empirical testing; human factors; performance; scenarios; walkthroughs","8","81332507969, Claire-Marie Karat; 81332492056, Robert Campbell; 81332498694, Tarra Fiegel; "
"CHI","92","http://dx.doi.org/10.1145/142750.142876","One dimensional motion tailoring for the disabled: a user study","3 ","1","14","304","design; evaluation/methodology; handicapped; human factors; performance","7","81100493478, Randy Pausch; 81100387374, Laura Vogtle; 81100102259, Matthew Conway; "
"CHI","92","http://dx.doi.org/10.1145/142750.142877","Working with audio: integrating personal tape recorders and desktop computers","32 ","1","25","491","audio browsing; audio interfaces; design process; input devices and strategies; multi-media; user observation","6","81392593485, Leo Degen; 81100182411, Richard Mander; 81408600569, Gitta Salomon; "
"CHI","92","http://dx.doi.org/10.1145/142750.142881","Skip and scan: cleaning up telephone interface","21 ","2","17","543","audiotex; evaluation/methodology; human factors; interactive voice response; performance; semi-structure","8","81100225915, Paul Resnick; 81100352158, Robert A. Virzi; "
"CHI","92","http://dx.doi.org/10.1145/142750.142883","Designing collaborative, knowledge-building environments for tomorrow's schools","1 ","0","15","460","collaborative learning; education; group and organization interfaces; knowledge-building; user interfaces","4","81544892656, Anne Nicol Thomas; 81384617994, James Pellegrino; 81100264234, Peter Rowley; 81100298087, Marlene Scardamalia; 81332528788, Elliot Soloway; 81332534432, Jim Webb; "
"CHI","92","http://dx.doi.org/10.1145/142750.142886","Integrated data capture and analysis tools for research and testing on graphical user interfaces","15 ","4","30","706","data filtering; evaluation/methodology; event capture; input devices and strategies; performance; video","2","81100509469, Monty L. Hammontree; 81332503731, Jeffrey J. Hendrickson; 81100566250, Billy W. Hensley; "
"CHI","92","http://dx.doi.org/10.1145/142750.142889","Multimedia help: a prototype and an experiment","7 ","0","14","252","animated help; evaluation/methodology; experimentation; multimedia experiment; on-line help; user performance","2","81100025749, Piyawadee Sukaviriya; 81537443556, Ellen Isaacs; 81100567677, Krishna Bharat; "
"CHI","92","http://dx.doi.org/10.1145/142750.142892","Sci-fi at CHI: Cyberpunk novelists predict future user interfaces","1 ","3","23","435","artificial, augmented, and virtual realities; evaluation/methodology; human factors; theory and methods","3","81100583778, Aaron Marcus; 81100063003, Donald A. Norman; 81100172204, Rudy Rucker; 81100509032, Bruce Sterling; 81100561675, Vernor Vinge; "
"CHI","92","http://dx.doi.org/10.1145/142750.142895","Participatory design of a portable torque-feedback device","5 ","3","14","376","artificial, augmented, and virtual realities; design; force feedback; molecular modeling; presence; theory and models","8","81100090422, Michael Good; "
"CHI","92","http://dx.doi.org/10.1145/142750.142897","User centered development of a general practice medical workstation: the PEN&amp;PAD experience","2 ","1","8","383","design; human factors; interaction styles; methodology; user centred","7","81100613804, A. L. Rector; 81100575071, B. Horan; 81332498518, M. Fitter; 81100544503, S. Kay; 81100199548, P. D. Newton; 81100555212, W. A. Nowlan; 81332523823, D. Robinson; 81332535529, A. Wilson; "
"CHI","92","http://dx.doi.org/10.1145/142750.142898","Retrospective on a year of participatory design using the PICTIVE technique","34 ","3","65","1,467","assessment; design methodology; graphical user interface; human factors; management; performance","8","81332517372, Michael J. Muller; "
"CHI","92","http://dx.doi.org/10.1145/142750.142900","Evolving task oriented systems","5 ","1","7","249","bottom-up methods; decision support; design methods; graphical interfaces; human factors; task analysis","7","81332526436, Paul Seaton; 81418597742, Tom Stewart; "
"CHI","92","http://dx.doi.org/10.1145/142750.142902","A visit to a very small database: lessons from managing the review of papers submitted for CHI'91","0 ","0","12","219","databases; design methodologies; management; systems development","8","81100642568, John Rieman; 81452615178, Susan Davies; 81332523954, Jonathan Roberts; "
"CHI","92","http://dx.doi.org/10.1145/142750.142904","Designing theory-based systems: a case study","1 ","0","7","299","cognitive models; cognitive simulation; design; human factors; system design; theory","10","81332528115, John B. Smith; 81100154971, Marcy Lansman; "
"CHI","92","http://dx.doi.org/10.1145/142750.142905","Towards a model of cognitive process in logical design: comparing object-oriented and traditional functional decomposition software methodologies","11 ","1","30","764","cognitive simulation; functional decomposition; methodologies; rule induction","10","81406599725, Jinwoo Kim; 81100223021, F. Javier Lerch; "
"CHI","92","http://dx.doi.org/10.1145/142750.142908","Requirements and design of DesignVision and object-oriented graphical interface to an intelligent software design assistant","7 ","1","12","266","computer-aided software engineering; design methodology; design tools; models of user","8","81329489045, Raymonde Guindon; "
"CHI","92","http://dx.doi.org/10.1145/142750.142912","Facilitating the exploration of interface design alternatives: the HUMANOID model of interface design","44 ","1","18","456","design; development tools and methods; interaction styles; rapid prototyping; user interface management systems","9","81100625746, Pedro Szekely; 81100416055, Ping Luo; 81327490788, Robert Neches; "
"CHI","92","http://dx.doi.org/10.1145/142750.142915","The MidasPlus molecular modeling system","0 ","0","8","176","application packages; design","2","81100023946, Thomas Ferrin; 81100083250, Conrad Huang; 81100436562, Gregory Couch; 81430662578, Eric Pettersen; 81100211094, Robert Langridge; "
"CHI","92","http://dx.doi.org/10.1145/142750.142918","Simulation-based learning systems: prototypes and experiences","0 ","0","6","186","applications and expert systems; computer-assisted instruction; human factors; training, help, and documentation","2","81100415222, Arthur James; 81452612201, James C. Spohrer; "
"CHI","92","http://dx.doi.org/10.1145/142750.142977","ClearBoard: a seamless medium for shared drawing and conversation with eye contact","110 ","17","135","1,796","design; human factors; synchronous interaction","8","81100363076, Hiroshi Ishii; 81100604089, Minoru Kobayashi; "
"CHI","92","http://dx.doi.org/10.1145/142750.142980","Spatial workspace collaboration: a SharedView video support system for remote collaboration capability","34 ","6","59","570","cscw; experimentation; human factors; organizational design; spatial workspace collaboration; video","8","81100072975, Hideaki Kuzuoka; "
"CHI","92","http://dx.doi.org/10.1145/142750.142982","Portholes: supporting awareness in a distributed work group","284 ","11","112","2,608","awareness; cscw; distributed workgroups; informal interaction; organizational design; theory and models; video","7","81100521529, Paul Dourish; 81100274421, Sara Bly; "
"CHI","92","http://dx.doi.org/10.1145/142750.142984","A method for (recruiting) methods: facilitating human factors input to system design","4 ","3","34","631","design; human factors; human factors system design cycle; systems analysis and design","8","81538713556, K. Y. Lim, Ergonomics Unit, University College, London, UK; 81100466738, J. B. Long, Ergonomics Unit, University College, London, UK; "
"CHI","92","http://dx.doi.org/10.1145/142750.142986","Teaching experienced developers to design graphical user interfaces","8 ","1","22","1,076","design; evaluation/methodology; gui; human factors; interaction styles; pictive; transfer of skill","8","81339520181, Jakob Nielsen; 81100527407, Rita M. Bush; 81100070160, Tom Dayton; 81332516718, Nancy E. Mond; 81332517372, Michael J. Muller; 81100201167, Robert W. Root; "
"CHI","92","http://dx.doi.org/10.1145/142750.142989","Integrating human factors on a large scale: product usability champions","11 ","1","38","598","centralized usability resources; consulting; human factors; management; software development; usability toolkit","6","81100437367, Deborah Mrazek; 81332522247, Michael Rafeld; "
"CHI","92","http://dx.doi.org/10.1145/142750.142991","Overview of the institute for research on learning","0 ","0","10","397","cognitive simulation; design; ethnographic analysis; human factors; laboratory overview; participatory design; theory","2","81409598566, William J. Clancey; "
"CHI","92","http://dx.doi.org/10.1145/142750.142995","CHI in Australia","1 ","0","7","205","computer and information science education; human factors; user interfaces","2","81406600078, S. Howard; 81332507791, I. Kaplan; 81100447814, G. Lindgaard; "
"CHI","92","http://dx.doi.org/10.1145/142750.142998","The institute for perception research IPO, a joint venture of Philips Electronics and Eindhoven University of Technology","0 ","1","19","467","human factors; user/machine systems","2","81100310450, F. L. van Nes; 81332490693, H. Bouma; 81100173620, M. D. Brouwer-Janse; "
"CHI","92","http://dx.doi.org/10.1145/142750.143003","YAPO: yet another preview ODA","0 ","0","9","141","documentation; oda; standardization","3","81392615221, M. A. Apollonio; 81392603250, G. Colasante; 81392601985, P. G. De Luca; 81392590921, A. Diana; 81100606678, A. Gisotti; "
"CHI","92","http://dx.doi.org/10.1145/142750.143007","A desk supporting computer-based interaction with paper documents","61 ","5","62","1,079","design; desktop; document recognition; human factors; input devices and strategies; interaction technique; workstation","6","81406594598, William Newman; 81100048413, Pierre Wellner; "
"CHI","92","http://dx.doi.org/10.1145/142750.143011","Object-oriented video: interaction with real-world objects through live video","15 ","13","104","849","direct manipulation; interaction styles; live video; video","6","81100242853, Masayuki Tani; 81310502502, Kimiya Yamaashi; 81100477214, Koichiro Tanikoshi; 81100381505, Masayasu Futakawa; 81392614044, Shinya Tanifuji; "
"CHI","92","http://dx.doi.org/10.1145/142750.143052","Liveboard: a large interactive display supporting group meetings, presentations, and remote collaboration","138 ","22","140","2,239","collaboration; cordless stylus; evaluation/methodology; group work; input devices and strategies; interactive display","9","81100128848, Scott Elrod; 81539499856, Richard Bruce; 81332501009, Rich Gold; 81410594782, David Goldberg; 81100332524, Frank Halasz; 81100599755, William Janssen; 81414592807, David Lee; 81100517815, Kim McCall; 81100100004, Elin Pedersen; 81414606561, Ken Pier; 81405592014, John Tang; 81546949056, Brent Welch; "
"CHI","92","http://dx.doi.org/10.1145/142750.143053","Interactive constraint-based search and replace","16 ","0","11","314","constraint specification; documentation; graphical editing; human factors; interaction techniques","10","81100041571, David Kurlander; 81100427474, Steven Feiner; "
"CHI","92","http://dx.doi.org/10.1145/142750.143054","Dynamic queries for information exploration: an implementation and evaluation","142 ","13","94","1,680","design; human factors; interaction styles; performance","8","81100128783, Christopher Ahlberg; 81332535487, Christopher Williamson; 81100146468, Ben Shneiderman; "
"CHI","92","http://dx.doi.org/10.1145/142750.143055","A &ldquo;pile&rdquo; metaphor for supporting casual organization of information","79 ","2","52","1,568","design process; end-user programming; human factors; information visualization; interface design; pile metaphor","8","81100182411, Richard Mander; 81408600569, Gitta Salomon; 81332536390, Yin Yin Wong; "
"CHI","92","http://dx.doi.org/10.1145/142750.143058","HCI standards on trial: you be the jury","0 ","0","8","280","human factors; interaction styles; standards","4","81332526130, Jaclyn R. Schrier; 81100005001, Evelyn L. Williams; 81100064047, Kevin S. MacDonell; 81332520700, Larry A. Peterson; 81100435358, Paulien F. Strijland; 81100478606, Anna M. Wichansky; 81332535753, James R. Williams; "
"CHI","92","http://dx.doi.org/10.1145/142750.143060","The Ircam Signal Processing Workstation prototyping environment","0 ","0","11","209","computer music; graphic programming; music; rapid prototyping; signal processing","2","81100461531, M. De Cecco; 81100438840, E. Lindeman; 81332522084, M. Puckette; "
"CHI","92","http://dx.doi.org/10.1145/142750.143063","Building user interfaces interactively using pre- and postconditions","3 ","0","8","152","design; evaluation/methodology; interaction styles; user interface management systems","2","81100370703, Martin R. Frank; 81100136673, J. J. de Graaff; 81100491866, Daniel F. Gieskens; 81100302796, James D. Foley; "
"CHI","92","http://dx.doi.org/10.1145/142750.143065","MMM: The multi-device multi-user multi-editor","5 ","1","20","332","human factors; synchronous interaction","2","81100084142, Eric A. Bier; 81100277535, Steve Freeman; 81342507475, Ken Pier; "
"CHI","92","http://dx.doi.org/10.1145/142750.143067","A case study of a multimedia co-working task and the resulting interface design of a collaborative communication tool","1 ","0","8","211","computer conferencing, teleconferencing, and videoconferencing; human factors; video","2","81332524082, Amanda Ropa; 81100415855, Bengt Ahlstr&#246;m; "
"CHI","92","http://dx.doi.org/10.1145/142750.143070","Using spatial cues to improve videoconferencing","49 ","5","50","582","computer conferencing, teleconferencing, and videoconferencing; human factors; synchronous interaction","2","81100309669, Abigail Sellen; 81452616426, Bill Buxton; 81100117616, John Arnott; "
"CHI","92","http://dx.doi.org/10.1145/142750.143072","Combining gestures and direct manipulation","15 ","9","56","682","human factors; interaction styles","2","81100497451, Dean Rubine; "
"CHI","92","http://dx.doi.org/10.1145/142750.143074","Briar: a constraint-based drawing program","9 ","1","10","222","constraints; direct manipulation; interaction styles; paint systems","2","81100342764, Michael Gleicher; "
"CHI","92","http://dx.doi.org/10.1145/142750.143075","An introduction to Zeus: audiovisualization of some elementary sequential and parallel sorting algorithms","3 ","0","9","196","algorithms; languages; testing and debugging","2","81332491195, Marc H. Brown; "
"CHI","92","http://dx.doi.org/10.1145/142750.143078","Pointing and visualization","0 ","0","5","195","graphical user interface; input devices and strategies; interface mechanisms; visual attention","2","81100454370, William C. Hill; 81332504463, James D. Hollan; "
"CHI","92","http://dx.doi.org/10.1145/142750.143079","Touchscreen toggle design","4 ","0","24","511","design; human factors; interaction styles","2","81100041782, Catherine Plaisant; 81538309056, Daniel Wallace; "
"CHI","92","http://dx.doi.org/10.1145/142750.143082","Dynamic queries: database searching by direct manipulation","1 ","3","19","373","human factors; interaction styles","2","81100146468, Ben Shneiderman; 81332535487, Christopher Williamson; 81100128783, Christopher Ahlberg; "
"CHI","92","http://dx.doi.org/10.1145/142750.150709","The AT&amp;T display construction set user interface management system (UIMS)","2 ","0","7","175","design; human factors; x-window","2","81392594030, Joseph P. Rotella; 81392611646, Amy L. Bowman; 81392591917, Catherine A. Wittman; "
"CHI","92","http://dx.doi.org/10.1145/142750.150710","Interface support for Comet: a knowledge-based software reuse environment","0 ","0","8","146","design; modules and interfaces; user interfaces","2","81100587029, Sherman Tyler; 81100510774, Jon Schlossberg; "
"CHI","92","http://dx.doi.org/10.1145/142750.150711","A window system with leafing through mode: BookWindow","3 ","0","12","264","human factors; interaction styles","2","81100405328, Kyoichi Arai; 81100100957, Teruo Yokoyama; 81100190708, Yutaka Matsushita; "
"CHI","92","http://dx.doi.org/10.1145/142750.150712","In search of the ideal prototype","3 ","0","12","365","design; rapid prototyping","3","81332517227, Richard Mu&#241;oz; 81100531611, Harold H. Miller-Jacobs; "
"CHI","92","http://dx.doi.org/10.1145/142750.150713","The Rapport multimedia communication system (demonstration)","2 ","0","14","183","computer conferencing, teleconferencing, and videoconferencing; synchronous interaction","2","81341489991, J. R. Ensor; 81100608920, S. R. Ahuja; 81392604782, R. B. Connaghan; 81392591816, M. Pack; 81100194989, D. D. Seligmann; "
"CHI","92","http://dx.doi.org/10.1145/142750.150714","Multi-modal natural dialogue","5 ","1","13","235","human factors; input devices and strategies","2","81100401727, Kristinn R. Thorisson; 81100026665, David B. Koons; 81100653961, Richard A. Bolt; "
"CHI","92","http://dx.doi.org/10.1145/142750.150715","Wordspotting for voice editing and audio indexing","9 ","0","14","316","audio input/output; human factors; speech recognition and synthesis","2","81100286070, Lynn Wilcox; 81332528415, Ian Smith; 81332491720, Marcia Bush; "
